"報告年度:2023","議題:功能性委員會"
"公司代號","公司名稱","薪酬委員會席次(席)-薪酬委員會席次(席)","薪酬委員會獨立董事席次(席)-薪酬委員會獨立董事席次(席)","薪酬委員會出席率-薪酬委員會出席率","審計委員會席次(席)-審計委員會席次(席)","審計委員會出席率-審計委員會出席率"
"=""1101""","台泥","5","5","100.00%","5","100.00%"
"=""1102""","亞泥","3","2","100.00%","5","100.00%"
"=""1103""","嘉泥","3","2","100.00%","3","95.24%"
"=""1104""","環泥","4","3","100.00%","4","100.00%"
"=""1108""","幸福","3","2","100.00%","3","100.00%"
"=""1109""","信大","3","2","100.00%","3","100.00%"
"=""1110""","東泥","3","3","100.00%","3","100.00%"
"=""1201""","味全","3","3","100.00%","3","100.00%"
"=""1203""","味王","3","2","100.00%","3","93.33%"
"=""1210""","大成","3","3","100.00%","3","100.00%"
"=""1213""","大飲","3","3","100.00%","3","100.00%"
"=""1215""","卜蜂","3","3","100.00%","3","100.00%"
"=""1216""","統一","4","4","100.00%","4","100.00%"
"=""1217""","愛之味","3","3","66.67%","3","80.00%"
"=""1218""","泰山","3","3","100.00%","3","100.00%"
"=""1219""","福壽","3","3","100.00%","3","100.00%"
"=""1220""","台榮","3","2","100.00%","3","94.00%"
"=""1225""","福懋油","3","3","100.00%","3","100.00%"
"=""1227""","佳格","3","3","83.00%","4","94.00%"
"=""1229""","聯華","3","2","100.00%","2","92.31%"
"=""1231""","聯華食","3","3","100.00%","3","100.00%"
"=""1232""","大統益","3","3","100.00%","3","100.00%"
"=""1233""","天仁","3","3","100.00%","3","100.00%"
"=""1234""","黑松","3","3","100.00%","3","94.44%"
"=""1235""","興泰","3","3","100.00%","3","100.00%"
"=""1236""","宏亞","4","4","90.00%","4","95.00%"
"=""1256""","鮮活果汁-KY","3","3","100.00%","3","100.00%"
"=""1301""","台塑","4","4","100.00%","4","100.00%"
"=""1303""","南亞","3","3","100.00%","3","100.00%"
"=""1304""","台聚","4","4","100.00%","4","100.00%"
"=""1305""","華夏","3","3","100.00%","3","75.00%"
"=""1307""","三芳","3","2","93.00%","3","100.00%"
"=""1308""","亞聚","3","3","100.00%","4","94.00%"
"=""1309""","台達化","3","3","100.00%","4","93.75%"
"=""1310""","台苯","4","4","100.00%","4","92.86%"
"=""1312""","國喬","2","2","100.00%","2","100.00%"
"=""1313""","聯成","3","3","100.00%","3","100.00%"
"=""1314""","中石化","3","2","100.00%","3","100.00%"
"=""1315""","達新","3","3","100.00%","3","100.00%"
"=""1316""","上曜","3","3","100.00%","4","100.00%"
"=""1319""","東陽","3","3","100.00%","3","100.00%"
"=""1321""","大洋","4","4","100.00%","4","100.00%"
"=""1323""","永裕","3","2","100.00%","4","100.00%"
"=""1324""","地球","3","3","100.00%","3","100.00%"
"=""1325""","恆大","3","3","100.00%","4","100.00%"
"=""1326""","台化","3","3","83.33%","3","93.33%"
"=""1337""","再生-KY","3","3","100.00%","3","100.00%"
"=""1338""","廣華-KY","3","3","100.00%","3","95.83%"
"=""1339""","昭輝","4","4","91.67%","4","93.75%"
"=""1340""","勝悅-KY","3","3","100.00%","3","100.00%"
"=""1341""","富林-KY","3","3","100.00%","3","100.00%"
"=""1342""","八貫","3","3","91.00%","3","94.00%"
"=""1402""","遠東新","3","2","100.00%","3","100.00%"
"=""1409""","新纖","3","3","100.00%","3","100.00%"
"=""1410""","南染","3","3","100.00%","4","95.00%"
"=""1413""","宏洲","3","3","100.00%","4","90.00%"
"=""1414""","東和","3","2","100.00%","3","100.00%"
"=""1416""","廣豐","3","3","100.00%","3","100.00%"
"=""1417""","嘉裕","3","3","100.00%","3","100.00%"
"=""1418""","東華","3","3","83.33%","3","91.67%"
"=""1419""","新紡","3","2","94.44%","3","100.00%"
"=""1423""","利華","3","3","100.00%","3","100.00%"
"=""1432""","大魯閣","3","3","100.00%","4","92.85%"
"=""1434""","福懋","3","3","100.00%","3","100.00%"
"=""1435""","中福","3","3","100.00%","3","100.00%"
"=""1436""","華友聯","3","3","100.00%","4","100.00%"
"=""1437""","勤益控","4","3","100.00%","4","100.00%"
"=""1438""","三地開發","3","3","100.00%","3","100.00%"
"=""1439""","雋揚","3","3","100.00%","3","89.00%"
"=""1440""","南紡","4","4","100.00%","4","100.00%"
"=""1441""","大東","3","3","95.24%","4","100.00%"
"=""1442""","名軒","3","3","100.00%","3","95.83%"
"=""1443""","立益物流","0","3","100.00%","3","93.33%"
"=""1444""","力麗","3","3","100.00%","3","96.30%"
"=""1445""","大宇","3","3","83.33%","3","92.67%"
"=""1446""","宏和","3","3","100.00%","3","100.00%"
"=""1447""","力鵬","3","3","88.89%","3","95.83%"
"=""1449""","佳和","3","3","100.00%","3","100.00%"
"=""1451""","年興","3","2","100.00%","3","94.44%"
"=""1452""","宏益","3","3","100.00%","3","100.00%"
"=""1453""","大將","3","3","88.89%","3","94.44%"
"=""1454""","台富","4","4","100.00%","4","100.00%"
"=""1455""","集盛","3","3","100.00%","3","91.67%"
"=""1456""","怡華","3","3","100.00%","4","100.00%"
"=""1457""","宜進","3","3","100.00%","3","85.18%"
"=""1459""","聯發","3","3","100.00%","3","94.44%"
"=""1460""","宏遠","3","2","100.00%","3","83.33%"
"=""1463""","強盛","3","2","100.00%","3","100.00%"
"=""1464""","得力","3","2","100.00%","4","100.00%"
"=""1465""","偉全","3","2","100.00%","4","83.33%"
"=""1466""","聚隆","3","3","100.00%","4","100.00%"
"=""1467""","南緯","3","3","100.00%","3","100.00%"
"=""1468""","昶和","3","3","100.00%","4","100.00%"
"=""1470""","大統新創","4","4","90.00%","4","95.45%"
"=""1471""","首利","3","3","100.00%","3","91.67%"
"=""1472""","三洋實業","3","3","100.00%","3","100.00%"
"=""1473""","台南","3","3","100.00%","3","91.67%"
"=""1474""","弘裕","3","2","100.00%","3","100.00%"
"=""1475""","業旺","3","3","100.00%","3","100.00%"
"=""1476""","儒鴻","3","2","100.00%","4","100.00%"
"=""1477""","聚陽","3","3","100.00%","4","100.00%"
"=""1503""","士電","3","3","100.00%","3","100.00%"
"=""1504""","東元","5","4","100.00%","4","100.00%"
"=""1506""","正道","3","3","100.00%","3","100.00%"
"=""1512""","瑞利","3","2","100.00%","3","100.00%"
"=""1513""","中興電","3","3","100.00%","3","100.00%"
"=""1514""","亞力","3","3","100.00%","3","93.33%"
"=""1515""","力山","4","3","100.00%","3","100.00%"
"=""1516""","川飛","3","2","100.00%","3","100.00%"
"=""1517""","利奇","3","3","100.00%","3","100.00%"
"=""1519""","華城","4","4","100.00%","0","0.00%"
"=""1521""","大億","3","3","100.00%","3","100.00%"
"=""1522""","堤維西","3","2","100.00%","3","86.67%"
"=""1524""","耿鼎","4","4","75.00%","4","75.00%"
"=""1525""","江申","3","3","100.00%","3","100.00%"
"=""1526""","日馳","3","3","100.00%","4","100.00%"
"=""1527""","鑽全","3","3","100.00%","3","100.00%"
"=""1528""","恩德","3","3","100.00%","3","100.00%"
"=""1529""","樂事綠能","3","2","100.00%","3","83.64%"
"=""1530""","亞崴","4","4","100.00%","4","94.12%"
"=""1531""","高林股","4","100","100.00%","4","100.00%"
"=""1532""","勤美","3","3","100.00%","3","100.00%"
"=""1533""","車王電","3","3","100.00%","4","100.00%"
"=""1535""","中宇","3","3","83.33%","3","88.89%"
"=""1536""","和大","4","4","100.00%","4","92.86%"
"=""1537""","廣隆","3","2","100.00%","3","100.00%"
"=""1538""","正峰","4","4","100.00%","4","94.28%"
"=""1539""","巨庭","3","3","100.00%","3","100.00%"
"=""1540""","喬福","3","3","100.00%","3","100.00%"
"=""1541""","錩泰","4","4","100.00%","4","100.00%"
"=""1558""","伸興","3","3","88.89%","3","100.00%"
"=""1560""","中砂","3","3","100.00%","3","100.00%"
"=""1563""","巧新","3","3","100.00%","4","100.00%"
"=""1568""","倉佑","3","3","100.00%","3","100.00%"
"=""1582""","信錦","3","3","100.00%","4","100.00%"
"=""1583""","程泰","4","4","90.00%","4","93.75%"
"=""1587""","吉茂","4","4","100.00%","4","100.00%"
"=""1589""","永冠-KY","4","4","100.00%","4","100.00%"
"=""1590""","亞德客-KY","4","4","100.00%","4","95.83%"
"=""1597""","直得","4","4","100.00%","4","100.00%"
"=""1598""","岱宇","4","4","100.00%","4","97.00%"
"=""1603""","華電","3","3","100.00%","3","100.00%"
"=""1604""","聲寶","3","3","100.00%","3","91.67%"
"=""1605""","華新","4","4","100.00%","4","100.00%"
"=""1608""","華榮","3","3","88.89%","3","100.00%"
"=""1609""","大亞","4","4","100.00%","4","92.86%"
"=""1611""","中電","3","3","100.00%","3","88.89%"
"=""1612""","宏泰","3","3","83.33%","3","100.00%"
"=""1614""","三洋電","3","2","100.00%","3","100.00%"
"=""1615""","大山","3","3","100.00%","4","92.50%"
"=""1616""","億泰","3","3","100.00%","3","91.67%"
"=""1617""","榮星","3","2","100.00%","3","91.67%"
"=""1618""","合機","3","3","100.00%","3","100.00%"
"=""1626""","艾美特-KY","4","4","100.00%","4","100.00%"
"=""1702""","南僑","3","2","100.00%","3","100.00%"
"=""1707""","葡萄王","3","3","100.00%","4","100.00%"
"=""1708""","東鹼","3","2","100.00%","3","100.00%"
"=""1709""","和益","3","3","88.90%","4","70.00%"
"=""1710""","東聯","3","2","83.00%","3","92.00%"
"=""1711""","永光","3","3","100.00%","3","100.00%"
"=""1712""","興農","3","3","88.89%","3","94.44%"
"=""1713""","國化","3","3","100.00%","3","100.00%"
"=""1714""","和桐","3","3","100.00%","3","100.00%"
"=""1717""","長興","4","4","100.00%","4","100.00%"
"=""1718""","中纖","3","3","100.00%","3","100.00%"
"=""1720""","生達","3","3","100.00%","4","100.00%"
"=""1721""","三晃","3","3","100.00%","3","100.00%"
"=""1722""","台肥","3","2","93.34%","3","100.00%"
"=""1723""","中碳","3","3","100.00%","3","94.00%"
"=""1725""","元禎","2","1","83.33%","3","90.00%"
"=""1726""","永記","3","3","100.00%","3","100.00%"
"=""1727""","中華化","4","4","100.00%","4","100.00%"
"=""1730""","花仙子","3","3","93.33%","3","94.44%"
"=""1731""","美吾華","4","4","100.00%","4","92.86%"
"=""1732""","毛寶","3","3","89.00%","4","86.00%"
"=""1733""","五鼎","4","4","100.00%","4","100.00%"
"=""1734""","杏輝","3","2","100.00%","3","100.00%"
"=""1735""","日勝化","3","3","100.00%","3","100.00%"
"=""1736""","喬山","3","2","100.00%","4","100.00%"
"=""1737""","臺鹽","3","2","100.00%","3","100.00%"
"=""1752""","南光","3","3","100.00%","4","100.00%"
"=""1760""","寶齡富錦","3","3","100.00%","3","100.00%"
"=""1762""","中化生","3","3","100.00%","3","100.00%"
"=""1773""","勝一","4","4","100.00%","4","94.44%"
"=""1776""","展宇","3","3","100.00%","3","100.00%"
"=""1783""","和康生","3","3","100.00%","3","94.00%"
"=""1786""","科妍","3","3","100.00%","3","100.00%"
"=""1789""","神隆","5","5","100.00%","5","100.00%"
"=""1795""","美時","3","3","100.00%","3","100.00%"
"=""1802""","台玻","3","2","100.00%","3","91.67%"
"=""1805""","寶徠","3","3","88.89%","3","95.24%"
"=""1806""","冠軍","3","3","100.00%","3","100.00%"
"=""1808""","潤隆","3","2","100.00%","3","94.44%"
"=""1809""","中釉","3","3","100.00%","3","100.00%"
"=""1810""","和成","3","2","83.33%","3","83.33%"
"=""1817""","凱撒衛","4","4","100.00%","4","100.00%"
"=""1903""","士紙","3","3","100.00%","3","83.33%"
"=""1904""","正隆","3","3","100.00%","3","100.00%"
"=""1905""","華紙","3","3","100.00%","3","100.00%"
"=""1906""","寶隆","3","3","100.00%","3","100.00%"
"=""1907""","永豐餘","4","4","100.00%","4","100.00%"
"=""1909""","榮成","3","3","100.00%","3","100.00%"
"=""2002""","中鋼","5","3","100.00%","3","100.00%"
"=""2006""","東和鋼鐵","3","2","100.00%","3","100.00%"
"=""2007""","燁興","3","3","83.33%","3","95.83%"
"=""2008""","高興昌","3","3","100.00%","3","100.00%"
"=""2009""","第一銅","3","3","83.33%","3","91.67%"
"=""2010""","春源","3","3","100.00%","3","100.00%"
"=""2012""","春雨","3","3","100.00%","3","3.00%"
"=""2013""","中鋼構","3","3","100.00%","3","100.00%"
"=""2014""","中鴻","3","3","100.00%","3","100.00%"
"=""2015""","豐興","3","3","91.67%","3","93.33%"
"=""2017""","官田鋼","3","3","100.00%","3","100.00%"
"=""2020""","美亞","3","3","100.00%","3","100.00%"
"=""2022""","聚亨","3","3","83.33%","3","95.24%"
"=""2023""","燁輝","3","3","100.00%","3","100.00%"
"=""2024""","志聯","3","2","100.00%","2","100.00%"
"=""2025""","千興","3","2","100.00%","3","95.00%"
"=""2027""","大成鋼","3","3","100.00%","4","96.50%"
"=""2028""","威致","4","4","100.00%","4","100.00%"
"=""2029""","盛餘","3","2","100.00%","3","100.00%"
"=""2030""","彰源","3","3","100.00%","3","100.00%"
"=""2031""","新光鋼","4","4","100.00%","4","100.00%"
"=""2032""","新鋼","3","3","100.00%","3","100.00%"
"=""2033""","佳大","3","3","100.00%","3","91.67%"
"=""2034""","允強","4","4","100.00%","4","100.00%"
"=""2038""","海光","3","3","100.00%","4","100.00%"
"=""2049""","上銀","3","3","100.00%","3","100.00%"
"=""2059""","川湖","4","4","100.00%","4","100.00%"
"=""2062""","橋椿","3","3","100.00%","4","100.00%"
"=""2069""","運錩","3","3","100.00%","4","100.00%"
"=""2101""","南港","3","3","100.00%","3","93.33%"
"=""2102""","泰豐","3","3","77.78%","3","95.24%"
"=""2103""","台橡","3","3","100.00%","3","100.00%"
"=""2104""","國際中橡","3","3","100.00%","4","92.00%"
"=""2105""","正新","3","2","100.00%","3","100.00%"
"=""2106""","建大","3","2","100.00%","3","94.44%"
"=""2107""","厚生","3","2","92.86%","2","93.33%"
"=""2108""","南帝","4","4","100.00%","4","100.00%"
"=""2109""","華豐","3","3","83.33%","3","95.00%"
"=""2114""","鑫永銓","3","3","100.00%","3","100.00%"
"=""2115""","六暉-KY","3","3","100.00%","3","100.00%"
"=""2201""","裕隆","3","3","100.00%","3","100.00%"
"=""2204""","中華","3","3","100.00%","3","100.00%"
"=""2206""","三陽工業","4","4","100.00%","4","100.00%"
"=""2207""","和泰車","3","3","100.00%","3","100.00%"
"=""2208""","台船","3","3","100.00%","3","100.00%"
"=""2211""","長榮鋼","3","3","100.00%","3","100.00%"
"=""2227""","裕日車","3","3","100.00%","3","100.00%"
"=""2228""","劍麟","3","3","91.67%","3","86.67%"
"=""2231""","為升","4","4","100.00%","4","100.00%"
"=""2233""","宇隆","3","3","100.00%","3","100.00%"
"=""2236""","百達-KY","3","3","100.00%","4","100.00%"
"=""2239""","英利-KY","3","3","100.00%","3","100.00%"
"=""2241""","艾姆勒","3","3","100.00%","3","100.00%"
"=""2243""","宏旭-KY","3","3","100.00%","3","100.00%"
"=""2247""","汎德永業","3","3","100.00%","3","100.00%"
"=""2250""","IKKA-KY","3","3","100.00%","3","100.00%"
"=""2254""","巨鎧精密-創","3","3","93.33%","3","95.24%"
"=""2258""","鴻華先進-創","4","4","100.00%","4","100.00%"
"=""2301""","光寶科","4","4","100.00%","4","100.00%"
"=""2302""","麗正","3","3","83.33%","4","80.00%"
"=""2303""","聯電","5","5","100.00%","5","100.00%"
"=""2305""","全友","3","3","100.00%","3","100.00%"
"=""2308""","台達電","5","5","100.00%","5","96.67%"
"=""2312""","金寶","3","3","88.89%","3","95.24%"
"=""2313""","華通","3","3","91.67%","3","93.33%"
"=""2314""","台揚","3","2","100.00%","3","91.67%"
"=""2316""","楠梓電","3","2","88.89%","3","75.00%"
"=""2317""","鴻海","3","3","100.00%","3","100.00%"
"=""2321""","東訊","3","3","88.89%","3","75.00%"
"=""2323""","中環","3","3","100.00%","3","100.00%"
"=""2324""","仁寶","3","3","83.33%","3","88.89%"
"=""2327""","國巨","3","3","100.00%","3","94.44%"
"=""2328""","廣宇","3","3","100.00%","4","100.00%"
"=""2329""","華泰","3","3","100.00%","3","100.00%"
"=""2330""","台積電","6","6","100.00%","6","97.00%"
"=""2331""","精英","2","1","100.00%","3","94.12%"
"=""2332""","友訊","3","3","100.00%","3","100.00%"
"=""2337""","旺宏","3","3","100.00%","4","100.00%"
"=""2338""","光罩","4","3","100.00%","3","100.00%"
"=""2340""","台亞","3","3","100.00%","3","100.00%"
"=""2342""","茂矽","4","4","93.33%","4","85.71%"
"=""2344""","華邦電","4","4","100.00%","4","87.50%"
"=""2345""","智邦","3","2","100.00%","4","95.00%"
"=""2347""","聯強","3","3","83.33%","3","91.67%"
"=""2348""","海悅","4","4","91.67%","4","97.22%"
"=""2349""","錸德","0","3","87.50%","3","100.00%"
"=""2351""","順德","3","3","100.00%","4","95.00%"
"=""2352""","佳世達","5","5","100.00%","5","100.00%"
"=""2353""","宏碁","3","3","92.86%","4","95.45%"
"=""2354""","鴻準","3","3","100.00%","3","100.00%"
"=""2355""","敬鵬","3","3","91.67%","3","95.24%"
"=""2356""","英業達","3","3","100.00%","3","100.00%"
"=""2357""","華碩","3","3","100.00%","5","100.00%"
"=""2359""","所羅門","4","4","100.00%","4","100.00%"
"=""2360""","致茂","4","4","100.00%","4","100.00%"
"=""2362""","藍天","3","2","100.00%","2","100.00%"
"=""2363""","矽統","3","3","100.00%","3","100.00%"
"=""2364""","倫飛","3","3","100.00%","4","100.00%"
"=""2365""","昆盈","3","3","100.00%","3","100.00%"
"=""2367""","燿華","3","3","100.00%","3","100.00%"
"=""2368""","金像電","3","3","100.00%","4","93.94%"
"=""2369""","菱生","3","3","83.00%","3","93.00%"
"=""2371""","大同","3","3","100.00%","3","100.00%"
"=""2373""","震旦行","3","3","100.00%","3","100.00%"
"=""2374""","佳能","3","3","100.00%","3","100.00%"
"=""2375""","凱美","3","3","100.00%","3","100.00%"
"=""2376""","技嘉","3","3","100.00%","5","100.00%"
"=""2377""","微星","3","3","100.00%","3","100.00%"
"=""2379""","瑞昱","3","3","100.00%","3","83.33%"
"=""2380""","虹光","3","3","100.00%","4","82.14%"
"=""2382""","廣達","3","2","100.00%","3","100.00%"
"=""2383""","台光電","3","3","83.33%","3","94.44%"
"=""2385""","群光","3","3","100.00%","3","100.00%"
"=""2387""","精元","3","3","100.00%","3","100.00%"
"=""2388""","威盛","5","4","80.00%","4","100.00%"
"=""2390""","云辰","3","2","100.00%","3","100.00%"
"=""2392""","正崴","4","4","100.00%","4","100.00%"
"=""2393""","億光","4","4","100.00%","4","100.00%"
"=""2395""","研華","3","3","100.00%","3","100.00%"
"=""2397""","友通","3","3","100.00%","3","100.00%"
"=""2399""","映泰","3","3","91.67%","3","93.33%"
"=""2401""","凌陽","4","4","100.00%","4","96.88%"
"=""2402""","毅嘉","3","3","100.00%","3","100.00%"
"=""2404""","漢唐","3","3","100.00%","3","100.00%"
"=""2405""","輔信","3","3","100.00%","3","100.00%"
"=""2406""","國碩","3","3","100.00%","3","100.00%"
"=""2408""","南亞科","4","4","100.00%","4","100.00%"
"=""2409""","友達","3","3","100.00%","4","100.00%"
"=""2412""","中華電","3","3","95.33%","5","98.00%"
"=""2413""","環科","4","4","100.00%","4","100.00%"
"=""2414""","精技","4","4","100.00%","4","100.00%"
"=""2415""","錩新","3","3","100.00%","3","100.00%"
"=""2417""","圓剛","4","4","100.00%","4","100.00%"
"=""2419""","仲琦","3","3","83.33%","3","91.67%"
"=""2420""","新巨","3","2","100.00%","3","100.00%"
"=""2421""","建準","3","3","100.00%","4","100.00%"
"=""2423""","固緯","3","3","100.00%","3","100.00%"
"=""2424""","隴華","3","3","100.00%","4","100.00%"
"=""2425""","承啟","4","4","91.66%","4","87.50%"
"=""2426""","鼎元","3","3","100.00%","3","100.00%"
"=""2427""","三商電","5","4","88.00%","4","90.00%"
"=""2428""","興勤","3","2","100.00%","3","100.00%"
"=""2429""","銘旺科","3","3","92.30%","3","92.59%"
"=""2430""","燦坤","3","3","100.00%","3","100.00%"
"=""2431""","聯昌","3","3","85.71%","3","91.67%"
"=""2432""","倚天酷碁-創","4","4","100.00%","4","100.00%"
"=""2433""","互盛電","3","3","100.00%","3","91.67%"
"=""2434""","統懋","3","3","100.00%","3","100.00%"
"=""2436""","偉詮電","3","3","100.00%","3","100.00%"
"=""2438""","翔耀","3","3","75.00%","3","75.00%"
"=""2439""","美律","3","3","100.00%","3","100.00%"
"=""2440""","太空梭","3","2","100.00%","3","100.00%"
"=""2441""","超豐","3","3","100.00%","3","100.00%"
"=""2442""","新美齊","3","2","92.86%","3","95.24%"
"=""2444""","兆勁","4","4","100.00%","4","100.00%"
"=""2449""","京元電子","4","3","100.00%","3","100.00%"
"=""2450""","神腦","5","5","100.00%","5","96.00%"
"=""2451""","創見","3","3","100.00%","3","100.00%"
"=""2453""","凌群","3","3","100.00%","3","100.00%"
"=""2454""","聯發科","3","2","100.00%","4","100.00%"
"=""2455""","全新","3","2","100.00%","3","100.00%"
"=""2457""","飛宏","4","4","100.00%","4","96.67%"
"=""2458""","義隆","3","3","91.70%","4","91.70%"
"=""2459""","敦吉","4","4","100.00%","4","100.00%"
"=""2460""","建通","3","3","83.33%","3","83.33%"
"=""2461""","光群雷","3","3","100.00%","4","93.33%"
"=""2462""","良得電","4","4","100.00%","4","100.00%"
"=""2464""","盟立","3","2","100.00%","2","100.00%"
"=""2465""","麗臺","3","3","100.00%","4","86.36%"
"=""2466""","冠西電","3","3","100.00%","3","91.66%"
"=""2467""","志聖","4","4","100.00%","4","100.00%"
"=""2468""","華經","3","3","91.67%","3","92.86%"
"=""2471""","資通","4","4","100.00%","4","100.00%"
"=""2472""","立隆電","3","2","100.00%","4","100.00%"
"=""2474""","可成","3","3","100.00%","3","100.00%"
"=""2476""","鉅祥","4","4","100.00%","4","100.00%"
"=""2477""","美隆電","3","2","100.00%","3","100.00%"
"=""2478""","大毅","4","4","100.00%","4","100.00%"
"=""2480""","敦陽科","4","4","100.00%","4","93.75%"
"=""2481""","強茂","4","4","100.00%","4","100.00%"
"=""2482""","連宇","3","3","100.00%","4","100.00%"
"=""2483""","百容","4","4","100.00%","4","100.00%"
"=""2484""","希華","3","3","100.00%","3","100.00%"
"=""2485""","兆赫","3","3","100.00%","3","100.00%"
"=""2486""","一詮","4","4","100.00%","4","100.00%"
"=""2488""","漢平","4","4","100.00%","4","100.00%"
"=""2489""","瑞軒","3","3","100.00%","4","95.75%"
"=""2491""","吉祥全","3","3","100.00%","3","100.00%"
"=""2492""","華新科","3","2","100.00%","3","100.00%"
"=""2493""","揚博","4","4","100.00%","4","100.00%"
"=""2495""","普安","3","3","100.00%","3","100.00%"
"=""2496""","卓越","3","3","100.00%","4","100.00%"
"=""2497""","怡利電","4","4","100.00%","4","100.00%"
"=""2498""","宏達電","3","2","100.00%","4","100.00%"
"=""2501""","國建","3","3","100.00%","3","90.00%"
"=""2504""","國產","4","4","100.00%","4","93.75%"
"=""2505""","國揚","3","3","83.33%","3","93.33%"
"=""2506""","太設","3","3","100.00%","3","100.00%"
"=""2509""","全坤建","3","2","100.00%","3","100.00%"
"=""2511""","太子","5","5","100.00%","5","100.00%"
"=""2514""","龍邦","3","3","100.00%","4","100.00%"
"=""2515""","中工","3","3","100.00%","3","100.00%"
"=""2516""","新建","3","3","100.00%","3","100.00%"
"=""2520""","冠德","3","2","100.00%","3","100.00%"
"=""2524""","京城","4","4","100.00%","4","100.00%"
"=""2527""","宏璟","3","3","83.33%","3","100.00%"
"=""2528""","皇普","3","3","83.33%","4","90.91%"
"=""2530""","華建","3","3","100.00%","3","100.00%"
"=""2534""","宏盛","3","3","66.67%","3","95.83%"
"=""2535""","達欣工","3","3","100.00%","3","100.00%"
"=""2536""","宏普","3","3","100.00%","4","100.00%"
"=""2537""","聯上發","3","3","100.00%","3","100.00%"
"=""2538""","基泰","5","3","90.00%","3","85.71%"
"=""2539""","櫻花建","3","2","100.00%","3","100.00%"
"=""2540""","愛山林","3","3","100.00%","3","87.50%"
"=""2542""","興富發","3","2","100.00%","3","94.12%"
"=""2543""","皇昌","3","3","100.00%","3","100.00%"
"=""2545""","皇翔","3","2","100.00%","4","100.00%"
"=""2546""","根基","3","2","100.00%","3","100.00%"
"=""2547""","日勝生","3","3","100.00%","4","100.00%"
"=""2548""","華固","4","4","100.00%","4","100.00%"
"=""2597""","潤弘","3","2","100.00%","3","100.00%"
"=""2601""","益航","4","4","80.00%","4","90.24%"
"=""2603""","長榮","3","3","88.89%","3","100.00%"
"=""2605""","新興","4","4","100.00%","4","100.00%"
"=""2606""","裕民","3","3","100.00%","3","100.00%"
"=""2607""","榮運","3","3","100.00%","3","100.00%"
"=""2608""","嘉里大榮","3","3","100.00%","3","100.00%"
"=""2609""","陽明","3","3","100.00%","3","100.00%"
"=""2610""","華航","3","2","93.33%","3","86.67%"
"=""2611""","志信","3","2","100.00%","3","100.00%"
"=""2612""","中航","3","2","100.00%","3","100.00%"
"=""2613""","中櫃","3","2","91.67%","3","100.00%"
"=""2614""","東森","4","4","100.00%","4","100.00%"
"=""2615""","萬海","3","2","100.00%","3","95.00%"
"=""2616""","山隆","3","3","100.00%","3","100.00%"
"=""2617""","台航","3","3","100.00%","3","88.89%"
"=""2618""","長榮航","3","3","100.00%","3","100.00%"
"=""2630""","亞航","4","4","100.00%","4","95.83%"
"=""2633""","台灣高鐵","4","4","100.00%","5","100.00%"
"=""2634""","漢翔","3","3","100.00%","3","100.00%"
"=""2636""","台驊投控","3","3","100.00%","1","100.00%"
"=""2637""","慧洋-KY","5","5","86.67%","5","93.33%"
"=""2642""","宅配通","3","3","100.00%","3","100.00%"
"=""2645""","長榮航太","3","3","100.00%","3","100.00%"
"=""2701""","萬企","3","3","100.00%","3","100.00%"
"=""2702""","華園","3","2","100.00%","4","100.00%"
"=""2704""","國賓","3","3","100.00%","3","100.00%"
"=""2705""","六福","3","3","100.00%","4","95.00%"
"=""2706""","第一店","2","2","100.00%","2","100.00%"
"=""2707""","晶華","3","3","88.89%","3","83.33%"
"=""2712""","遠雄來","3","3","100.00%","3","100.00%"
"=""2722""","夏都","3","3","100.00%","3","100.00%"
"=""2723""","美食-KY","4","4","100.00%","4","100.00%"
"=""2727""","王品","4","4","85.71%","4","78.57%"
"=""2731""","雄獅","3","3","100.00%","3","88.24%"
"=""2739""","寒舍","4","4","90.00%","4","88.24%"
"=""2748""","雲品","3","3","100.00%","3","93.33%"
"=""2753""","八方雲集","4","4","100.00%","4","100.00%"
"=""2762""","世界健身-KY","4","4","100.00%","4","95.65%"
"=""2801""","彰銀","3","3","100.00%","3","100.00%"
"=""2809""","京城銀","3","3","100.00%","3","100.00%"
"=""2812""","台中銀","3","3","100.00%","4","98.00%"
"=""2816""","旺旺保","3","3","1.00%","3","1.00%"
"=""2820""","華票","3","3","100.00%","3","100.00%"
"=""2832""","台產","3","3","100.00%","3","100.00%"
"=""2834""","臺企銀","5","5","100.00%","5","100.00%"
"=""2836""","高雄銀","3","3","100.00%","3","93.94%"
"=""2838""","聯邦銀","3","2","100.00%","3","88.89%"
"=""2845""","遠東銀","3","2","100.00%","3","100.00%"
"=""2849""","安泰銀","3","3","100.00%","3","90.00%"
"=""2850""","新產","3","2","91.67%","3","94.44%"
"=""2851""","中再保","3","3","100.00%","3","100.00%"
"=""2852""","第一保","3","2","91.67%","3","100.00%"
"=""2855""","統一證","4","4","100.00%","4","100.00%"
"=""2867""","三商壽","3","3","100.00%","4","100.00%"
"=""2880""","華南金","4","4","97.22%","4","95.83%"
"=""2881""","富邦金","5","5","100.00%","5","100.00%"
"=""2882""","國泰金","3","3","100.00%","5","100.00%"
"=""2883""","開發金","3","3","100.00%","3","100.00%"
"=""2884""","玉山金","5","5","100.00%","5","100.00%"
"=""2885""","元大金","4","4","100.00%","4","100.00%"
"=""2886""","兆豐金","3","3","100.00%","5","100.00%"
"=""2887""","台新金","3","3","100.00%","3","100.00%"
"=""2888""","新光金","3","3","96.70%","3","97.90%"
"=""2889""","國票金","5","4","90.48%","4","93.75%"
"=""2890""","永豐金","3","3","100.00%","3","100.00%"
"=""2891""","中信金","3","3","100.00%","4","100.00%"
"=""2892""","第一金","3","3","100.00%","5","100.00%"
"=""2897""","王道銀行","4","4","100.00%","4","100.00%"
"=""2901""","欣欣","3","3","100.00%","3","100.00%"
"=""2903""","遠百","3","2","100.00%","3","83.33%"
"=""2904""","匯僑","3","2","100.00%","3","93.33%"
"=""2905""","三商","3","3","75.00%","4","84.38%"
"=""2906""","高林","3","3","100.00%","3","100.00%"
"=""2908""","特力","4","4","100.00%","4","100.00%"
"=""2910""","統領","3","3","100.00%","3","90.91%"
"=""2911""","麗嬰房","3","3","100.00%","3","100.00%"
"=""2912""","統一超","3","3","100.00%","3","100.00%"
"=""2913""","農林","4","4","93.75%","4","97.22%"
"=""2915""","潤泰全","3","3","100.00%","3","100.00%"
"=""2923""","鼎固-KY","3","3","100.00%","4","100.00%"
"=""2929""","淘帝-KY","3","3","100.00%","3","3.00%"
"=""2939""","凱羿-KY","4","4","100.00%","4","100.00%"
"=""2945""","三商家購","3","3","75.00%","3","80.00%"
"=""3002""","歐格","4","4","100.00%","4","100.00%"
"=""3003""","健和興","3","3","100.00%","3","100.00%"
"=""3004""","豐達科","4","4","100.00%","4","100.00%"
"=""3005""","神基","3","3","100.00%","4","95.00%"
"=""3006""","晶豪科","4","4","100.00%","4","95.83%"
"=""3008""","大立光","3","3","100.00%","3","93.33%"
"=""3010""","華立","3","3","100.00%","4","100.00%"
"=""3011""","今皓","3","2","100.00%","3","100.00%"
"=""3013""","晟銘電","3","3","100.00%","3","100.00%"
"=""3014""","聯陽","4","4","100.00%","4","100.00%"
"=""3015""","全漢","4","4","100.00%","4","100.00%"
"=""3016""","嘉晶","3","3","100.00%","3","100.00%"
"=""3017""","奇鋐","4","4","100.00%","4","100.00%"
"=""3018""","隆銘綠能","3","3","100.00%","3","90.48%"
"=""3019""","亞光","3","3","100.00%","3","100.00%"
"=""3021""","鴻名","3","3","100.00%","5","100.00%"
"=""3022""","威強電","3","3","100.00%","3","100.00%"
"=""3023""","信邦","4","2","100.00%","3","96.00%"
"=""3024""","憶聲","3","3","91.67%","3","86.67%"
"=""3025""","星通","4","4","100.00%","4","100.00%"
"=""3026""","禾伸堂","3","3","100.00%","4","100.00%"
"=""3027""","盛達","4","4","100.00%","4","100.00%"
"=""3028""","增你強","3","3","100.00%","4","92.86%"
"=""3029""","零壹","3","3","100.00%","3","95.24%"
"=""3030""","德律","4","4","100.00%","4","100.00%"
"=""3031""","佰鴻","4","4","100.00%","4","93.75%"
"=""3032""","偉訓","4","4","100.00%","4","100.00%"
"=""3033""","威健","3","2","100.00%","3","95.83%"
"=""3034""","聯詠","3","3","100.00%","3","100.00%"
"=""3035""","智原","3","3","100.00%","3","100.00%"
"=""3036""","文曄","3","3","100.00%","4","100.00%"
"=""3037""","欣興","3","3","100.00%","3","100.00%"
"=""3038""","全台","3","2","100.00%","3","100.00%"
"=""3040""","遠見","3","3","100.00%","3","100.00%"
"=""3041""","揚智","2","2","100.00%","2","100.00%"
"=""3042""","晶技","4","4","100.00%","4","100.00%"
"=""3043""","科風","3","2","67.00%","4","81.00%"
"=""3044""","健鼎","3","3","88.89%","3","91.67%"
"=""3045""","台灣大","5","5","100.00%","5","100.00%"
"=""3046""","建碁","4","4","100.00%","4","100.00%"
"=""3047""","訊舟","3","3","100.00%","4","100.00%"
"=""3048""","益登","3","3","100.00%","3","100.00%"
"=""3049""","精金","4","4","100.00%","4","86.00%"
"=""3050""","鈺德","3","3","100.00%","3","100.00%"
"=""3051""","力特","3","2","100.00%","4","100.00%"
"=""3052""","夆典","4","4","100.00%","4","100.00%"
"=""3054""","立萬利","4","4","100.00%","4","90.91%"
"=""3055""","蔚華科","3","3","100.00%","3","100.00%"
"=""3056""","富華新","3","3","100.00%","3","93.33%"
"=""3057""","喬鼎","4","4","100.00%","4","100.00%"
"=""3058""","立德","3","3","86.67%","4","93.75%"
"=""3059""","華晶科","3","2","100.00%","3","100.00%"
"=""3060""","銘異","4","4","100.00%","4","100.00%"
"=""3062""","建漢","4","4","87.50%","4","87.50%"
"=""3090""","日電貿","4","4","100.00%","4","100.00%"
"=""3092""","鴻碩","3","3","100.00%","3","95.24%"
"=""3094""","聯傑","3","3","100.00%","3","100.00%"
"=""3130""","一零四","3","3","95.24%","3","91.67%"
"=""3138""","耀登","3","3","93.33%","4","95.83%"
"=""3149""","正達","4","4","100.00%","4","100.00%"
"=""3150""","鈺寶-創","3","3","100.00%","3","100.00%"
"=""3164""","景岳","3","3","100.00%","4","92.86%"
"=""3167""","大量","3","3","100.00%","3","100.00%"
"=""3168""","眾福科","3","3","100.00%","3","100.00%"
"=""3189""","景碩","3","3","100.00%","3","100.00%"
"=""3209""","全科","3","3","94.00%","3","100.00%"
"=""3229""","晟鈦","3","3","100.00%","3","100.00%"
"=""3231""","緯創","3","3","89.00%","5","90.00%"
"=""3257""","虹冠電","3","3","100.00%","3","100.00%"
"=""3266""","昇陽","3","3","100.00%","3","100.00%"
"=""3296""","勝德","3","3","100.00%","4","100.00%"
"=""3305""","昇貿","4","4","100.00%","4","100.00%"
"=""3308""","聯德","3","3","100.00%","3","100.00%"
"=""3311""","閎暉","3","3","91.67%","3","91.67%"
"=""3312""","弘憶股","3","3","100.00%","4","100.00%"
"=""3321""","同泰","3","3","77.78%","3","86.67%"
"=""3338""","泰碩","3","3","100.00%","4","100.00%"
"=""3346""","麗清","3","2","100.00%","4","100.00%"
"=""3356""","奇偶","3","3","100.00%","3","100.00%"
"=""3376""","新日興","3","3","100.00%","3","100.00%"
"=""3380""","明泰","4","4","100.00%","4","100.00%"
"=""3406""","玉晶光","3","3","100.00%","3","100.00%"
"=""3413""","京鼎","3","3","100.00%","4","85.00%"
"=""3416""","融程電","3","3","100.00%","3","100.00%"
"=""3419""","譁裕","3","3","100.00%","3","100.00%"
"=""3432""","台端","3","3","100.00%","3","100.00%"
"=""3437""","榮創","3","3","100.00%","4","100.00%"
"=""3443""","創意","5","5","100.00%","5","95.00%"
"=""3447""","展達","3","3","100.00%","3","100.00%"
"=""3450""","聯鈞","3","3","100.00%","3","100.00%"
"=""3454""","晶睿","3","3","100.00%","3","100.00%"
"=""3481""","群創","3","3","100.00%","5","95.00%"
"=""3494""","誠研","3","2","1.00%","3","0.79%"
"=""3501""","維熹","3","3","100.00%","4","100.00%"
"=""3504""","揚明光","3","3","100.00%","3","100.00%"
"=""3515""","華擎","3","3","100.00%","3","100.00%"
"=""3518""","柏騰","3","3","100.00%","3","86.67%"
"=""3528""","安馳","3","3","100.00%","4","100.00%"
"=""3530""","晶相光","4","4","91.67%","4","92.86%"
"=""3532""","台勝科","3","3","100.00%","3","100.00%"
"=""3533""","嘉澤","3","3","100.00%","3","93.33%"
"=""3535""","晶彩科","4","4","100.00%","4","100.00%"
"=""3543""","州巧","3","3","100.00%","4","93.75%"
"=""3545""","敦泰","3","3","100.00%","4","95.83%"
"=""3550""","聯穎","3","3","100.00%","3","100.00%"
"=""3557""","嘉威","3","2","93.75%","2","92.31%"
"=""3563""","牧德","3","2","100.00%","3","100.00%"
"=""3576""","聯合再生","3","3","100.00%","3","100.00%"
"=""3583""","辛耘","3","3","83.33%","3","91.67%"
"=""3588""","通嘉","4","4","93.75%","4","96.43%"
"=""3591""","艾笛森","4","4","100.00%","4","95.83%"
"=""3592""","瑞鼎","3","3","100.00%","3","100.00%"
"=""3593""","力銘","3","3","100.00%","4","100.00%"
"=""3596""","智易","3","3","100.00%","3","100.00%"
"=""3605""","宏致","3","2","100.00%","3","100.00%"
"=""3607""","谷崧","3","3","100.00%","3","100.00%"
"=""3617""","碩天","3","3","91.67%","3","91.67%"
"=""3622""","洋華","3","3","83.00%","3","80.00%"
"=""3645""","達邁","3","3","100.00%","3","100.00%"
"=""3652""","精聯","4","4","100.00%","4","100.00%"
"=""3653""","健策","3","3","88.89%","3","91.67%"
"=""3661""","世芯-KY","3","3","100.00%","3","100.00%"
"=""3665""","貿聯-KY","3","3","100.00%","3","100.00%"
"=""3669""","圓展","4","4","100.00%","4","100.00%"
"=""3673""","TPK-KY","3","3","100.00%","3","98.15%"
"=""3679""","新至陞","3","3","100.00%","3","94.44%"
"=""3686""","達能","3","3","100.00%","3","93.33%"
"=""3694""","海華","3","3","83.33%","3","83.33%"
"=""3701""","大眾控","3","3","100.00%","4","96.00%"
"=""3702""","大聯大","4","4","95.00%","4","97.92%"
"=""3703""","欣陸","3","3","100.00%","3","100.00%"
"=""3704""","合勤控","3","2","100.00%","2","100.00%"
"=""3705""","永信","3","3","100.00%","3","100.00%"
"=""3706""","神達","3","3","88.90%","3","93.33%"
"=""3708""","上緯投控","4","4","100.00%","4","100.00%"
"=""3711""","日月光投控","3","2","100.00%","3","100.00%"
"=""3712""","永崴投控","3","2","100.00%","2","100.00%"
"=""3714""","富采","3","3","100.00%","5","100.00%"
"=""3715""","定穎投控","4","4","100.00%","4","100.00%"
"=""4104""","佳醫","3","3","100.00%","3","100.00%"
"=""4106""","雃博","3","3","88.89%","5","95.00%"
"=""4108""","懷特","4","4","100.00%","4","100.00%"
"=""4119""","旭富","3","3","100.00%","3","100.00%"
"=""4133""","亞諾法","3","3","91.67%","3","91.67%"
"=""4137""","麗豐-KY","3","3","100.00%","4","100.00%"
"=""4142""","國光生","3","3","100.00%","3","100.00%"
"=""4148""","全宇生技-KY","3","3","100.00%","4","100.00%"
"=""4155""","訊映","4","4","100.00%","4","97.75%"
"=""4164""","承業醫","3","3","100.00%","3","100.00%"
"=""4190""","佐登-KY","4","4","100.00%","4","100.00%"
"=""4306""","炎洲","3","3","100.00%","3","100.00%"
"=""4414""","如興","3","3","100.00%","3","97.10%"
"=""4426""","利勤","3","3","83.00%","3","92.00%"
"=""4438""","廣越","3","3","100.00%","3","100.00%"
"=""4439""","冠星-KY","3","3","100.00%","3","100.00%"
"=""4440""","宜新實業","3","3","100.00%","4","100.00%"
"=""4526""","東台","4","4","100.00%","4","100.00%"
"=""4532""","瑞智","3","3","83.33%","3","93.33%"
"=""4536""","拓凱","4","4","100.00%","4","100.00%"
"=""4540""","全球傳動","3","3","100.00%","3","100.00%"
"=""4545""","銘鈺","3","3","100.00%","3","100.00%"
"=""4551""","智伸科","4","4","100.00%","4","100.00%"
"=""4552""","力達-KY","3","3","99.00%","3","100.00%"
"=""4555""","氣立","4","4","100.00%","4","100.00%"
"=""4557""","永新-KY","3","3","100.00%","3","100.00%"
"=""4560""","強信-KY","4","4","100.00%","4","100.00%"
"=""4562""","穎漢","3","3","100.00%","4","100.00%"
"=""4564""","元翎","4","4","100.00%","4","100.00%"
"=""4566""","時碩工業","4","4","100.00%","4","100.00%"
"=""4569""","六方科-KY","3","3","100.00%","3","100.00%"
"=""4571""","鈞興-KY","3","3","100.00%","3","93.33%"
"=""4572""","駐龍","3","3","100.00%","3","100.00%"
"=""4576""","大銀微系統","3","3","100.00%","3","100.00%"
"=""4581""","光隆精密-KY","3","3","100.00%","3","100.00%"
"=""4583""","台灣精銳","3","3","100.00%","3","100.00%"
"=""4588""","玖鼎電力","4","4","100.00%","4","96.15%"
"=""4720""","德淵","4","4","100.00%","4","100.00%"
"=""4722""","國精化","3","3","100.00%","3","100.00%"
"=""4736""","泰博","3","3","100.00%","4","93.75%"
"=""4737""","華廣","4","4","100.00%","4","100.00%"
"=""4739""","康普","3","3","100.00%","4","100.00%"
"=""4746""","台耀","3","3","100.00%","4","100.00%"
"=""4755""","三福化","3","3","100.00%","3","100.00%"
"=""4763""","材料-KY","3","3","100.00%","4","100.00%"
"=""4764""","雙鍵","3","3","100.00%","3","100.00%"
"=""4766""","南寶","3","3","100.00%","3","100.00%"
"=""4770""","上品","3","3","100.00%","4","100.00%"
"=""4771""","望隼","3","3","100.00%","3","95.24%"
"=""4807""","日成-KY","3","3","100.00%","3","100.00%"
"=""4904""","遠傳","3","2","100.00%","3","100.00%"
"=""4906""","正文","3","3","100.00%","3","100.00%"
"=""4912""","聯德控股-KY","5","5","100.00%","5","96.67%"
"=""4915""","致伸","4","100","100.00%","5","100.00%"
"=""4916""","事欣科","3","3","100.00%","3","100.00%"
"=""4919""","新唐","4","4","100.00%","4","100.00%"
"=""4927""","泰鼎-KY","3","2","100.00%","4","95.80%"
"=""4930""","燦星網","3","3","100.00%","3","100.00%"
"=""4934""","太極","3","3","100.00%","3","100.00%"
"=""4935""","茂林-KY","3","2","100.00%","3","100.00%"
"=""4938""","和碩","3","3","100.00%","3","91.67%"
"=""4942""","嘉彰","3","3","100.00%","4","100.00%"
"=""4943""","康控-KY","3","3","100.00%","3","100.00%"
"=""4949""","有成精密","4","4","100.00%","4","100.00%"
"=""4952""","凌通","3","3","100.00%","3","100.00%"
"=""4956""","光鋐","3","3","100.00%","4","92.86%"
"=""4958""","臻鼎-KY","3","2","100.00%","4","100.00%"
"=""4960""","誠美材","5","3","100.00%","3","100.00%"
"=""4961""","天鈺","3","3","91.70%","4","95.20%"
"=""4967""","十銓","3","3","100.00%","3","100.00%"
"=""4968""","立積","4","4","100.00%","4","100.00%"
"=""4976""","佳凌","3","3","100.00%","3","100.00%"
"=""4977""","眾達-KY","3","3","100.00%","3","100.00%"
"=""4989""","榮科","3","3","100.00%","3","100.00%"
"=""4994""","傳奇","3","3","91.67%","4","95.00%"
"=""4999""","鑫禾","4","4","93.75%","4","90.00%"
"=""5007""","三星","3","2","100.00%","3","100.00%"
"=""5203""","訊連","3","3","88.89%","3","93.33%"
"=""5215""","科嘉-KY","4","4","100.00%","4","100.00%"
"=""5222""","全訊","4","4","100.00%","4","95.00%"
"=""5225""","東科-KY","3","3","100.00%","3","100.00%"
"=""5234""","達興材料","4","4","85.71%","4","92.86%"
"=""5243""","乙盛-KY","3","3","91.67%","3","91.67%"
"=""5244""","弘凱","4","4","100.00%","4","95.00%"
"=""5258""","虹堡","3","3","88.89%","3","87.50%"
"=""5269""","祥碩","3","3","100.00%","3","100.00%"
"=""5283""","禾聯碩","3","3","100.00%","3","100.00%"
"=""5284""","jpp-KY","3","3","100.00%","3","100.00%"
"=""5285""","界霖","3","3","100.00%","3","100.00%"
"=""5288""","豐祥-KY","3","3","100.00%","3","100.00%"
"=""5292""","華懋","3","3","93.33%","3","94.44%"
"=""5306""","桂盟","3","3","100.00%","3","100.00%"
"=""5388""","中磊","4","3","100.00%","4","100.00%"
"=""5434""","崇越","3","3","100.00%","3","100.00%"
"=""5469""","瀚宇博","3","2","91.67%","4","92.86%"
"=""5471""","松翰","3","3","100.00%","3","100.00%"
"=""5484""","慧友","3","3","100.00%","3","91.67%"
"=""5515""","建國","3","3","100.00%","3","100.00%"
"=""5519""","隆大","3","3","100.00%","3","100.00%"
"=""5521""","工信","3","3","100.00%","3","100.00%"
"=""5522""","遠雄","3","3","93.33%","3","94.33%"
"=""5525""","順天","3","3","83.33%","3","100.00%"
"=""5531""","鄉林","3","3","83.33%","3","83.33%"
"=""5533""","皇鼎","3","2","100.00%","3","100.00%"
"=""5534""","長虹","4","4","100.00%","4","100.00%"
"=""5538""","東明-KY","4","4","85.71%","4","94.12%"
"=""5546""","永固-KY","3","3","100.00%","3","100.00%"
"=""5607""","遠雄港","3","3","100.00%","3","100.00%"
"=""5608""","四維航","3","2","100.00%","4","100.00%"
"=""5706""","鳳凰","3","3","3.00%","3","100.00%"
"=""5871""","中租-KY","3","3","100.00%","4","100.00%"
"=""5876""","上海商銀","3","3","100.00%","3","100.00%"
"=""5880""","合庫金","5","5","100.00%","5","100.00%"
"=""5906""","台南-KY","3","3","100.00%","3","100.00%"
"=""5907""","大洋-KY","3","3","100.00%","3","95.24%"
"=""6005""","群益證","3","2","100.00%","3","93.33%"
"=""6024""","群益期","3","3","100.00%","3","100.00%"
"=""6108""","競國","4","4","100.00%","4","100.00%"
"=""6112""","邁達特","3","3","100.00%","3","100.00%"
"=""6115""","鎰勝","3","3","100.00%","3","100.00%"
"=""6116""","彩晶","3","2","100.00%","4","100.00%"
"=""6117""","迎廣","3","2","90.00%","2","83.33%"
"=""6120""","達運","3","3","100.00%","3","100.00%"
"=""6128""","上福","3","2","100.00%","3","100.00%"
"=""6133""","金橋","3","3","100.00%","3","91.67%"
"=""6136""","富爾特","3","3","100.00%","3","100.00%"
"=""6139""","亞翔","3","3","100.00%","3","100.00%"
"=""6141""","柏承","2","2","100.00%","3","100.00%"
"=""6142""","友勁","3","3","100.00%","3","100.00%"
"=""6152""","百一","3","3","100.00%","3","100.00%"
"=""6153""","嘉聯益","3","3","100.00%","3","100.00%"
"=""6155""","鈞寶","3","3","83.33%","3","83.33%"
"=""6164""","華興","3","3","83.00%","4","88.00%"
"=""6165""","浪凡","3","3","100.00%","4","92.86%"
"=""6166""","凌華","4","4","91.67%","4","87.50%"
"=""6168""","宏齊","3","3","100.00%","3","100.00%"
"=""6176""","瑞儀","4","4","100.00%","4","95.00%"
"=""6177""","達麗","3","3","100.00%","3","100.00%"
"=""6183""","關貿","3","2","100.00%","3","100.00%"
"=""6184""","大豐電","3","3","88.89%","3","91.67%"
"=""6189""","豐藝","3","3","100.00%","4","96.43%"
"=""6191""","精成科","3","2","95.83%","4","95.66%"
"=""6196""","帆宣","3","3","100.00%","4","100.00%"
"=""6197""","佳必琪","3","3","100.00%","4","100.00%"
"=""6201""","亞弘電","3","3","100.00%","3","100.00%"
"=""6202""","盛群","3","2","83.33%","2","93.33%"
"=""6205""","詮欣","4","4","100.00%","4","97.00%"
"=""6206""","飛捷","3","3","100.00%","3","94.44%"
"=""6209""","今國光","3","3","100.00%","4","100.00%"
"=""6213""","聯茂","4","4","100.00%","4","100.00%"
"=""6214""","精誠","3","3","100.00%","4","90.48%"
"=""6215""","和椿","3","3","100.00%","3","100.00%"
"=""6216""","居易","3","3","88.89%","3","77.78%"
"=""6224""","聚鼎","3","3","100.00%","4","100.00%"
"=""6225""","天瀚","3","3","66.67%","3","72.22%"
"=""6226""","光鼎","3","3","100.00%","4","100.00%"
"=""6230""","尼得科超眾","4","4","100.00%","4","100.00%"
"=""6235""","華孚","4","4","100.00%","4","100.00%"
"=""6239""","力成","3","3","100.00%","4","91.67%"
"=""6243""","迅杰","3","3","100.00%","3","100.00%"
"=""6257""","矽格","4","4","100.00%","4","100.00%"
"=""6269""","台郡","3","3","100.00%","4","95.83%"
"=""6271""","同欣電","3","3","100.00%","3","91.67%"
"=""6277""","宏正","5","3","100.00%","4","100.00%"
"=""6278""","台表科","3","3","83.33%","4","94.44%"
"=""6281""","全國電","3","3","100.00%","4","100.00%"
"=""6282""","康舒","4","4","100.00%","4","100.00%"
"=""6283""","淳安","3","3","100.00%","3","93.33%"
"=""6285""","啟碁","4","4","90.00%","4","90.00%"
"=""6288""","聯嘉","4","4","100.00%","4","100.00%"
"=""6405""","悅城","4","4","100.00%","4","100.00%"
"=""6409""","旭隼","3","3","100.00%","4","100.00%"
"=""6412""","群電","3","3","100.00%","3","100.00%"
"=""6414""","樺漢","3","3","100.00%","4","100.00%"
"=""6415""","矽力*-KY","3","3","100.00%","3","100.00%"
"=""6416""","瑞祺電通","3","3","100.00%","3","100.00%"
"=""6423""","億而得-創","4","4","100.00%","4","100.00%"
"=""6426""","統新","3","3","100.00%","3","94.00%"
"=""6431""","光麗-KY","3","3","100.00%","3","100.00%"
"=""6438""","迅得","3","3","91.70%","3","94.40%"
"=""6442""","光聖","4","3","100.00%","3","100.00%"
"=""6443""","元晶","3","3","100.00%","3","100.00%"
"=""6446""","藥華藥","4","3","100.00%","3","100.00%"
"=""6449""","鈺邦","3","3","100.00%","3","100.00%"
"=""6451""","訊芯-KY","3","3","100.00%","3","100.00%"
"=""6456""","GIS-KY","3","3","100.00%","3","100.00%"
"=""6464""","台數科","3","3","100.00%","3","100.00%"
"=""6472""","保瑞","3","3","94.44%","3","91.11%"
"=""6477""","安集","3","3","100.00%","3","100.00%"
"=""6491""","晶碩","3","3","83.00%","3","86.00%"
"=""6504""","南六","3","3","83.33%","3","93.33%"
"=""6505""","台塑化","3","3","100.00%","3","100.00%"
"=""6515""","穎崴","4","4","93.33%","4","95.83%"
"=""6525""","捷敏-KY","4","4","100.00%","4","100.00%"
"=""6526""","達發","4","4","100.00%","4","100.00%"
"=""6531""","愛普*","4","3","100.00%","4","96.43%"
"=""6533""","晶心科","3","3","100.00%","3","100.00%"
"=""6534""","正瀚-創","3","3","100.00%","3","100.00%"
"=""6541""","泰福-KY","3","3","100.00%","3","94.44%"
"=""6550""","北極星藥業-KY","3","2","94.44%","2","93.75%"
"=""6552""","易華電","3","3","100.00%","3","100.00%"
"=""6558""","興能高","3","3","100.00%","3","100.00%"
"=""6573""","虹揚-KY","4","4","100.00%","4","100.00%"
"=""6579""","研揚","3","3","100.00%","3","100.00%"
"=""6581""","鋼聯","4","4","91.67%","4","93.75%"
"=""6582""","申豐","3","3","100.00%","3","100.00%"
"=""6585""","鼎基","4","4","100.00%","4","100.00%"
"=""6591""","動力-KY","3","3","100.00%","4","100.00%"
"=""6592""","和潤企業","3","3","100.00%","3","100.00%"
"=""6598""","ABC-KY","3","3","100.00%","3","100.00%"
"=""6605""","帝寶","4","3","100.00%","4","100.00%"
"=""6606""","建德工業","3","3","100.00%","3","100.00%"
"=""6625""","必應","4","4","100.00%","4","100.00%"
"=""6641""","基士德-KY","3","3","100.00%","3","100.00%"
"=""6645""","金萬林-創","3","3","100.00%","3","95.80%"
"=""6655""","科定","4","4","100.00%","4","100.00%"
"=""6657""","華安","3","3","100.00%","3","100.00%"
"=""6658""","聯策","3","3","100.00%","3","100.00%"
"=""6666""","羅麗芬-KY","3","3","100.00%","4","100.00%"
"=""6668""","中揚光","3","3","88.89%","3","94.44%"
"=""6669""","緯穎","3","3","100.00%","4","100.00%"
"=""6670""","復盛應用","3","3","100.00%","3","100.00%"
"=""6671""","三能-KY","3","3","100.00%","3","100.00%"
"=""6672""","騰輝電子-KY","3","3","100.00%","3","3.00%"
"=""6674""","鋐寶科技","3","3","83.33%","3","83.33%"
"=""6689""","伊雲谷","3","2","100.00%","2","100.00%"
"=""6691""","洋基工程","3","3","100.00%","4","100.00%"
"=""6695""","芯鼎","3","3","100.00%","3","100.00%"
"=""6698""","旭暉應材","4","4","91.67%","4","96.43%"
"=""6706""","惠特","3","3","100.00%","3","94.00%"
"=""6715""","嘉基","3","3","100.00%","3","93.33%"
"=""6719""","力智","3","3","100.00%","3","94.44%"
"=""6742""","澤米","3","3","100.00%","3","96.30%"
"=""6743""","安普新","4","4","87.50%","4","91.67%"
"=""6753""","龍德造船","3","3","100.00%","3","100.00%"
"=""6754""","匯僑設計","3","3","100.00%","4","100.00%"
"=""6756""","威鋒電子","3","3","100.00%","3","100.00%"
"=""6757""","台灣虎航-創","3","3","100.00%","3","100.00%"
"=""6768""","志強-KY","3","3","100.00%","3","100.00%"
"=""6770""","力積電","3","3","100.00%","5","100.00%"
"=""6771""","平和環保-創","3","3","100.00%","3","100.00%"
"=""6776""","展碁國際","4","4","100.00%","4","100.00%"
"=""6781""","AES-KY","3","3","83.33%","4","91.66%"
"=""6782""","視陽","3","3","100.00%","4","100.00%"
"=""6789""","采鈺","4","4","100.00%","4","100.00%"
"=""6790""","永豐實","3","3","100.00%","3","100.00%"
"=""6792""","詠業","3","3","100.00%","4","100.00%"
"=""6794""","向榮生技-創","3","3","100.00%","3","94.44%"
"=""6796""","晉弘","4","4","100.00%","4","100.00%"
"=""6799""","來頡","3","3","100.00%","3","100.00%"
"=""6805""","富世達","3","3","100.00%","3","100.00%"
"=""6806""","森崴能源","3","3","100.00%","3","90.48%"
"=""6807""","峰源-KY","4","4","100.00%","4","100.00%"
"=""6830""","汎銓","3","3","100.00%","4","100.00%"
"=""6834""","天二科技","3","3","100.00%","3","100.00%"
"=""6835""","圓裕","3","3","100.00%","3","100.00%"
"=""6854""","錼創科技-KY創","3","3","88.89%","4","94.44%"
"=""6861""","睿生光電","3","3","88.89%","3","93.33%"
"=""6863""","永道-KY","3","3","100.00%","3","100.00%"
"=""6869""","雲豹能源-創","3","3","85.00%","4","97.00%"
"=""6873""","泓德能源-創","3","3","93.33%","3","93.33%"
"=""6890""","來億-KY","3","3","1.00%","3","1.00%"
"=""6901""","鑽石投資","3","3","100.00%","3","100.00%"
"=""6902""","走著瞧-創","3","3","100.00%","3","100.00%"
"=""6906""","現觀科","4","4","94.00%","4","86.00%"
"=""6914""","阜爾運通","3","3","100.00%","3","100.00%"
"=""6916""","華凌","4","4","95.83%","4","90.00%"
"=""6928""","攸泰科技","3","3","100.00%","3","100.00%"
"=""6933""","AMAX-KY","4","4","81.25%","4","100.00%"
"=""6937""","天虹","3","3","93.33%","4","96.67%"
"=""6949""","沛爾生醫-創","0","0","0.00%","0","0.00%"
"=""6951""","青新-創","3","3","100.00%","3","100.00%"
"=""6952""","大武山","3","3","100.00%","3","100.00%"
"=""6957""","裕慶-KY","4","4","97.73%","4","97.22%"
"=""8011""","台通","3","3","86.67%","4","85.71%"
"=""8016""","矽創","3","3","100.00%","4","100.00%"
"=""8021""","尖點","3","3","100.00%","4","100.00%"
"=""8028""","昇陽半導體","3","3","100.00%","3","100.00%"
"=""8033""","雷虎","3","2","100.00%","3","100.00%"
"=""8039""","台虹","3","3","100.00%","3","100.00%"
"=""8046""","南電","3","3","100.00%","3","100.00%"
"=""8070""","長華*","3","3","100.00%","3","100.00%"
"=""8072""","陞泰","4","4","100.00%","4","100.00%"
"=""8081""","致新","3","3","100.00%","3","100.00%"
"=""8101""","華冠","3","3","100.00%","3","92.00%"
"=""8103""","瀚荃","3","3","100.00%","4","100.00%"
"=""8104""","錸寶","3","3","100.00%","3","100.00%"
"=""8105""","凌巨","3","3","100.00%","3","100.00%"
"=""8110""","華東","3","2","100.00%","4","100.00%"
"=""8112""","至上","3","3","100.00%","4","100.00%"
"=""8114""","振樺電","3","3","100.00%","3","100.00%"
"=""8131""","福懋科","3","2","77.78%","2","75.00%"
"=""8150""","南茂","3","3","94.44%","5","96.67%"
"=""8162""","微矽電子","4","4","100.00%","4","94.74%"
"=""8163""","達方","4","4","100.00%","4","100.00%"
"=""8201""","無敵","3","3","100.00%","3","100.00%"
"=""8210""","勤誠","3","3","100.00%","4","100.00%"
"=""8213""","志超","3","3","100.00%","4","100.00%"
"=""8215""","明基材","4","4","100.00%","4","100.00%"
"=""8222""","寶一","4","4","100.00%","4","100.00%"
"=""8249""","菱光","3","3","100.00%","3","100.00%"
"=""8261""","富鼎","3","3","100.00%","3","100.00%"
"=""8271""","宇瞻","3","3","100.00%","3","100.00%"
"=""8341""","日友","4","4","90.91%","4","100.00%"
"=""8367""","建新國際","4","4","100.00%","4","95.00%"
"=""8374""","羅昇","3","3","100.00%","3","100.00%"
"=""8404""","百和興業-KY","4","4","100.00%","4","93.18%"
"=""8411""","福貞-KY","3","3","83.33%","4","90.91%"
"=""8422""","可寧衛","4","4","100.00%","4","100.00%"
"=""8429""","金麗-KY","3","3","100.00%","3","100.00%"
"=""8438""","昶昕","3","3","100.00%","4","100.00%"
"=""8442""","威宏-KY","3","3","100.00%","3","100.00%"
"=""8443""","阿瘦","3","3","100.00%","3","100.00%"
"=""8454""","富邦媒","3","3","100.00%","3","100.00%"
"=""8462""","柏文","3","3","100.00%","3","100.00%"
"=""8463""","潤泰材","3","3","100.00%","3","100.00%"
"=""8464""","億豐","3","3","100.00%","3","100.00%"
"=""8466""","美吉吉-KY","3","3","100.00%","3","100.00%"
"=""8467""","波力-KY","3","3","100.00%","3","94.44%"
"=""8473""","山林水","3","3","100.00%","3","96.29%"
"=""8476""","台境","3","3","91.67%","4","93.75%"
"=""8478""","東哥遊艇","3","3","100.00%","3","100.00%"
"=""8481""","政伸","3","3","83.33%","3","93.33%"
"=""8482""","商億-KY","4","4","85.71%","4","94.11%"
"=""8487""","愛爾達","4","4","91.67%","4","94.44%"
"=""8488""","吉源-KY","3","3","100.00%","3","100.00%"
"=""8499""","鼎炫-KY","3","3","100.00%","3","100.00%"
"=""8926""","台汽電","4","3","92.86%","3","100.00%"
"=""8940""","新天地","3","3","100.00%","3","100.00%"
"=""8996""","高力","3","3","100.00%","3","100.00%"
"=""9802""","鈺齊-KY","3","3","100.00%","5","100.00%"
"=""9902""","台火","3","3","100.00%","3","100.00%"
"=""9904""","寶成","3","3","100.00%","3","100.00%"
"=""9905""","大華","3","3","83.33%","3","83.33%"
"=""9906""","欣巴巴","3","3","100.00%","3","94.44%"
"=""9907""","統一實","3","3","100.00%","3","100.00%"
"=""9908""","大台北","3","3","100.00%","3","100.00%"
"=""9910""","豐泰","4","4","100.00%","4","100.00%"
"=""9911""","櫻花","3","2","100.00%","3","100.00%"
"=""9912""","偉聯","3","3","100.00%","3","93.33%"
"=""9914""","美利達","3","2","100.00%","4","100.00%"
"=""9917""","中保科","3","2","88.00%","3","73.00%"
"=""9918""","欣天然","3","2","100.00%","5","90.00%"
"=""9919""","康那香","4","4","100.00%","4","100.00%"
"=""9921""","巨大","3","3","100.00%","3","100.00%"
"=""9924""","福興","3","3","100.00%","3","100.00%"
"=""9925""","新保","3","3","100.00%","4","95.00%"
"=""9926""","新海","3","3","100.00%","3","100.00%"
"=""9927""","泰銘","5","3","100.00%","3","100.00%"
"=""9928""","中視","3","2","100.00%","4","100.00%"
"=""9929""","秋雨","3","2","100.00%","3","100.00%"
"=""9930""","中聯資源","3","3","100.00%","5","100.00%"
"=""9931""","欣高","3","3","88.89%","3","91.67%"
"=""9933""","中鼎","4","4","100.00%","4","100.00%"
"=""9934""","成霖","5","3","92.00%","4","92.86%"
"=""9935""","慶豐富","3","3","100.00%","3","100.00%"
"=""9937""","全國","3","3","100.00%","3","100.00%"
"=""9938""","百和","4","4","100.00%","4","100.00%"
"=""9939""","宏全","3","3","83.00%","3","89.00%"
"=""9940""","信義","4","4","90.63%","4","91.67%"
"=""9941""","裕融","4","4","100.00%","4","100.00%"
"=""9942""","茂順","4","4","100.00%","4","100.00%"
"=""9943""","好樂迪","3","3","100.00%","3","100.00%"
"=""9944""","新麗","3","3","100.00%","3","100.00%"
"=""9945""","潤泰新","3","3","100.00%","3","100.00%"
"=""9946""","三發地產","3","3","100.00%","3","100.00%"
"=""9955""","佳龍","3","2","100.00%","4","91.67%"
"=""9958""","世紀鋼","3","3","100.00%","3","100.00%"