"報告年度:2023","議題:持股及控制力"
"公司代號","公司名稱","前10大股東持股情況-前10大股東持股情況"
"=""1240""","茂生農經","https://doc.twse.com.tw/server-java/t144sb10?step=9&filename=2024_1240_20240624F17.pdf"
"=""1259""","安心","https://doc.twse.com.tw/server-java/t144sb10?step=9&filename=2024_1259_20240531F17.pdf"
"=""1264""","德麥","https://doc.twse.com.tw/server-java/t144sb10?step=9&filename=2024_1264_20240530F17.pdf"
"=""1268""","漢來美食","https://doc.twse.com.tw/server-java/t144sb10?step=9&filename=2024_1268_20240530F17.pdf"
"=""1336""","台翰","https://doc.twse.com.tw/server-java/t144sb10?step=9&filename=2024_1336_20240612F17.pdf"
"=""1565""","精華","https://doc.twse.com.tw/server-java/t144sb10?step=9&filename=2024_1565_20240613F17.pdf"
"=""1569""","濱川","https://doc.twse.com.tw/server-java/t144sb10?step=9&filename=2024_1569_20240619F17.pdf"
"=""1570""","力肯","https://doc.twse.com.tw/server-java/t144sb10?step=9&filename=2024_1570_20240614F17.pdf"
"=""1580""","新麥","https://doc.twse.com.tw/server-java/t144sb10?step=9&filename=2024_1580_20240621F17.pdf"
"=""1584""","精剛","https://doc.twse.com.tw/server-java/t144sb10?step=9&filename=2024_1584_20240529F17.pdf"
"=""1586""","和勤","https://doc.twse.com.tw/server-java/t144sb10?step=9&filename=2024_1586_20240530F17.pdf"
"=""1591""","駿吉-KY","https://doc.twse.com.tw/server-java/t144sb10?step=9&filename=2024_1591_20240515F17.pdf"
"=""1593""","祺驊","https://doc.twse.com.tw/server-java/t144sb10?step=9&filename=2024_1593_20240614F17.pdf"
"=""1595""","川寶","https://doc.twse.com.tw/server-java/t144sb10?step=9&filename=2024_1595_20240618F17.pdf"
"=""1599""","宏佳騰","https://doc.twse.com.tw/server-java/t144sb10?step=9&filename=2024_1599_20240620F17.pdf"
"=""1742""","台蠟","https://doc.twse.com.tw/server-java/t144sb10?step=9&filename=2024_1742_20240618F17.pdf"
"=""1777""","生泰","https://doc.twse.com.tw/server-java/t144sb10?step=9&filename=2024_1777_20240620F17.pdf"
"=""1781""","合世","https://doc.twse.com.tw/server-java/t144sb10?step=9&filename=2024_1781_20240621F17.pdf"
"=""1784""","訊聯","https://doc.twse.com.tw/server-java/t144sb10?step=9&filename=2024_1784_20240619F17.pdf"
"=""1785""","光洋科","https://doc.twse.com.tw/server-java/t144sb10?step=9&filename=2024_1785_20240530F17.pdf"
"=""1788""","杏昌","https://doc.twse.com.tw/server-java/t144sb10?step=9&filename=2024_1788_20240529F17.doc"
"=""1796""","金穎生技","https://doc.twse.com.tw/server-java/t144sb10?step=9&filename=2024_1796_20240619F17.pdf"
"=""1799""","易威","https://doc.twse.com.tw/server-java/t144sb10?step=9&filename=2024_1799_20240627F17.pdf"
"=""1813""","寶利徠","https://doc.twse.com.tw/server-java/t144sb10?step=9&filename=2024_1813_20240531F17.pdf"
"=""1815""","富喬","https://doc.twse.com.tw/server-java/t144sb10?step=9&filename=2024_1815_20240618F17.pdf"
"=""2035""","唐榮公司","https://doc.twse.com.tw/server-java/t144sb10?step=9&filename=2024_2035_20240625F17.pdf"
"=""2061""","風青","https://doc.twse.com.tw/server-java/t144sb10?step=9&filename=2024_2061_20240620F17.pdf"
"=""2063""","世鎧","https://doc.twse.com.tw/server-java/t144sb10?step=9&filename=2024_2063_20240531F17.pdf"
"=""2064""","晉椿","https://doc.twse.com.tw/server-java/t144sb10?step=9&filename=2024_2064_20240612F17.pdf"
"=""2065""","世豐","https://doc.twse.com.tw/server-java/t144sb10?step=9&filename=2024_2065_20240524F17.pdf"
"=""2066""","世德","https://doc.twse.com.tw/server-java/t144sb10?step=9&filename=2024_2066_20240530F17.pdf"
"=""2067""","嘉鋼","https://doc.twse.com.tw/server-java/t144sb10?step=9&filename=2024_2067_20240628F17.pdf"
"=""2070""","精湛","https://doc.twse.com.tw/server-java/t144sb10?step=9&filename=2024_2070_20240606F17.pdf"
"=""2073""","雄順","https://doc.twse.com.tw/server-java/t144sb10?step=9&filename=2024_2073_20240618F17.pdf"
"=""2221""","大甲","https://doc.twse.com.tw/server-java/t144sb10?step=9&filename=2024_2221_20240618F17.pdf"
"=""2230""","泰茂","https://doc.twse.com.tw/server-java/t144sb10?step=9&filename=2024_2230_20240614F17.pdf"
"=""2235""","謚源","https://doc.twse.com.tw/server-java/t144sb10?step=9&filename=2024_2235_20240624F17.pdf"
"=""2596""","綠意","https://doc.twse.com.tw/server-java/t144sb10?step=9&filename=2024_2596_20240626F17.pdf"
"=""2640""","大車隊","https://doc.twse.com.tw/server-java/t144sb10?step=9&filename=2024_2640_20240612F17.pdf"
"=""2641""","正德","https://doc.twse.com.tw/server-java/t144sb10?step=9&filename=2024_2641_20240530F17.pdf"
"=""2643""","捷迅","https://doc.twse.com.tw/server-java/t144sb10?step=9&filename=2024_2643_20240621F17.pdf"
"=""2718""","晶悅","https://doc.twse.com.tw/server-java/t144sb10?step=9&filename=2024_2718_20240626F17.pdf"
"=""2719""","燦星旅","https://doc.twse.com.tw/server-java/t144sb10?step=9&filename=2024_2719_20240619F17.pdf"
"=""2724""","藝舍-KY","https://doc.twse.com.tw/server-java/t144sb10?step=9&filename=2024_2724_20240625F17.pdf"
"=""2726""","雅茗-KY","https://doc.twse.com.tw/server-java/t144sb10?step=9&filename=2024_2726_20240617F17.pdf"
"=""2729""","瓦城","https://doc.twse.com.tw/server-java/t144sb10?step=9&filename=2024_2729_20240618F17.pdf"
"=""2732""","六角","https://doc.twse.com.tw/server-java/t144sb10?step=9&filename=2024_2732_20240605F17.pdf"
"=""2734""","易飛網","https://doc.twse.com.tw/server-java/t144sb10?step=9&filename=2024_2734_20240627F17.pdf"
"=""2736""","富野","https://doc.twse.com.tw/server-java/t144sb10?step=9&filename=2024_2736_20240524F17.pdf"
"=""2740""","天蔥","https://doc.twse.com.tw/server-java/t144sb10?step=9&filename=2024_2740_20240529F17.pdf"
"=""2743""","山富","https://doc.twse.com.tw/server-java/t144sb10?step=9&filename=2024_2743_20240612F17.pdf"
"=""2745""","五福","https://doc.twse.com.tw/server-java/t144sb10?step=9&filename=2024_2745_20240617F17.pdf"
"=""2752""","豆府","https://doc.twse.com.tw/server-java/t144sb10?step=9&filename=2024_2752_20240530F17.pdf"
"=""2754""","亞洲藏壽司","https://doc.twse.com.tw/server-java/t144sb10?step=9&filename=2024_2754_20240627F17.pdf"
"=""2755""","揚秦","https://doc.twse.com.tw/server-java/t144sb10?step=9&filename=2024_2755_20240529F17.pdf"
"=""2756""","聯發國際","https://doc.twse.com.tw/server-java/t144sb10?step=9&filename=2024_2756_20240527F17.pdf"
"=""2916""","滿心","https://doc.twse.com.tw/server-java/t144sb10?step=9&filename=2024_2916_20240529F17.pdf"
"=""2924""","宏太-KY","https://doc.twse.com.tw/server-java/t144sb10?step=9&filename=2024_2924_20240603F17.pdf"
"=""2926""","誠品生活","https://doc.twse.com.tw/server-java/t144sb10?step=9&filename=2024_2926_20240528F17.pdf"
"=""2937""","集雅社","https://doc.twse.com.tw/server-java/t144sb10?step=9&filename=2024_2937_20240618F17.pdf"
"=""2941""","米斯特","https://doc.twse.com.tw/server-java/t144sb10?step=9&filename=2024_2941_20240617F17.pdf"
"=""2947""","振宇五金","https://doc.twse.com.tw/server-java/t144sb10?step=9&filename=2024_2947_20240528F17.pdf"
"=""2948""","寶陞","https://doc.twse.com.tw/server-java/t144sb10?step=9&filename=2024_2948_20240624F17.pdf"
"=""2949""","欣新網","https://doc.twse.com.tw/server-java/t144sb10?step=9&filename=2024_2949_20240626F17.pdf"
"=""3064""","泰偉","https://doc.twse.com.tw/server-java/t144sb10?step=9&filename=2024_3064_20240618F17.pdf"
"=""3066""","李洲","https://doc.twse.com.tw/server-java/t144sb10?step=9&filename=2024_3066_20240607F17.pdf"
"=""3067""","全域","https://doc.twse.com.tw/server-java/t144sb10?step=9&filename=2024_3067_20240621F17.pdf"
"=""3071""","協禧","https://doc.twse.com.tw/server-java/t144sb10?step=9&filename=2024_3071_20240619F17.pdf"
"=""3073""","天方能源","https://doc.twse.com.tw/server-java/t144sb10?step=9&filename=2024_3073_20240621F17.pdf"
"=""3078""","僑威","https://doc.twse.com.tw/server-java/t144sb10?step=9&filename=2024_3078_20240619F17.pdf"
"=""3081""","聯亞","https://doc.twse.com.tw/server-java/t144sb10?step=9&filename=2024_3081_20240529F17.pdf"
"=""3083""","網龍","https://doc.twse.com.tw/server-java/t144sb10?step=9&filename=2024_3083_20240626F17.pdf"
"=""3085""","新零售","https://doc.twse.com.tw/server-java/t144sb10?step=9&filename=2024_3085_20240627F17.pdf"
"=""3086""","華義","https://doc.twse.com.tw/server-java/t144sb10?step=9&filename=2024_3086_20240619F17.pdf"
"=""3088""","艾訊","https://doc.twse.com.tw/server-java/t144sb10?step=9&filename=2024_3088_20240524F17.pdf"
"=""3093""","港建*","https://doc.twse.com.tw/server-java/t144sb10?step=9&filename=2024_3093_20240618F17.pdf"
"=""3095""","及成","https://doc.twse.com.tw/server-java/t144sb10?step=9&filename=2024_3095_20240627F17.pdf"
"=""3105""","穩懋","https://doc.twse.com.tw/server-java/t144sb10?step=9&filename=2024_3105_20240531F17.pdf"
"=""3114""","好德","https://doc.twse.com.tw/server-java/t144sb10?step=9&filename=2024_3114_20240621F17.pdf"
"=""3115""","富榮綱","https://doc.twse.com.tw/server-java/t144sb10?step=9&filename=2024_3115_20240619F17.pdf"
"=""3118""","進階","https://doc.twse.com.tw/server-java/t144sb10?step=9&filename=2024_3118_20240529F17.pdf"
"=""3122""","笙泉","https://doc.twse.com.tw/server-java/t144sb10?step=9&filename=2024_3122_20240520F17.pdf"
"=""3128""","昇銳","https://doc.twse.com.tw/server-java/t144sb10?step=9&filename=2024_3128_20240624F17.pdf"
"=""3131""","弘塑","https://doc.twse.com.tw/server-java/t144sb10?step=9&filename=2024_3131_20240619F17.pdf"
"=""3141""","晶宏","https://doc.twse.com.tw/server-java/t144sb10?step=9&filename=2024_3141_20240516F17.pdf"
"=""3147""","大綜","https://doc.twse.com.tw/server-java/t144sb10?step=9&filename=2024_3147_20240524F17.pdf"
"=""3152""","璟德","https://doc.twse.com.tw/server-java/t144sb10?step=9&filename=2024_3152_20240614F17.pdf"
"=""3162""","精確","https://doc.twse.com.tw/server-java/t144sb10?step=9&filename=2024_3162_20240607F17.pdf"
"=""3163""","波若威","https://doc.twse.com.tw/server-java/t144sb10?step=9&filename=2024_3163_20240521F17.pdf"
"=""3169""","亞信","https://doc.twse.com.tw/server-java/t144sb10?step=9&filename=2024_3169_20240529F17.pdf"
"=""3171""","新洲","https://doc.twse.com.tw/server-java/t144sb10?step=9&filename=2024_3171_20240618F17.pdf"
"=""3176""","基亞","https://doc.twse.com.tw/server-java/t144sb10?step=9&filename=2024_3176_20240528F17.pdf"
"=""3178""","公準","https://doc.twse.com.tw/server-java/t144sb10?step=9&filename=2024_3178_20240626F17.pdf"
"=""3188""","鑫龍騰","https://doc.twse.com.tw/server-java/t144sb10?step=9&filename=2024_3188_20240603F17.pdf"
"=""3191""","雲科","https://doc.twse.com.tw/server-java/t144sb10?step=9&filename=2024_3191_20240627F17.pdf"
"=""3202""","樺晟","https://doc.twse.com.tw/server-java/t144sb10?step=9&filename=2024_3202_20240625F17.pdf"
"=""3205""","佰研","https://doc.twse.com.tw/server-java/t144sb10?step=9&filename=2024_3205_20240626F17.pdf"
"=""3206""","志豐","https://doc.twse.com.tw/server-java/t144sb10?step=9&filename=2024_3206_20240531F17.pdf"
"=""3207""","耀勝","https://doc.twse.com.tw/server-java/t144sb10?step=9&filename=2024_3207_20240625F17.pdf"
"=""3211""","順達","https://doc.twse.com.tw/server-java/t144sb10?step=9&filename=2024_3211_20240612F17.pdf"
"=""3213""","茂訊","https://doc.twse.com.tw/server-java/t144sb10?step=9&filename=2024_3213_20240612F17.pdf"
"=""3217""","優群","https://doc.twse.com.tw/server-java/t144sb10?step=9&filename=2024_3217_20240612F17.pdf"
"=""3218""","大學光","https://doc.twse.com.tw/server-java/t144sb10?step=9&filename=2024_3218_20240619F17.pdf"
"=""3219""","倚強科","https://doc.twse.com.tw/server-java/t144sb10?step=9&filename=2024_3219_20240521F17.pdf"
"=""3221""","台嘉碩","https://doc.twse.com.tw/server-java/t144sb10?step=9&filename=2024_3221_20240531F17.pdf"
"=""3224""","三顧","https://doc.twse.com.tw/server-java/t144sb10?step=9&filename=2024_3224_20240627F17.pdf"
"=""3226""","至寶電","https://doc.twse.com.tw/server-java/t144sb10?step=9&filename=2024_3226_20240627F17.pdf"
"=""3227""","原相","https://doc.twse.com.tw/server-java/t144sb10?step=9&filename=2024_3227_20240531F17.pdf"
"=""3228""","金麗科","https://doc.twse.com.tw/server-java/t144sb10?step=9&filename=2024_3228_20240613F17.pdf"
"=""3230""","錦明","https://doc.twse.com.tw/server-java/t144sb10?step=9&filename=2024_3230_20240625F17.pdf"
"=""3232""","昱捷","https://doc.twse.com.tw/server-java/t144sb10?step=9&filename=2024_3232_20240625F17.pdf"
"=""3234""","光環","https://doc.twse.com.tw/server-java/t144sb10?step=9&filename=2024_3234_20240530F17.pdf"
"=""3236""","千如","https://doc.twse.com.tw/server-java/t144sb10?step=9&filename=2024_3236_20240603F17.pdf"
"=""3252""","海灣","https://doc.twse.com.tw/server-java/t144sb10?step=9&filename=2024_3252_20240621F17.pdf"
"=""3259""","鑫創","https://doc.twse.com.tw/server-java/t144sb10?step=9&filename=2024_3259_20240529F17.pdf"
"=""3260""","威剛","https://doc.twse.com.tw/server-java/t144sb10?step=9&filename=2024_3260_20240527F17.pdf"
"=""3264""","欣銓","https://doc.twse.com.tw/server-java/t144sb10?step=9&filename=2024_3264_20240531F17.pdf"
"=""3265""","台星科","https://doc.twse.com.tw/server-java/t144sb10?step=9&filename=2024_3265_20240521F17.pdf"
"=""3268""","海德威","https://doc.twse.com.tw/server-java/t144sb10?step=9&filename=2024_3268_20240621F17.pdf"
"=""3272""","東碩","https://doc.twse.com.tw/server-java/t144sb10?step=9&filename=2024_3272_20240626F17.pdf"
"=""3276""","宇環","https://doc.twse.com.tw/server-java/t144sb10?step=9&filename=2024_3276_20240621F17.pdf"
"=""3284""","太普高","https://doc.twse.com.tw/server-java/t144sb10?step=9&filename=2024_3284_20240527F17.pdf"
"=""3285""","微端","https://doc.twse.com.tw/server-java/t144sb10?step=9&filename=2024_3285_20240614F17.pdf"
"=""3287""","廣寰科","https://doc.twse.com.tw/server-java/t144sb10?step=9&filename=2024_3287_20240625F17.pdf"
"=""3288""","點晶","https://doc.twse.com.tw/server-java/t144sb10?step=9&filename=2024_3288_20240611F17.pdf"
"=""3289""","宜特","https://doc.twse.com.tw/server-java/t144sb10?step=9&filename=2024_3289_20240614F17.pdf"
"=""3290""","東浦","https://doc.twse.com.tw/server-java/t144sb10?step=9&filename=2024_3290_20240613F17.pdf"
"=""3293""","鈊象","https://doc.twse.com.tw/server-java/t144sb10?step=9&filename=2024_3293_20240624F17.pdf"
"=""3294""","英濟","https://doc.twse.com.tw/server-java/t144sb10?step=9&filename=2024_3294_20240607F17.pdf"
"=""3297""","杭特","https://doc.twse.com.tw/server-java/t144sb10?step=9&filename=2024_3297_20240529F17.pdf"
"=""3303""","岱稜","https://doc.twse.com.tw/server-java/t144sb10?step=9&filename=2024_3303_20240524F17.pdf"
"=""3306""","鼎天","https://doc.twse.com.tw/server-java/t144sb10?step=9&filename=2024_3306_20240612F17.pdf"
"=""3310""","佳穎","https://doc.twse.com.tw/server-java/t144sb10?step=9&filename=2024_3310_20240612F17.pdf"
"=""3313""","斐成","https://doc.twse.com.tw/server-java/t144sb10?step=9&filename=2024_3313_20240524F17.pdf"
"=""3317""","尼克森","https://doc.twse.com.tw/server-java/t144sb10?step=9&filename=2024_3317_20240613F17.pdf"
"=""3322""","建舜電","https://doc.twse.com.tw/server-java/t144sb10?step=9&filename=2024_3322_20240612F17.pdf"
"=""3323""","加百裕","https://doc.twse.com.tw/server-java/t144sb10?step=9&filename=2024_3323_20240613F17.pdf"
"=""3324""","雙鴻","https://doc.twse.com.tw/server-java/t144sb10?step=9&filename=2024_3324_20240524F17.pdf"
"=""3325""","旭品","https://doc.twse.com.tw/server-java/t144sb10?step=9&filename=2024_3325_20240627F17.pdf"
"=""3332""","幸康","https://doc.twse.com.tw/server-java/t144sb10?step=9&filename=2024_3332_20240529F17.pdf"
"=""3339""","泰谷","https://doc.twse.com.tw/server-java/t144sb10?step=9&filename=2024_3339_20240619F17.pdf"
"=""3349""","寶德","https://doc.twse.com.tw/server-java/t144sb10?step=9&filename=2024_3349_20240627F17.pdf"
"=""3354""","律勝","https://doc.twse.com.tw/server-java/t144sb10?step=9&filename=2024_3354_20240620F17.pdf"
"=""3357""","臺慶科","https://doc.twse.com.tw/server-java/t144sb10?step=9&filename=2024_3357_20240531F17.pdf"
"=""3360""","尚立","https://doc.twse.com.tw/server-java/t144sb10?step=9&filename=2024_3360_20240607F17.pdf"
"=""3362""","先進光","https://doc.twse.com.tw/server-java/t144sb10?step=9&filename=2024_3362_20240620F17.pdf"
"=""3363""","上詮","https://doc.twse.com.tw/server-java/t144sb10?step=9&filename=2024_3363_20240530F17.pdf"
"=""3372""","典範","https://doc.twse.com.tw/server-java/t144sb10?step=9&filename=2024_3372_20240612F17.pdf"
"=""3373""","熱映","https://doc.twse.com.tw/server-java/t144sb10?step=9&filename=2024_3373_20240612F17.pdf"
"=""3374""","精材","https://doc.twse.com.tw/server-java/t144sb10?step=9&filename=2024_3374_20240530F17.pdf"
"=""3379""","彬台","https://doc.twse.com.tw/server-java/t144sb10?step=9&filename=2024_3379_20240624F17.pdf"
"=""3388""","崇越電","https://doc.twse.com.tw/server-java/t144sb10?step=9&filename=2024_3388_20240531F17.pdf"
"=""3390""","旭軟","https://doc.twse.com.tw/server-java/t144sb10?step=9&filename=2024_3390_20240613F17.pdf"
"=""3402""","漢科","https://doc.twse.com.tw/server-java/t144sb10?step=9&filename=2024_3402_20240627F17.pdf"
"=""3426""","台興","https://doc.twse.com.tw/server-java/t144sb10?step=9&filename=2024_3426_20240530F17.pdf"
"=""3430""","奇鈦科","https://doc.twse.com.tw/server-java/t144sb10?step=9&filename=2024_3430_20240614F17.pdf"
"=""3434""","哲固","https://doc.twse.com.tw/server-java/t144sb10?step=9&filename=2024_3434_20240613F17.pdf"
"=""3438""","類比科","https://doc.twse.com.tw/server-java/t144sb10?step=9&filename=2024_3438_20240531F17.pdf"
"=""3441""","聯一光電","https://doc.twse.com.tw/server-java/t144sb10?step=9&filename=2024_3441_20240529F17.pdf"
"=""3444""","利機","https://doc.twse.com.tw/server-java/t144sb10?step=9&filename=2024_3444_20240613F17.pdf"
"=""3455""","由田","https://doc.twse.com.tw/server-java/t144sb10?step=9&filename=2024_3455_20240612F17.pdf"
"=""3465""","進泰電子","https://doc.twse.com.tw/server-java/t144sb10?step=9&filename=2024_3465_20240627F17.pdf"
"=""3466""","德晉","https://doc.twse.com.tw/server-java/t144sb10?step=9&filename=2024_3466_20240605F17.pdf"
"=""3479""","安勤","https://doc.twse.com.tw/server-java/t144sb10?step=9&filename=2024_3479_20240612F17.pdf"
"=""3483""","力致","https://doc.twse.com.tw/server-java/t144sb10?step=9&filename=2024_3483_20240529F17.pdf"
"=""3484""","崧騰","https://doc.twse.com.tw/server-java/t144sb10?step=9&filename=2024_3484_20240625F17.pdf"
"=""3489""","森寶","https://doc.twse.com.tw/server-java/t144sb10?step=9&filename=2024_3489_20240531F17.pdf"
"=""3490""","單井","https://doc.twse.com.tw/server-java/t144sb10?step=9&filename=2024_3490_20240529F17.pdf"
"=""3491""","昇達科","https://doc.twse.com.tw/server-java/t144sb10?step=9&filename=2024_3491_20240619F17.pdf"
"=""3492""","長盛","https://doc.twse.com.tw/server-java/t144sb10?step=9&filename=2024_3492_20240620F17.pdf"
"=""3498""","陽程","https://doc.twse.com.tw/server-java/t144sb10?step=9&filename=2024_3498_20240614F17.pdf"
"=""3499""","環天科","https://doc.twse.com.tw/server-java/t144sb10?step=9&filename=2024_3499_20240605F17.pdf"
"=""3508""","位速","https://doc.twse.com.tw/server-java/t144sb10?step=9&filename=2024_3508_20240627F17.pdf"
"=""3511""","矽瑪","https://doc.twse.com.tw/server-java/t144sb10?step=9&filename=2024_3511_20240607F17.pdf"
"=""3512""","皇龍","https://doc.twse.com.tw/server-java/t144sb10?step=9&filename=2024_3512_20240613F17.pdf"
"=""3516""","亞帝歐","https://doc.twse.com.tw/server-java/t144sb10?step=9&filename=2024_3516_20240618F17.pdf"
"=""3520""","華盈","https://doc.twse.com.tw/server-java/t144sb10?step=9&filename=2024_3520_20240625F17.pdf"
"=""3521""","鴻翊","https://doc.twse.com.tw/server-java/t144sb10?step=9&filename=2024_3521_20240627F17.pdf"
"=""3522""","御頂","https://doc.twse.com.tw/server-java/t144sb10?step=9&filename=2024_3522_20240627F17.pdf"
"=""3523""","迎輝","https://doc.twse.com.tw/server-java/t144sb10?step=9&filename=2024_3523_20240626F17.pdf"
"=""3526""","凡甲","https://doc.twse.com.tw/server-java/t144sb10?step=9&filename=2024_3526_20240619F17.pdf"
"=""3527""","聚積","https://doc.twse.com.tw/server-java/t144sb10?step=9&filename=2024_3527_20240620F17.pdf"
"=""3529""","力旺","https://doc.twse.com.tw/server-java/t144sb10?step=9&filename=2024_3529_20240619F17.pdf"
"=""3531""","先益","https://doc.twse.com.tw/server-java/t144sb10?step=9&filename=2024_3531_20240612F17.pdf"
"=""3537""","堡達","https://doc.twse.com.tw/server-java/t144sb10?step=9&filename=2024_3537_20240625F17.pdf"
"=""3540""","曜越","https://doc.twse.com.tw/server-java/t144sb10?step=9&filename=2024_3540_20240617F17.pdf"
"=""3541""","西柏","https://doc.twse.com.tw/server-java/t144sb10?step=9&filename=2024_3541_20240620F17.pdf"
"=""3546""","宇峻","https://doc.twse.com.tw/server-java/t144sb10?step=9&filename=2024_3546_20240626F17.pdf"
"=""3548""","兆利","https://doc.twse.com.tw/server-java/t144sb10?step=9&filename=2024_3548_20240618F17.pdf"
"=""3551""","世禾","https://doc.twse.com.tw/server-java/t144sb10?step=9&filename=2024_3551_20240627F17.pdf"
"=""3552""","同致","https://doc.twse.com.tw/server-java/t144sb10?step=9&filename=2024_3552_20240620F17.pdf"
"=""3555""","博士旺","https://doc.twse.com.tw/server-java/t144sb10?step=9&filename=2024_3555_20240524F17.pdf"
"=""3556""","禾瑞亞","https://doc.twse.com.tw/server-java/t144sb10?step=9&filename=2024_3556_20240529F17.pdf"
"=""3558""","神準","https://doc.twse.com.tw/server-java/t144sb10?step=9&filename=2024_3558_20240530F17.pdf"
"=""3564""","其陽","https://doc.twse.com.tw/server-java/t144sb10?step=9&filename=2024_3564_20240614F17.pdf"
"=""3567""","逸昌","https://doc.twse.com.tw/server-java/t144sb10?step=9&filename=2024_3567_20240613F17.pdf"
"=""3570""","大塚","https://doc.twse.com.tw/server-java/t144sb10?step=9&filename=2024_3570_20240621F17.pdf"
"=""3577""","泓格","https://doc.twse.com.tw/server-java/t144sb10?step=9&filename=2024_3577_20240613F17.pdf"
"=""3580""","友威科","https://doc.twse.com.tw/server-java/t144sb10?step=9&filename=2024_3580_20240527F17.pdf"
"=""3581""","博磊","https://doc.twse.com.tw/server-java/t144sb10?step=9&filename=2024_3581_20240611F17.pdf"
"=""3587""","閎康","https://doc.twse.com.tw/server-java/t144sb10?step=9&filename=2024_3587_20240614F17.pdf"
"=""3594""","磐儀","https://doc.twse.com.tw/server-java/t144sb10?step=9&filename=2024_3594_20240627F17.pdf"
"=""3597""","映興","https://doc.twse.com.tw/server-java/t144sb10?step=9&filename=2024_3597_20240527F17.pdf"
"=""3609""","三一東林","https://doc.twse.com.tw/server-java/t144sb10?step=9&filename=2024_3609_20240619F17.pdf"
"=""3611""","鼎翰","https://doc.twse.com.tw/server-java/t144sb10?step=9&filename=2024_3611_20240618F17.pdf"
"=""3615""","安可","https://doc.twse.com.tw/server-java/t144sb10?step=9&filename=2024_3615_20240621F17.pdf"
"=""3623""","富晶通","https://doc.twse.com.tw/server-java/t144sb10?step=9&filename=2024_3623_20240619F17.pdf"
"=""3624""","光頡","https://doc.twse.com.tw/server-java/t144sb10?step=9&filename=2024_3624_20240625F17.pdf"
"=""3625""","西勝","https://doc.twse.com.tw/server-java/t144sb10?step=9&filename=2024_3625_20240627F17.pdf"
"=""3628""","盈正","https://doc.twse.com.tw/server-java/t144sb10?step=9&filename=2024_3628_20240625F17.pdf"
"=""3629""","地心引力","https://doc.twse.com.tw/server-java/t144sb10?step=9&filename=2024_3629_20240614F17.pdf"
"=""3630""","新鉅科","https://doc.twse.com.tw/server-java/t144sb10?step=9&filename=2024_3630_20240624F17.pdf"
"=""3631""","晟楠","https://doc.twse.com.tw/server-java/t144sb10?step=9&filename=2024_3631_20240628F17.pdf"
"=""3632""","研勤","https://doc.twse.com.tw/server-java/t144sb10?step=9&filename=2024_3632_20240626F17.xls"
"=""3646""","艾恩特","https://doc.twse.com.tw/server-java/t144sb10?step=9&filename=2024_3646_20240614F17.pdf"
"=""3663""","鑫科","https://doc.twse.com.tw/server-java/t144sb10?step=9&filename=2024_3663_20240410F17.pdf"
"=""3664""","安瑞-KY","https://doc.twse.com.tw/server-java/t144sb10?step=9&filename=2024_3664_20240624F17.pdf"
"=""3666""","光耀","https://doc.twse.com.tw/server-java/t144sb10?step=9&filename=2024_3666_20240624F17.pdf"
"=""3672""","康聯訊","https://doc.twse.com.tw/server-java/t144sb10?step=9&filename=2024_3672_20240618F17.pdf"
"=""3675""","德微","https://doc.twse.com.tw/server-java/t144sb10?step=9&filename=2024_3675_20240628F17.pdf"
"=""3680""","家登","https://doc.twse.com.tw/server-java/t144sb10?step=9&filename=2024_3680_20240524F17.pdf"
"=""3684""","榮昌","https://doc.twse.com.tw/server-java/t144sb10?step=9&filename=2024_3684_20240521F17.pdf"
"=""3685""","元創精密","https://doc.twse.com.tw/server-java/t144sb10?step=9&filename=2024_3685_20240530F17.pdf"
"=""3687""","歐買尬","https://doc.twse.com.tw/server-java/t144sb10?step=9&filename=2024_3687_20240621F17.pdf"
"=""3689""","湧德","https://doc.twse.com.tw/server-java/t144sb10?step=9&filename=2024_3689_20240618F17.pdf"
"=""3691""","碩禾","https://doc.twse.com.tw/server-java/t144sb10?step=9&filename=2024_3691_20240607F17.pdf"
"=""3693""","營邦","https://doc.twse.com.tw/server-java/t144sb10?step=9&filename=2024_3693_20240627F17.pdf"
"=""3707""","漢磊","https://doc.twse.com.tw/server-java/t144sb10?step=9&filename=2024_3707_20240614F17.pdf"
"=""3709""","鑫聯大投控","https://doc.twse.com.tw/server-java/t144sb10?step=9&filename=2024_3709_20240530F17.pdf"
"=""3710""","連展投控","https://doc.twse.com.tw/server-java/t144sb10?step=9&filename=2024_3710_20240626F17.pdf"
"=""3713""","新晶投控","https://doc.twse.com.tw/server-java/t144sb10?step=9&filename=2024_3713_20240627F17.pdf"
"=""4102""","永日","https://doc.twse.com.tw/server-java/t144sb10?step=9&filename=2024_4102_20240530F17.pdf"
"=""4105""","東洋","https://doc.twse.com.tw/server-java/t144sb10?step=9&filename=2024_4105_20240530F17.pdf"
"=""4107""","邦特","https://doc.twse.com.tw/server-java/t144sb10?step=9&filename=2024_4107_20240619F17.pdf"
"=""4109""","加捷生醫","https://doc.twse.com.tw/server-java/t144sb10?step=9&filename=2024_4109_20240619F17.pdf"
"=""4111""","濟生","https://doc.twse.com.tw/server-java/t144sb10?step=9&filename=2024_4111_20240613F17.pdf"
"=""4113""","聯上","https://doc.twse.com.tw/server-java/t144sb10?step=9&filename=2024_4113_20240625F17.pdf"
"=""4114""","健喬","https://doc.twse.com.tw/server-java/t144sb10?step=9&filename=2024_4114_20240530F17.pdf"
"=""4116""","明基醫","https://doc.twse.com.tw/server-java/t144sb10?step=9&filename=2024_4116_20240607F17.pdf"
"=""4120""","友華","https://doc.twse.com.tw/server-java/t144sb10?step=9&filename=2024_4120_20240620F17.pdf"
"=""4121""","優盛","https://doc.twse.com.tw/server-java/t144sb10?step=9&filename=2024_4121_20240524F17.pdf"
"=""4123""","晟德","https://doc.twse.com.tw/server-java/t144sb10?step=9&filename=2024_4123_20240625F17.pdf"
"=""4126""","太醫","https://doc.twse.com.tw/server-java/t144sb10?step=9&filename=2024_4126_20240614F17.pdf"
"=""4127""","天良","https://doc.twse.com.tw/server-java/t144sb10?step=9&filename=2024_4127_20240628F17.pdf"
"=""4128""","中天","https://doc.twse.com.tw/server-java/t144sb10?step=9&filename=2024_4128_20240530F17.pdf"
"=""4129""","聯合","https://doc.twse.com.tw/server-java/t144sb10?step=9&filename=2024_4129_20240618F17.pdf"
"=""4130""","健亞","https://doc.twse.com.tw/server-java/t144sb10?step=9&filename=2024_4130_20240531F17.pdf"
"=""4131""","浩泰","https://doc.twse.com.tw/server-java/t144sb10?step=9&filename=2024_4131_20240625F17.pdf"
"=""4138""","曜亞","https://doc.twse.com.tw/server-java/t144sb10?step=9&filename=2024_4138_20240618F17.pdf"
"=""4139""","馬光-KY","https://doc.twse.com.tw/server-java/t144sb10?step=9&filename=2024_4139_20240618F17.pdf"
"=""4147""","中裕","https://doc.twse.com.tw/server-java/t144sb10?step=9&filename=2024_4147_20240528F17.pdf"
"=""4153""","鈺緯","https://doc.twse.com.tw/server-java/t144sb10?step=9&filename=2024_4153_20240531F17.pdf"
"=""4154""","樂威科-KY","https://doc.twse.com.tw/server-java/t144sb10?step=9&filename=2024_4154_20240531F17.pdf"
"=""4157""","太景*-KY","https://doc.twse.com.tw/server-java/t144sb10?step=9&filename=2024_4157_20240529F17.pdf"
"=""4160""","訊聯基因","https://doc.twse.com.tw/server-java/t144sb10?step=9&filename=2024_4160_20240618F17.pdf"
"=""4161""","聿新科","https://doc.twse.com.tw/server-java/t144sb10?step=9&filename=2024_4161_20240627F17.pdf"
"=""4162""","智擎","https://doc.twse.com.tw/server-java/t144sb10?step=9&filename=2024_4162_20240524F17.pdf"
"=""4163""","鐿鈦","https://doc.twse.com.tw/server-java/t144sb10?step=9&filename=2024_4163_20240619F17.pdf"
"=""4167""","松瑞藥","https://doc.twse.com.tw/server-java/t144sb10?step=9&filename=2024_4167_20240614F17.pdf"
"=""4168""","醣聯","https://doc.twse.com.tw/server-java/t144sb10?step=9&filename=2024_4168_20240614F17.pdf"
"=""4171""","瑞基","https://doc.twse.com.tw/server-java/t144sb10?step=9&filename=2024_4171_20240618F17.pdf"
"=""4173""","久裕","https://doc.twse.com.tw/server-java/t144sb10?step=9&filename=2024_4173_20240613F17.pdf"
"=""4174""","浩鼎","https://doc.twse.com.tw/server-java/t144sb10?step=9&filename=2024_4174_20240617F17.pdf"
"=""4175""","杏一","https://doc.twse.com.tw/server-java/t144sb10?step=9&filename=2024_4175_20240530F17.pdf"
"=""4183""","福永生技","https://doc.twse.com.tw/server-java/t144sb10?step=9&filename=2024_4183_20240624F17.pdf"
"=""4188""","安克","https://doc.twse.com.tw/server-java/t144sb10?step=9&filename=2024_4188_20240626F17.pdf"
"=""4192""","杏國","https://doc.twse.com.tw/server-java/t144sb10?step=9&filename=2024_4192_20240618F17.pdf"
"=""4198""","欣大健康","https://doc.twse.com.tw/server-java/t144sb10?step=9&filename=2024_4198_20240620F17.pdf"
"=""4205""","中華食","https://doc.twse.com.tw/server-java/t144sb10?step=9&filename=2024_4205_20240620F17.pdf"
"=""4207""","環泰","https://doc.twse.com.tw/server-java/t144sb10?step=9&filename=2024_4207_20240625F17.pdf"
"=""4303""","信立","https://doc.twse.com.tw/server-java/t144sb10?step=9&filename=2024_4303_20240527F17.doc"
"=""4304""","勝昱","https://doc.twse.com.tw/server-java/t144sb10?step=9&filename=2024_4304_20240621F17.pdf"
"=""4305""","世坤","https://doc.twse.com.tw/server-java/t144sb10?step=9&filename=2024_4305_20240619F17.pdf"
"=""4401""","東隆興","https://doc.twse.com.tw/server-java/t144sb10?step=9&filename=2024_4401_20240613F17.pdf"
"=""4402""","福大","https://doc.twse.com.tw/server-java/t144sb10?step=9&filename=2024_4402_20240606F17.pdf"
"=""4406""","新昕纖","https://doc.twse.com.tw/server-java/t144sb10?step=9&filename=2024_4406_20240628F17.pdf"
"=""4413""","飛寶企業","https://doc.twse.com.tw/server-java/t144sb10?step=9&filename=2024_4413_20240531F17.pdf"
"=""4416""","三圓","https://doc.twse.com.tw/server-java/t144sb10?step=9&filename=2024_4416_20240626F17.pdf"
"=""4417""","金洲","https://doc.twse.com.tw/server-java/t144sb10?step=9&filename=2024_4417_20240612F17.pdf"
"=""4419""","元勝","https://doc.twse.com.tw/server-java/t144sb10?step=9&filename=2024_4419_20240327F17.pdf"
"=""4420""","光明","https://doc.twse.com.tw/server-java/t144sb10?step=9&filename=2024_4420_20240528F17.pdf"
"=""4430""","耀億","https://doc.twse.com.tw/server-java/t144sb10?step=9&filename=2024_4430_20240618F17.pdf"
"=""4432""","銘旺實","https://doc.twse.com.tw/server-java/t144sb10?step=9&filename=2024_4432_20240612F17.pdf"
"=""4433""","興采","https://doc.twse.com.tw/server-java/t144sb10?step=9&filename=2024_4433_20240531F17.pdf"
"=""4442""","竣邦-KY","https://doc.twse.com.tw/server-java/t144sb10?step=9&filename=2024_4442_20240617F17.pdf"
"=""4502""","健信","https://doc.twse.com.tw/server-java/t144sb10?step=9&filename=2024_4502_20240626F17.pdf"
"=""4503""","金雨","https://doc.twse.com.tw/server-java/t144sb10?step=9&filename=2024_4503_20240627F17.pdf"
"=""4506""","崇友","https://doc.twse.com.tw/server-java/t144sb10?step=9&filename=2024_4506_20240621F17.pdf"
"=""4510""","高鋒","https://doc.twse.com.tw/server-java/t144sb10?step=9&filename=2024_4510_20240614F17.pdf"
"=""4513""","福裕","https://doc.twse.com.tw/server-java/t144sb10?step=9&filename=2024_4513_20240625F17.pdf"
"=""4523""","永彰","https://doc.twse.com.tw/server-java/t144sb10?step=9&filename=2024_4523_20240606F17.pdf"
"=""4527""","方方土霖","https://doc.twse.com.tw/server-java/t144sb10?step=9&filename=2024_4527_20240528F17.pdf"
"=""4528""","江興鍛","https://doc.twse.com.tw/server-java/t144sb10?step=9&filename=2024_4528_20240621F17.pdf"
"=""4529""","淳紳","https://doc.twse.com.tw/server-java/t144sb10?step=9&filename=2024_4529_20240621F17.pdf"
"=""4530""","宏易","https://doc.twse.com.tw/server-java/t144sb10?step=9&filename=2024_4530_20240613F17.pdf"
"=""4533""","協易機","https://doc.twse.com.tw/server-java/t144sb10?step=9&filename=2024_4533_20240613F17.pdf"
"=""4534""","慶騰","https://doc.twse.com.tw/server-java/t144sb10?step=9&filename=2024_4534_20240625F17.pdf"
"=""4535""","至興","https://doc.twse.com.tw/server-java/t144sb10?step=9&filename=2024_4535_20240521F17.pdf"
"=""4538""","大詠城","https://doc.twse.com.tw/server-java/t144sb10?step=9&filename=2024_4538_20240510F17.pdf"
"=""4541""","晟田","https://doc.twse.com.tw/server-java/t144sb10?step=9&filename=2024_4541_20240612F17.pdf"
"=""4542""","科嶠","https://doc.twse.com.tw/server-java/t144sb10?step=9&filename=2024_4542_20240603F17.pdf"
"=""4543""","萬在","https://doc.twse.com.tw/server-java/t144sb10?step=9&filename=2024_4543_20240528F17.pdf"
"=""4549""","桓達","https://doc.twse.com.tw/server-java/t144sb10?step=9&filename=2024_4549_20240527F17.pdf"
"=""4550""","長佳","https://doc.twse.com.tw/server-java/t144sb10?step=9&filename=2024_4550_20240613F17.pdf"
"=""4554""","橙的","https://doc.twse.com.tw/server-java/t144sb10?step=9&filename=2024_4554_20240621F17.pdf"
"=""4556""","旭然","https://doc.twse.com.tw/server-java/t144sb10?step=9&filename=2024_4556_20240612F17.pdf"
"=""4558""","寶緯","https://doc.twse.com.tw/server-java/t144sb10?step=9&filename=2024_4558_20240531F17.pdf"
"=""4561""","健椿","https://doc.twse.com.tw/server-java/t144sb10?step=9&filename=2024_4561_20240625F17.pdf"
"=""4563""","百德","https://doc.twse.com.tw/server-java/t144sb10?step=9&filename=2024_4563_20240531F17.pdf"
"=""4568""","科際精密","https://doc.twse.com.tw/server-java/t144sb10?step=9&filename=2024_4568_20240620F17.pdf"
"=""4577""","達航科技","https://doc.twse.com.tw/server-java/t144sb10?step=9&filename=2024_4577_20240529F17.pdf"
"=""4580""","捷流閥業","https://doc.twse.com.tw/server-java/t144sb10?step=9&filename=2024_4580_20240624F17.pdf"
"=""4584""","君帆","https://doc.twse.com.tw/server-java/t144sb10?step=9&filename=2024_4584_20240530F17.pdf"
"=""4609""","唐鋒","https://doc.twse.com.tw/server-java/t144sb10?step=9&filename=2024_4609_20240624F17.pdf"
"=""4702""","中美實","https://doc.twse.com.tw/server-java/t144sb10?step=9&filename=2024_4702_20240607F17.pdf"
"=""4706""","大恭","https://doc.twse.com.tw/server-java/t144sb10?step=9&filename=2024_4706_20240614F17.pdf"
"=""4707""","磐亞","https://doc.twse.com.tw/server-java/t144sb10?step=9&filename=2024_4707_20240612F17.pdf"
"=""4711""","永純","https://doc.twse.com.tw/server-java/t144sb10?step=9&filename=2024_4711_20240614F17.pdf"
"=""4714""","永捷","https://doc.twse.com.tw/server-java/t144sb10?step=9&filename=2024_4714_20240531F17.pdf"
"=""4716""","大立","https://doc.twse.com.tw/server-java/t144sb10?step=9&filename=2024_4716_20240625F17.pdf"
"=""4721""","美琪瑪","https://doc.twse.com.tw/server-java/t144sb10?step=9&filename=2024_4721_20240620F17.pdf"
"=""4726""","永昕","https://doc.twse.com.tw/server-java/t144sb10?step=9&filename=2024_4726_20240624F17.pdf"
"=""4728""","雙美","https://doc.twse.com.tw/server-java/t144sb10?step=9&filename=2024_4728_20240628F17.pdf"
"=""4729""","熒茂","https://doc.twse.com.tw/server-java/t144sb10?step=9&filename=2024_4729_20240613F17.pdf"
"=""4735""","豪展","https://doc.twse.com.tw/server-java/t144sb10?step=9&filename=2024_4735_20240607F17.pdf"
"=""4741""","泓瀚","https://doc.twse.com.tw/server-java/t144sb10?step=9&filename=2024_4741_20240619F17.pdf"
"=""4743""","合一","https://doc.twse.com.tw/server-java/t144sb10?step=9&filename=2024_4743_20240521F17.pdf"
"=""4744""","皇將","https://doc.twse.com.tw/server-java/t144sb10?step=9&filename=2024_4744_20240619F17.pdf"
"=""4745""","合富-KY","https://doc.twse.com.tw/server-java/t144sb10?step=9&filename=2024_4745_20240529F17.pdf"
"=""4747""","強生製藥","https://doc.twse.com.tw/server-java/t144sb10?step=9&filename=2024_4747_20240524F17.pdf"
"=""4754""","國碳科","https://doc.twse.com.tw/server-java/t144sb10?step=9&filename=2024_4754_20240627F17.pdf"
"=""4760""","勤凱科技","https://doc.twse.com.tw/server-java/t144sb10?step=9&filename=2024_4760_20240528F17.pdf"
"=""4767""","誠泰科技","https://doc.twse.com.tw/server-java/t144sb10?step=9&filename=2024_4767_20240625F17.pdf"
"=""4768""","晶呈科技","https://doc.twse.com.tw/server-java/t144sb10?step=9&filename=2024_4768_20240619F17.pdf"
"=""4804""","大略-KY","https://doc.twse.com.tw/server-java/t144sb10?step=9&filename=2024_4804_20240628F17.pdf"
"=""4806""","昇華","https://doc.twse.com.tw/server-java/t144sb10?step=9&filename=2024_4806_20240402F17.pdf"
"=""4903""","聯光通","https://doc.twse.com.tw/server-java/t144sb10?step=9&filename=2024_4903_20240506F17.pdf"
"=""4905""","台聯電","https://doc.twse.com.tw/server-java/t144sb10?step=9&filename=2024_4905_20240621F17.pdf"
"=""4907""","富宇","https://doc.twse.com.tw/server-java/t144sb10?step=9&filename=2024_4907_20240621F17.pdf"
"=""4908""","前鼎","https://doc.twse.com.tw/server-java/t144sb10?step=9&filename=2024_4908_20240626F17.pdf"
"=""4909""","新復興","https://doc.twse.com.tw/server-java/t144sb10?step=9&filename=2024_4909_20240625F17.doc"
"=""4911""","德英","https://doc.twse.com.tw/server-java/t144sb10?step=9&filename=2024_4911_20240621F17.pdf"
"=""4923""","力士","https://doc.twse.com.tw/server-java/t144sb10?step=9&filename=2024_4923_20240416F17.pdf"
"=""4924""","欣厚-KY","https://doc.twse.com.tw/server-java/t144sb10?step=9&filename=2024_4924_20240628F17.pdf"
"=""4931""","新盛力","https://doc.twse.com.tw/server-java/t144sb10?step=9&filename=2024_4931_20240626F17.pdf"
"=""4933""","友輝","https://doc.twse.com.tw/server-java/t144sb10?step=9&filename=2024_4933_20240603F17.pdf"
"=""4939""","亞電","https://doc.twse.com.tw/server-java/t144sb10?step=9&filename=2024_4939_20240524F17.pdf"
"=""4945""","陞達科技","https://doc.twse.com.tw/server-java/t144sb10?step=9&filename=2024_4945_20240528F17.pdf"
"=""4946""","辣椒","https://doc.twse.com.tw/server-java/t144sb10?step=9&filename=2024_4946_20240605F17.pdf"
"=""4951""","精拓科","https://doc.twse.com.tw/server-java/t144sb10?step=9&filename=2024_4951_20240524F17.pdf"
"=""4953""","緯軟","https://doc.twse.com.tw/server-java/t144sb10?step=9&filename=2024_4953_20240527F17.pdf"
"=""4966""","譜瑞-KY","https://doc.twse.com.tw/server-java/t144sb10?step=9&filename=2024_4966_20240612F17.pdf"
"=""4971""","IET-KY","https://doc.twse.com.tw/server-java/t144sb10?step=9&filename=2024_4971_20240625F17.pdf"
"=""4972""","湯石照明","https://doc.twse.com.tw/server-java/t144sb10?step=9&filename=2024_4972_20240529F17.pdf"
"=""4973""","廣穎電通","https://doc.twse.com.tw/server-java/t144sb10?step=9&filename=2024_4973_20240621F17.pdf"
"=""4974""","亞泰","https://doc.twse.com.tw/server-java/t144sb10?step=9&filename=2024_4974_20240530F17.pdf"
"=""4979""","華星光","https://doc.twse.com.tw/server-java/t144sb10?step=9&filename=2024_4979_20240614F17.pdf"
"=""4987""","科誠","https://doc.twse.com.tw/server-java/t144sb10?step=9&filename=2024_4987_20240620F17.pdf"
"=""4991""","環宇-KY","https://doc.twse.com.tw/server-java/t144sb10?step=9&filename=2024_4991_20240606F17.pdf"
"=""4995""","晶達","https://doc.twse.com.tw/server-java/t144sb10?step=9&filename=2024_4995_20240607F17.pdf"
"=""5009""","榮剛","https://doc.twse.com.tw/server-java/t144sb10?step=9&filename=2024_5009_20240529F17.pdf"
"=""5011""","久陽","https://doc.twse.com.tw/server-java/t144sb10?step=9&filename=2024_5011_20240620F17.pdf"
"=""5013""","強新","https://doc.twse.com.tw/server-java/t144sb10?step=9&filename=2024_5013_20240613F17.pdf"
"=""5014""","建錩","https://doc.twse.com.tw/server-java/t144sb10?step=9&filename=2024_5014_20240626F17.pdf"
"=""5015""","華祺","https://doc.twse.com.tw/server-java/t144sb10?step=9&filename=2024_5015_20240617F17.pdf"
"=""5016""","松和","https://doc.twse.com.tw/server-java/t144sb10?step=9&filename=2024_5016_20240612F17.pdf"
"=""5201""","凱衛","https://doc.twse.com.tw/server-java/t144sb10?step=9&filename=2024_5201_20240614F17.pdf"
"=""5202""","力新","https://doc.twse.com.tw/server-java/t144sb10?step=9&filename=2024_5202_20240527F17.pdf"
"=""5205""","中茂","https://doc.twse.com.tw/server-java/t144sb10?step=9&filename=2024_5205_20240614F17.pdf"
"=""5206""","坤悅","https://doc.twse.com.tw/server-java/t144sb10?step=9&filename=2024_5206_20240613F17.pdf"
"=""5209""","新鼎","https://doc.twse.com.tw/server-java/t144sb10?step=9&filename=2024_5209_20240527F17.pdf"
"=""5210""","寶碩","https://doc.twse.com.tw/server-java/t144sb10?step=9&filename=2024_5210_20240612F17.pdf"
"=""5211""","蒙恬","https://doc.twse.com.tw/server-java/t144sb10?step=9&filename=2024_5211_20240627F17.pdf"
"=""5212""","凌網","https://doc.twse.com.tw/server-java/t144sb10?step=9&filename=2024_5212_20240619F17.pdf"
"=""5213""","亞昕","https://doc.twse.com.tw/server-java/t144sb10?step=9&filename=2024_5213_20240529F17.pdf"
"=""5220""","萬達光電","https://doc.twse.com.tw/server-java/t144sb10?step=9&filename=2024_5220_20240621F17.pdf"
"=""5223""","安力-KY","https://doc.twse.com.tw/server-java/t144sb10?step=9&filename=2024_5223_20240531F17.pdf"
"=""5227""","立凱-KY","https://doc.twse.com.tw/server-java/t144sb10?step=9&filename=2024_5227_20240628F17.pdf"
"=""5228""","鈺鎧","https://doc.twse.com.tw/server-java/t144sb10?step=9&filename=2024_5228_20240619F17.pdf"
"=""5230""","雷笛克光學","https://doc.twse.com.tw/server-java/t144sb10?step=9&filename=2024_5230_20240527F17.pdf"
"=""5236""","凌陽創新","https://doc.twse.com.tw/server-java/t144sb10?step=9&filename=2024_5236_20240613F17.pdf"
"=""5245""","智晶","https://doc.twse.com.tw/server-java/t144sb10?step=9&filename=2024_5245_20240624F17.pdf"
"=""5251""","天鉞電","https://doc.twse.com.tw/server-java/t144sb10?step=9&filename=2024_5251_20240624F17.pdf"
"=""5263""","智崴","https://doc.twse.com.tw/server-java/t144sb10?step=9&filename=2024_5263_20240527F17.pdf"
"=""5272""","笙科","https://doc.twse.com.tw/server-java/t144sb10?step=9&filename=2024_5272_20240527F17.pdf"
"=""5274""","信驊","https://doc.twse.com.tw/server-java/t144sb10?step=9&filename=2024_5274_20240530F17.pdf"
"=""5276""","達輝-KY","https://doc.twse.com.tw/server-java/t144sb10?step=9&filename=2024_5276_20240620F17.pdf"
"=""5278""","尚凡","https://doc.twse.com.tw/server-java/t144sb10?step=9&filename=2024_5278_20240627F17.pdf"
"=""5287""","數字","https://doc.twse.com.tw/server-java/t144sb10?step=9&filename=2024_5287_20240613F17.pdf"
"=""5289""","宜鼎","https://doc.twse.com.tw/server-java/t144sb10?step=9&filename=2024_5289_20240531F17.pdf"
"=""5291""","邑昇","https://doc.twse.com.tw/server-java/t144sb10?step=9&filename=2024_5291_20240626F17.pdf"
"=""5299""","杰力","https://doc.twse.com.tw/server-java/t144sb10?step=9&filename=2024_5299_20240527F17.pdf"
"=""5301""","寶得利","https://doc.twse.com.tw/server-java/t144sb10?step=9&filename=2024_5301_20240628F17.pdf"
"=""5302""","太欣","https://doc.twse.com.tw/server-java/t144sb10?step=9&filename=2024_5302_20240625F17.pdf"
"=""5309""","系統電","https://doc.twse.com.tw/server-java/t144sb10?step=9&filename=2024_5309_20240506F17.pdf"
"=""5310""","天剛","https://doc.twse.com.tw/server-java/t144sb10?step=9&filename=2024_5310_20240527F17.pdf"
"=""5312""","寶島科","https://doc.twse.com.tw/server-java/t144sb10?step=9&filename=2024_5312_20240530F17.pdf"
"=""5314""","世紀","https://doc.twse.com.tw/server-java/t144sb10?step=9&filename=2024_5314_20240529F17.pdf"
"=""5315""","光聯","https://doc.twse.com.tw/server-java/t144sb10?step=9&filename=2024_5315_20240521F17.pdf"
"=""5321""","美而快","https://doc.twse.com.tw/server-java/t144sb10?step=9&filename=2024_5321_20240621F17.pdf"
"=""5324""","士開","https://doc.twse.com.tw/server-java/t144sb10?step=9&filename=2024_5324_20240531F17.pdf"
"=""5328""","華容","https://doc.twse.com.tw/server-java/t144sb10?step=9&filename=2024_5328_20240614F17.pdf"
"=""5340""","建榮","https://doc.twse.com.tw/server-java/t144sb10?step=9&filename=2024_5340_20240613F17.pdf"
"=""5344""","立衛","https://doc.twse.com.tw/server-java/t144sb10?step=9&filename=2024_5344_20240619F17.pdf"
"=""5345""","天揚","https://doc.twse.com.tw/server-java/t144sb10?step=9&filename=2024_5345_20240613F17.pdf"
"=""5347""","世界","https://doc.twse.com.tw/server-java/t144sb10?step=9&filename=2024_5347_20240614F17.pdf"
"=""5348""","正能量智能","https://doc.twse.com.tw/server-java/t144sb10?step=9&filename=2024_5348_20240627F17.pdf"
"=""5351""","鈺創","https://doc.twse.com.tw/server-java/t144sb10?step=9&filename=2024_5351_20240625F17.pdf"
"=""5353""","台林","https://doc.twse.com.tw/server-java/t144sb10?step=9&filename=2024_5353_20240524F17.pdf"
"=""5355""","佳總","https://doc.twse.com.tw/server-java/t144sb10?step=9&filename=2024_5355_20240613F17.pdf"
"=""5356""","協益","https://doc.twse.com.tw/server-java/t144sb10?step=9&filename=2024_5356_20240530F17.pdf"
"=""5364""","力麗店","https://doc.twse.com.tw/server-java/t144sb10?step=9&filename=2024_5364_20240612F17.pdf"
"=""5371""","中光電","https://doc.twse.com.tw/server-java/t144sb10?step=9&filename=2024_5371_20240614F17.pdf"
"=""5381""","合正","https://doc.twse.com.tw/server-java/t144sb10?step=9&filename=2024_5381_20240603F17.pdf"
"=""5386""","青雲","https://doc.twse.com.tw/server-java/t144sb10?step=9&filename=2024_5386_20240607F17.pdf"
"=""5392""","能率","https://doc.twse.com.tw/server-java/t144sb10?step=9&filename=2024_5392_20240621F17.pdf"
"=""5398""","慕康生醫","https://doc.twse.com.tw/server-java/t144sb10?step=9&filename=2024_5398_20240513F17.pdf"
"=""5403""","中菲","https://doc.twse.com.tw/server-java/t144sb10?step=9&filename=2024_5403_20240530F17.pdf"
"=""5410""","國眾","https://doc.twse.com.tw/server-java/t144sb10?step=9&filename=2024_5410_20240605F17.pdf"
"=""5425""","台半","https://doc.twse.com.tw/server-java/t144sb10?step=9&filename=2024_5425_20240619F17.pdf"
"=""5426""","振發","https://doc.twse.com.tw/server-java/t144sb10?step=9&filename=2024_5426_20240621F17.pdf"
"=""5432""","新門","https://doc.twse.com.tw/server-java/t144sb10?step=9&filename=2024_5432_20240613F17.pdf"
"=""5438""","東友","https://doc.twse.com.tw/server-java/t144sb10?step=9&filename=2024_5438_20240624F17.pdf"
"=""5439""","高技","https://doc.twse.com.tw/server-java/t144sb10?step=9&filename=2024_5439_20240626F17.pdf"
"=""5443""","均豪","https://doc.twse.com.tw/server-java/t144sb10?step=9&filename=2024_5443_20240618F17.pdf"
"=""5450""","南良","https://doc.twse.com.tw/server-java/t144sb10?step=9&filename=2024_5450_20240625F17.pdf"
"=""5452""","佶優","https://doc.twse.com.tw/server-java/t144sb10?step=9&filename=2024_5452_20240618F17.pdf"
"=""5455""","昇益","https://doc.twse.com.tw/server-java/t144sb10?step=9&filename=2024_5455_20240613F17.pdf"
"=""5457""","宣德","https://doc.twse.com.tw/server-java/t144sb10?step=9&filename=2024_5457_20240620F17.pdf"
"=""5460""","同協","https://doc.twse.com.tw/server-java/t144sb10?step=9&filename=2024_5460_20240624F17.pdf"
"=""5464""","霖宏","https://doc.twse.com.tw/server-java/t144sb10?step=9&filename=2024_5464_20240619F17.pdf"
"=""5465""","富驊","https://doc.twse.com.tw/server-java/t144sb10?step=9&filename=2024_5465_20240618F17.pdf"
"=""5468""","凱鈺","https://doc.twse.com.tw/server-java/t144sb10?step=9&filename=2024_5468_20240606F17.pdf"
"=""5474""","聰泰","https://doc.twse.com.tw/server-java/t144sb10?step=9&filename=2024_5474_20240613F17.pdf"
"=""5475""","德宏","https://doc.twse.com.tw/server-java/t144sb10?step=9&filename=2024_5475_20240614F17.pdf"
"=""5478""","智冠","https://doc.twse.com.tw/server-java/t144sb10?step=9&filename=2024_5478_20240624F17.pdf"
"=""5481""","新華","https://doc.twse.com.tw/server-java/t144sb10?step=9&filename=2024_5481_20240530F17.pdf"
"=""5483""","中美晶","https://doc.twse.com.tw/server-java/t144sb10?step=9&filename=2024_5483_20240620F17.pdf"
"=""5487""","通泰","https://doc.twse.com.tw/server-java/t144sb10?step=9&filename=2024_5487_20240620F17.pdf"
"=""5488""","松普","https://doc.twse.com.tw/server-java/t144sb10?step=9&filename=2024_5488_20240626F17.pdf"
"=""5489""","彩富","https://doc.twse.com.tw/server-java/t144sb10?step=9&filename=2024_5489_20240606F17.pdf"
"=""5490""","同亨","https://doc.twse.com.tw/server-java/t144sb10?step=9&filename=2024_5490_20240612F17.pdf"
"=""5493""","三聯","https://doc.twse.com.tw/server-java/t144sb10?step=9&filename=2024_5493_20240529F17.pdf"
"=""5498""","凱崴","https://doc.twse.com.tw/server-java/t144sb10?step=9&filename=2024_5498_20240621F17.pdf"
"=""5508""","永信建","https://doc.twse.com.tw/server-java/t144sb10?step=9&filename=2024_5508_20240612F17.pdf"
"=""5511""","德昌","https://doc.twse.com.tw/server-java/t144sb10?step=9&filename=2024_5511_20240614F17.pdf"
"=""5512""","力麒","https://doc.twse.com.tw/server-java/t144sb10?step=9&filename=2024_5512_20240619F17.pdf"
"=""5514""","三豐","https://doc.twse.com.tw/server-java/t144sb10?step=9&filename=2024_5514_20240523F17.pdf"
"=""5516""","雙喜","https://doc.twse.com.tw/server-java/t144sb10?step=9&filename=2024_5516_20240627F17.pdf"
"=""5520""","力泰","https://doc.twse.com.tw/server-java/t144sb10?step=9&filename=2024_5520_20240520F17.pdf"
"=""5523""","豐謙","https://doc.twse.com.tw/server-java/t144sb10?step=9&filename=2024_5523_20240529F17.pdf"
"=""5529""","鉅陞","https://doc.twse.com.tw/server-java/t144sb10?step=9&filename=2024_5529_20240530F17.pdf"
"=""5530""","龍巖","https://doc.twse.com.tw/server-java/t144sb10?step=9&filename=2024_5530_20240531F17.pdf"
"=""5536""","聖暉*","https://doc.twse.com.tw/server-java/t144sb10?step=9&filename=2024_5536_20240524F17.pdf"
"=""5543""","桓鼎-KY","https://doc.twse.com.tw/server-java/t144sb10?step=9&filename=2024_5543_20240606F17.pdf"
"=""5548""","安倉","https://doc.twse.com.tw/server-java/t144sb10?step=9&filename=2024_5548_20240627F17.pdf"
"=""5601""","台聯櫃","https://doc.twse.com.tw/server-java/t144sb10?step=9&filename=2024_5601_20240605F17.pdf"
"=""5603""","陸海","https://doc.twse.com.tw/server-java/t144sb10?step=9&filename=2024_5603_20240612F17.pdf"
"=""5604""","中連","https://doc.twse.com.tw/server-java/t144sb10?step=9&filename=2024_5604_20240607F17.pdf"
"=""5609""","中菲行","https://doc.twse.com.tw/server-java/t144sb10?step=9&filename=2024_5609_20240606F17.pdf"
"=""5701""","劍湖山","https://doc.twse.com.tw/server-java/t144sb10?step=9&filename=2024_5701_20240625F17.pdf"
"=""5703""","亞都麗緻","https://doc.twse.com.tw/server-java/t144sb10?step=9&filename=2024_5703_20240625F17.pdf"
"=""5704""","老爺知","https://doc.twse.com.tw/server-java/t144sb10?step=9&filename=2024_5704_20240626F17.pdf"
"=""5864""","致和證","https://doc.twse.com.tw/server-java/t144sb10?step=9&filename=2024_5864_20240513F17.pdf"
"=""5878""","台名","https://doc.twse.com.tw/server-java/t144sb10?step=9&filename=2024_5878_20240530F17.pdf"
"=""5902""","德記","https://doc.twse.com.tw/server-java/t144sb10?step=9&filename=2024_5902_20240529F17.pdf"
"=""5903""","全家","https://doc.twse.com.tw/server-java/t144sb10?step=9&filename=2024_5903_20240621F17.pdf"
"=""5904""","寶雅","https://doc.twse.com.tw/server-java/t144sb10?step=9&filename=2024_5904_20240528F17.pdf"
"=""5905""","南仁湖","https://doc.twse.com.tw/server-java/t144sb10?step=9&filename=2024_5905_20240625F17.pdf"
"=""6015""","宏遠證","https://doc.twse.com.tw/server-java/t144sb10?step=9&filename=2024_6015_20240527F17.pdf"
"=""6016""","康和證","https://doc.twse.com.tw/server-java/t144sb10?step=9&filename=2024_6016_20240606F17.pdf"
"=""6020""","大展證","https://doc.twse.com.tw/server-java/t144sb10?step=9&filename=2024_6020_20240618F17.pdf"
"=""6021""","美好證","https://doc.twse.com.tw/server-java/t144sb10?step=9&filename=2024_6021_20240530F17.pdf"
"=""6023""","元大期貨","https://doc.twse.com.tw/server-java/t144sb10?step=9&filename=2024_6023_20240527F17.pdf"
"=""6026""","福邦證","https://doc.twse.com.tw/server-java/t144sb10?step=9&filename=2024_6026_20240430F17.pdf"
"=""6101""","寬魚國際","https://doc.twse.com.tw/server-java/t144sb10?step=9&filename=2024_6101_20240627F17.pdf"
"=""6103""","合邦","https://doc.twse.com.tw/server-java/t144sb10?step=9&filename=2024_6103_20240620F17.pdf"
"=""6104""","創惟","https://doc.twse.com.tw/server-java/t144sb10?step=9&filename=2024_6104_20240613F17.pdf"
"=""6109""","亞元","https://doc.twse.com.tw/server-java/t144sb10?step=9&filename=2024_6109_20240528F17.pdf"
"=""6111""","大宇資","https://doc.twse.com.tw/server-java/t144sb10?step=9&filename=2024_6111_20240625F17.pdf"
"=""6113""","亞矽","https://doc.twse.com.tw/server-java/t144sb10?step=9&filename=2024_6113_20240620F17.pdf"
"=""6114""","久威","https://doc.twse.com.tw/server-java/t144sb10?step=9&filename=2024_6114_20240527F17.pdf"
"=""6118""","建達","https://doc.twse.com.tw/server-java/t144sb10?step=9&filename=2024_6118_20240620F17.pdf"
"=""6121""","新普","https://doc.twse.com.tw/server-java/t144sb10?step=9&filename=2024_6121_20240530F17.pdf"
"=""6122""","擎邦","https://doc.twse.com.tw/server-java/t144sb10?step=9&filename=2024_6122_20240619F17.pdf"
"=""6123""","上奇","https://doc.twse.com.tw/server-java/t144sb10?step=9&filename=2024_6123_20240613F17.pdf"
"=""6124""","業強","https://doc.twse.com.tw/server-java/t144sb10?step=9&filename=2024_6124_20240619F17.pdf"
"=""6125""","廣運","https://doc.twse.com.tw/server-java/t144sb10?step=9&filename=2024_6125_20240531F17.pdf"
"=""6126""","信音","https://doc.twse.com.tw/server-java/t144sb10?step=9&filename=2024_6126_20240607F17.pdf"
"=""6127""","九豪","https://doc.twse.com.tw/server-java/t144sb10?step=9&filename=2024_6127_20240620F17.pdf"
"=""6129""","普誠","https://doc.twse.com.tw/server-java/t144sb10?step=9&filename=2024_6129_20240618F17.pdf"
"=""6130""","上亞科技","https://doc.twse.com.tw/server-java/t144sb10?step=9&filename=2024_6130_20240625F17.pdf"
"=""6134""","萬旭","https://doc.twse.com.tw/server-java/t144sb10?step=9&filename=2024_6134_20240613F17.pdf"
"=""6138""","茂達","https://doc.twse.com.tw/server-java/t144sb10?step=9&filename=2024_6138_20240621F17.pdf"
"=""6140""","訊達電腦","https://doc.twse.com.tw/server-java/t144sb10?step=9&filename=2024_6140_20240627F17.pdf"
"=""6143""","振曜","https://doc.twse.com.tw/server-java/t144sb10?step=9&filename=2024_6143_20240607F17.pdf"
"=""6144""","得利影","https://doc.twse.com.tw/server-java/t144sb10?step=9&filename=2024_6144_20240524F17.pdf"
"=""6146""","耕興","https://doc.twse.com.tw/server-java/t144sb10?step=9&filename=2024_6146_20240524F17.pdf"
"=""6147""","頎邦","https://doc.twse.com.tw/server-java/t144sb10?step=9&filename=2024_6147_20240430F17.pdf"
"=""6148""","驊宏資","https://doc.twse.com.tw/server-java/t144sb10?step=9&filename=2024_6148_20240627F17.pdf"
"=""6150""","撼訊","https://doc.twse.com.tw/server-java/t144sb10?step=9&filename=2024_6150_20240613F17.pdf"
"=""6151""","晉倫","https://doc.twse.com.tw/server-java/t144sb10?step=9&filename=2024_6151_20240527F17.pdf"
"=""6154""","順發","https://doc.twse.com.tw/server-java/t144sb10?step=9&filename=2024_6154_20240530F17.pdf"
"=""6156""","松上","https://doc.twse.com.tw/server-java/t144sb10?step=9&filename=2024_6156_20240613F17.pdf"
"=""6158""","禾昌","https://doc.twse.com.tw/server-java/t144sb10?step=9&filename=2024_6158_20240606F17.pdf"
"=""6160""","欣技","https://doc.twse.com.tw/server-java/t144sb10?step=9&filename=2024_6160_20240626F17.pdf"
"=""6161""","捷波","https://doc.twse.com.tw/server-java/t144sb10?step=9&filename=2024_6161_20240612F17.pdf"
"=""6163""","華電網","https://doc.twse.com.tw/server-java/t144sb10?step=9&filename=2024_6163_20240524F17.pdf"
"=""6167""","久正","https://doc.twse.com.tw/server-java/t144sb10?step=9&filename=2024_6167_20240620F17.pdf"
"=""6169""","昱泉","https://doc.twse.com.tw/server-java/t144sb10?step=9&filename=2024_6169_20240628F17.pdf"
"=""6170""","統振","https://doc.twse.com.tw/server-java/t144sb10?step=9&filename=2024_6170_20240612F17.pdf"
"=""6171""","大城地產","https://doc.twse.com.tw/server-java/t144sb10?step=9&filename=2024_6171_20240627F17.pdf"
"=""6173""","信昌電","https://doc.twse.com.tw/server-java/t144sb10?step=9&filename=2024_6173_20240614F17.pdf"
"=""6174""","安碁","https://doc.twse.com.tw/server-java/t144sb10?step=9&filename=2024_6174_20240626F17.pdf"
"=""6175""","立敦","https://doc.twse.com.tw/server-java/t144sb10?step=9&filename=2024_6175_20240627F17.pdf"
"=""6179""","亞通","https://doc.twse.com.tw/server-java/t144sb10?step=9&filename=2024_6179_20240614F17.pdf"
"=""6180""","橘子","https://doc.twse.com.tw/server-java/t144sb10?step=9&filename=2024_6180_20240620F17.pdf"
"=""6182""","合晶","https://doc.twse.com.tw/server-java/t144sb10?step=9&filename=2024_6182_20240621F17.pdf"
"=""6185""","幃翔","https://doc.twse.com.tw/server-java/t144sb10?step=9&filename=2024_6185_20240603F17.pdf"
"=""6186""","新潤","https://doc.twse.com.tw/server-java/t144sb10?step=9&filename=2024_6186_20240627F17.pdf"
"=""6187""","萬潤","https://doc.twse.com.tw/server-java/t144sb10?step=9&filename=2024_6187_20240618F17.pdf"
"=""6188""","廣明","https://doc.twse.com.tw/server-java/t144sb10?step=9&filename=2024_6188_20240607F17.pdf"
"=""6190""","萬泰科","https://doc.twse.com.tw/server-java/t144sb10?step=9&filename=2024_6190_20240612F17.pdf"
"=""6194""","育富","https://doc.twse.com.tw/server-java/t144sb10?step=9&filename=2024_6194_20240613F17.pdf"
"=""6195""","詩肯","https://doc.twse.com.tw/server-java/t144sb10?step=9&filename=2024_6195_20240619F17.pdf"
"=""6198""","瑞築","https://doc.twse.com.tw/server-java/t144sb10?step=9&filename=2024_6198_20240626F17.pdf"
"=""6199""","天品","https://doc.twse.com.tw/server-java/t144sb10?step=9&filename=2024_6199_20240628F17.pdf"
"=""6203""","海韻電","https://doc.twse.com.tw/server-java/t144sb10?step=9&filename=2024_6203_20240621F17.pdf"
"=""6204""","艾華","https://doc.twse.com.tw/server-java/t144sb10?step=9&filename=2024_6204_20240530F17.pdf"
"=""6207""","雷科","https://doc.twse.com.tw/server-java/t144sb10?step=9&filename=2024_6207_20240619F17.pdf"
"=""6208""","日揚","https://doc.twse.com.tw/server-java/t144sb10?step=9&filename=2024_6208_20240607F17.pdf"
"=""6210""","慶生","https://doc.twse.com.tw/server-java/t144sb10?step=9&filename=2024_6210_20240618F17.doc"
"=""6212""","理銘","https://doc.twse.com.tw/server-java/t144sb10?step=9&filename=2024_6212_20240612F17.pdf"
"=""6217""","中探針","https://doc.twse.com.tw/server-java/t144sb10?step=9&filename=2024_6217_20240620F17.pdf"
"=""6218""","豪勉","https://doc.twse.com.tw/server-java/t144sb10?step=9&filename=2024_6218_20240624F17.pdf"
"=""6219""","富旺","https://doc.twse.com.tw/server-java/t144sb10?step=9&filename=2024_6219_20240530F17.pdf"
"=""6220""","岳豐","https://doc.twse.com.tw/server-java/t144sb10?step=9&filename=2024_6220_20240618F17.pdf"
"=""6221""","晉泰","https://doc.twse.com.tw/server-java/t144sb10?step=9&filename=2024_6221_20240613F17.pdf"
"=""6222""","上揚","https://doc.twse.com.tw/server-java/t144sb10?step=9&filename=2024_6222_20240611F17.pdf"
"=""6223""","旺矽","https://doc.twse.com.tw/server-java/t144sb10?step=9&filename=2024_6223_20240613F17.pdf"
"=""6227""","茂綸","https://doc.twse.com.tw/server-java/t144sb10?step=9&filename=2024_6227_20240530F17.pdf"
"=""6228""","全譜","https://doc.twse.com.tw/server-java/t144sb10?step=9&filename=2024_6228_20240530F17.pdf"
"=""6229""","研通","https://doc.twse.com.tw/server-java/t144sb10?step=9&filename=2024_6229_20240620F17.pdf"
"=""6231""","系微","https://doc.twse.com.tw/server-java/t144sb10?step=9&filename=2024_6231_20240521F17.pdf"
"=""6233""","旺玖","https://doc.twse.com.tw/server-java/t144sb10?step=9&filename=2024_6233_20240605F17.pdf"
"=""6234""","高僑","https://doc.twse.com.tw/server-java/t144sb10?step=9&filename=2024_6234_20240621F17.pdf"
"=""6236""","中湛","https://doc.twse.com.tw/server-java/t144sb10?step=9&filename=2024_6236_20240626F17.pdf"
"=""6237""","驊訊","https://doc.twse.com.tw/server-java/t144sb10?step=9&filename=2024_6237_20240621F17.pdf"
"=""6240""","松崗","https://doc.twse.com.tw/server-java/t144sb10?step=9&filename=2024_6240_20240627F17.pdf"
"=""6241""","易通展","https://doc.twse.com.tw/server-java/t144sb10?step=9&filename=2024_6241_20240530F17.pdf"
"=""6242""","立康","https://doc.twse.com.tw/server-java/t144sb10?step=9&filename=2024_6242_20240527F17.pdf"
"=""6244""","茂迪","https://doc.twse.com.tw/server-java/t144sb10?step=9&filename=2024_6244_20240618F17.pdf"
"=""6245""","立端","https://doc.twse.com.tw/server-java/t144sb10?step=9&filename=2024_6245_20240621F17.pdf"
"=""6246""","臺龍","https://doc.twse.com.tw/server-java/t144sb10?step=9&filename=2024_6246_20240624F17.pdf"
"=""6248""","沛波","https://doc.twse.com.tw/server-java/t144sb10?step=9&filename=2024_6248_20240422F17.pdf"
"=""6259""","百徽","https://doc.twse.com.tw/server-java/t144sb10?step=9&filename=2024_6259_20240625F17.pdf"
"=""6261""","久元","https://doc.twse.com.tw/server-java/t144sb10?step=9&filename=2024_6261_20240619F17.pdf"
"=""6263""","普萊德","https://doc.twse.com.tw/server-java/t144sb10?step=9&filename=2024_6263_20240524F17.pdf"
"=""6264""","富裔","https://doc.twse.com.tw/server-java/t144sb10?step=9&filename=2024_6264_20240625F17.pdf"
"=""6265""","方土昶","https://doc.twse.com.tw/server-java/t144sb10?step=9&filename=2024_6265_20240614F17.pdf"
"=""6266""","泰詠","https://doc.twse.com.tw/server-java/t144sb10?step=9&filename=2024_6266_20240524F17.pdf"
"=""6270""","倍微","https://doc.twse.com.tw/server-java/t144sb10?step=9&filename=2024_6270_20240524F17.pdf"
"=""6274""","台燿","https://doc.twse.com.tw/server-java/t144sb10?step=9&filename=2024_6274_20240619F17.pdf"
"=""6275""","元山","https://doc.twse.com.tw/server-java/t144sb10?step=9&filename=2024_6275_20240531F17.pdf"
"=""6276""","安鈦克","https://doc.twse.com.tw/server-java/t144sb10?step=9&filename=2024_6276_20240621F17.pdf"
"=""6279""","胡連","https://doc.twse.com.tw/server-java/t144sb10?step=9&filename=2024_6279_20240530F17.pdf"
"=""6284""","佳邦","https://doc.twse.com.tw/server-java/t144sb10?step=9&filename=2024_6284_20240614F17.pdf"
"=""6287""","元隆","https://doc.twse.com.tw/server-java/t144sb10?step=9&filename=2024_6287_20240515F17.pdf"
"=""6290""","良維","https://doc.twse.com.tw/server-java/t144sb10?step=9&filename=2024_6290_20240618F17.pdf"
"=""6291""","沛亨","https://doc.twse.com.tw/server-java/t144sb10?step=9&filename=2024_6291_20240529F17.pdf"
"=""6292""","迅德","https://doc.twse.com.tw/server-java/t144sb10?step=9&filename=2024_6292_20240531F17.pdf"
"=""6294""","智基","https://doc.twse.com.tw/server-java/t144sb10?step=9&filename=2024_6294_20240613F17.pdf"
"=""6411""","晶焱","https://doc.twse.com.tw/server-java/t144sb10?step=9&filename=2024_6411_20240611F17.pdf"
"=""6417""","韋僑","https://doc.twse.com.tw/server-java/t144sb10?step=9&filename=2024_6417_20240527F17.pdf"
"=""6418""","詠昇","https://doc.twse.com.tw/server-java/t144sb10?step=9&filename=2024_6418_20240624F17.pdf"
"=""6419""","京晨科","https://doc.twse.com.tw/server-java/t144sb10?step=9&filename=2024_6419_20240626F17.pdf"
"=""6425""","易發","https://doc.twse.com.tw/server-java/t144sb10?step=9&filename=2024_6425_20240516F17.pdf"
"=""6432""","今展科","https://doc.twse.com.tw/server-java/t144sb10?step=9&filename=2024_6432_20240613F17.pdf"
"=""6435""","大中","https://doc.twse.com.tw/server-java/t144sb10?step=9&filename=2024_6435_20240530F17.pdf"
"=""6441""","廣錠","https://doc.twse.com.tw/server-java/t144sb10?step=9&filename=2024_6441_20240530F17.pdf"
"=""6457""","紘康","https://doc.twse.com.tw/server-java/t144sb10?step=9&filename=2024_6457_20240531F17.pdf"
"=""6461""","益得","https://doc.twse.com.tw/server-java/t144sb10?step=9&filename=2024_6461_20240524F17.pdf"
"=""6462""","神盾","https://doc.twse.com.tw/server-java/t144sb10?step=9&filename=2024_6462_20240625F17.pdf"
"=""6465""","威潤","https://doc.twse.com.tw/server-java/t144sb10?step=9&filename=2024_6465_20240606F17.pdf"
"=""6469""","大樹","https://doc.twse.com.tw/server-java/t144sb10?step=9&filename=2024_6469_20240531F17.pdf"
"=""6470""","宇智","https://doc.twse.com.tw/server-java/t144sb10?step=9&filename=2024_6470_20240619F17.pdf"
"=""6482""","弘煜科","https://doc.twse.com.tw/server-java/t144sb10?step=9&filename=2024_6482_20240613F17.pdf"
"=""6485""","點序","https://doc.twse.com.tw/server-java/t144sb10?step=9&filename=2024_6485_20240620F17.pdf"
"=""6486""","互動","https://doc.twse.com.tw/server-java/t144sb10?step=9&filename=2024_6486_20240528F17.pdf"
"=""6488""","環球晶","https://doc.twse.com.tw/server-java/t144sb10?step=9&filename=2024_6488_20240618F17.pdf"
"=""6492""","生華科","https://doc.twse.com.tw/server-java/t144sb10?step=9&filename=2024_6492_20240621F17.pdf"
"=""6494""","九齊","https://doc.twse.com.tw/server-java/t144sb10?step=9&filename=2024_6494_20240527F17.pdf"
"=""6496""","科懋","https://doc.twse.com.tw/server-java/t144sb10?step=9&filename=2024_6496_20240524F17.pdf"
"=""6499""","益安","https://doc.twse.com.tw/server-java/t144sb10?step=9&filename=2024_6499_20240612F17.pdf"
"=""6506""","雙邦","https://doc.twse.com.tw/server-java/t144sb10?step=9&filename=2024_6506_20240531F17.pdf"
"=""6508""","惠光","https://doc.twse.com.tw/server-java/t144sb10?step=9&filename=2024_6508_20240624F17.pdf"
"=""6509""","聚和","https://doc.twse.com.tw/server-java/t144sb10?step=9&filename=2024_6509_20240626F17.pdf"
"=""6510""","精測","https://doc.twse.com.tw/server-java/t144sb10?step=9&filename=2024_6510_20240530F17.pdf"
"=""6512""","啟發電","https://doc.twse.com.tw/server-java/t144sb10?step=9&filename=2024_6512_20240613F17.pdf"
"=""6516""","勤崴國際","https://doc.twse.com.tw/server-java/t144sb10?step=9&filename=2024_6516_20240524F17.pdf"
"=""6517""","保勝光學","https://doc.twse.com.tw/server-java/t144sb10?step=9&filename=2024_6517_20240607F17.pdf"
"=""6523""","達爾膚","https://doc.twse.com.tw/server-java/t144sb10?step=9&filename=2024_6523_20240605F17.pdf"
"=""6527""","明達醫","https://doc.twse.com.tw/server-java/t144sb10?step=9&filename=2024_6527_20240524F17.pdf"
"=""6530""","創威","https://doc.twse.com.tw/server-java/t144sb10?step=9&filename=2024_6530_20240531F17.pdf"
"=""6532""","瑞耘","https://doc.twse.com.tw/server-java/t144sb10?step=9&filename=2024_6532_20240524F17.pdf"
"=""6535""","順藥","https://doc.twse.com.tw/server-java/t144sb10?step=9&filename=2024_6535_20240502F17.pdf"
"=""6538""","倉和","https://doc.twse.com.tw/server-java/t144sb10?step=9&filename=2024_6538_20240530F17.pdf"
"=""6542""","隆中","https://doc.twse.com.tw/server-java/t144sb10?step=9&filename=2024_6542_20240613F17.pdf"
"=""6546""","正基","https://doc.twse.com.tw/server-java/t144sb10?step=9&filename=2024_6546_20240524F17.pdf"
"=""6547""","高端疫苗","https://doc.twse.com.tw/server-java/t144sb10?step=9&filename=2024_6547_20240613F17.pdf"
"=""6548""","長科*","https://doc.twse.com.tw/server-java/t144sb10?step=9&filename=2024_6548_20240530F17.pdf"
"=""6556""","勝品","https://doc.twse.com.tw/server-java/t144sb10?step=9&filename=2024_6556_20240613F17.pdf"
"=""6560""","欣普羅","https://doc.twse.com.tw/server-java/t144sb10?step=9&filename=2024_6560_20240606F17.pdf"
"=""6561""","是方","https://doc.twse.com.tw/server-java/t144sb10?step=9&filename=2024_6561_20240528F17.pdf"
"=""6568""","宏觀","https://doc.twse.com.tw/server-java/t144sb10?step=9&filename=2024_6568_20240618F17.pdf"
"=""6569""","醫揚","https://doc.twse.com.tw/server-java/t144sb10?step=9&filename=2024_6569_20240527F17.pdf"
"=""6570""","維田","https://doc.twse.com.tw/server-java/t144sb10?step=9&filename=2024_6570_20240529F17.pdf"
"=""6574""","霈方","https://doc.twse.com.tw/server-java/t144sb10?step=9&filename=2024_6574_20240627F17.pdf"
"=""6576""","逸達","https://doc.twse.com.tw/server-java/t144sb10?step=9&filename=2024_6576_20240624F17.pdf"
"=""6577""","勁豐","https://doc.twse.com.tw/server-java/t144sb10?step=9&filename=2024_6577_20240527F17.pdf"
"=""6578""","達邦蛋白","https://doc.twse.com.tw/server-java/t144sb10?step=9&filename=2024_6578_20240627F17.pdf"
"=""6584""","南俊國際","https://doc.twse.com.tw/server-java/t144sb10?step=9&filename=2024_6584_20240626F17.pdf"
"=""6588""","東典","https://doc.twse.com.tw/server-java/t144sb10?step=9&filename=2024_6588_20240502F17.pdf"
"=""6589""","台康生技","https://doc.twse.com.tw/server-java/t144sb10?step=9&filename=2024_6589_20240530F17.pdf"
"=""6590""","普鴻","https://doc.twse.com.tw/server-java/t144sb10?step=9&filename=2024_6590_20240521F17.pdf"
"=""6593""","台灣銘板","https://doc.twse.com.tw/server-java/t144sb10?step=9&filename=2024_6593_20240531F17.pdf"
"=""6596""","寬宏藝術","https://doc.twse.com.tw/server-java/t144sb10?step=9&filename=2024_6596_20240528F17.pdf"
"=""6603""","富強鑫","https://doc.twse.com.tw/server-java/t144sb10?step=9&filename=2024_6603_20240618F17.pdf"
"=""6609""","瀧澤科","https://doc.twse.com.tw/server-java/t144sb10?step=9&filename=2024_6609_20240620F17.pdf"
"=""6612""","奈米醫材","https://doc.twse.com.tw/server-java/t144sb10?step=9&filename=2024_6612_20240531F17.pdf"
"=""6613""","朋億*","https://doc.twse.com.tw/server-java/t144sb10?step=9&filename=2024_6613_20240521F17.pdf"
"=""6615""","慧智","https://doc.twse.com.tw/server-java/t144sb10?step=9&filename=2024_6615_20240529F17.pdf"
"=""6616""","特昇-KY","https://doc.twse.com.tw/server-java/t144sb10?step=9&filename=2024_6616_20240613F17.pdf"
"=""6617""","共信-KY","https://doc.twse.com.tw/server-java/t144sb10?step=9&filename=2024_6617_20240621F17.pdf"
"=""6624""","萬年清","https://doc.twse.com.tw/server-java/t144sb10?step=9&filename=2024_6624_20240613F17.pdf"
"=""6629""","泰金-KY","https://doc.twse.com.tw/server-java/t144sb10?step=9&filename=2024_6629_20240626F17.pdf"
"=""6637""","醫影","https://doc.twse.com.tw/server-java/t144sb10?step=9&filename=2024_6637_20240607F17.pdf"
"=""6640""","均華","https://doc.twse.com.tw/server-java/t144sb10?step=9&filename=2024_6640_20240624F17.pdf"
"=""6642""","富致","https://doc.twse.com.tw/server-java/t144sb10?step=9&filename=2024_6642_20240521F17.pdf"
"=""6643""","M31","https://doc.twse.com.tw/server-java/t144sb10?step=9&filename=2024_6643_20240527F17.pdf"
"=""6649""","台生材","https://doc.twse.com.tw/server-java/t144sb10?step=9&filename=2024_6649_20240613F17.pdf"
"=""6651""","全宇昕","https://doc.twse.com.tw/server-java/t144sb10?step=9&filename=2024_6651_20240530F17.pdf"
"=""6654""","天正國際","https://doc.twse.com.tw/server-java/t144sb10?step=9&filename=2024_6654_20240530F17.pdf"
"=""6661""","威健生技","https://doc.twse.com.tw/server-java/t144sb10?step=9&filename=2024_6661_20240530F17.pdf"
"=""6662""","樂斯科","https://doc.twse.com.tw/server-java/t144sb10?step=9&filename=2024_6662_20240613F17.pdf"
"=""6664""","群翊","https://doc.twse.com.tw/server-java/t144sb10?step=9&filename=2024_6664_20240530F17.pdf"
"=""6667""","信紘科","https://doc.twse.com.tw/server-java/t144sb10?step=9&filename=2024_6667_20240612F17.pdf"
"=""6679""","鈺太","https://doc.twse.com.tw/server-java/t144sb10?step=9&filename=2024_6679_20240515F17.pdf"
"=""6680""","鑫創電子","https://doc.twse.com.tw/server-java/t144sb10?step=9&filename=2024_6680_20240521F17.pdf"
"=""6683""","雍智科技","https://doc.twse.com.tw/server-java/t144sb10?step=9&filename=2024_6683_20240603F17.pdf"
"=""6684""","安格","https://doc.twse.com.tw/server-java/t144sb10?step=9&filename=2024_6684_20240605F17.pdf"
"=""6690""","安碁資訊","https://doc.twse.com.tw/server-java/t144sb10?step=9&filename=2024_6690_20240528F17.pdf"
"=""6692""","進能服","https://doc.twse.com.tw/server-java/t144sb10?step=9&filename=2024_6692_20240619F17.pdf"
"=""6693""","廣閎科","https://doc.twse.com.tw/server-java/t144sb10?step=9&filename=2024_6693_20240614F17.pdf"
"=""6697""","東捷資訊","https://doc.twse.com.tw/server-java/t144sb10?step=9&filename=2024_6697_20240530F17.pdf"
"=""6703""","軒郁","https://doc.twse.com.tw/server-java/t144sb10?step=9&filename=2024_6703_20240607F17.pdf"
"=""6708""","天擎","https://doc.twse.com.tw/server-java/t144sb10?step=9&filename=2024_6708_20240614F17.pdf"
"=""6712""","長聖","https://doc.twse.com.tw/server-java/t144sb10?step=9&filename=2024_6712_20240430F17.pdf"
"=""6716""","應廣","https://doc.twse.com.tw/server-java/t144sb10?step=9&filename=2024_6716_20240627F17.pdf"
"=""6721""","信實","https://doc.twse.com.tw/server-java/t144sb10?step=9&filename=2024_6721_20240606F17.pdf"
"=""6727""","亞泰金屬","https://doc.twse.com.tw/server-java/t144sb10?step=9&filename=2024_6727_20240625F17.pdf"
"=""6728""","上洋","https://doc.twse.com.tw/server-java/t144sb10?step=9&filename=2024_6728_20240521F17.pdf"
"=""6732""","昇佳電子","https://doc.twse.com.tw/server-java/t144sb10?step=9&filename=2024_6732_20240618F17.pdf"
"=""6733""","博晟生醫","https://doc.twse.com.tw/server-java/t144sb10?step=9&filename=2024_6733_20240528F17.pdf"
"=""6735""","美達科技","https://doc.twse.com.tw/server-java/t144sb10?step=9&filename=2024_6735_20240606F17.pdf"
"=""6741""","91APP*-KY","https://doc.twse.com.tw/server-java/t144sb10?step=9&filename=2024_6741_20240607F17.pdf"
"=""6747""","亨泰光","https://doc.twse.com.tw/server-java/t144sb10?step=9&filename=2024_6747_20240618F17.pdf"
"=""6751""","智聯服務","https://doc.twse.com.tw/server-java/t144sb10?step=9&filename=2024_6751_20240607F17.pdf"
"=""6752""","叡揚","https://doc.twse.com.tw/server-java/t144sb10?step=9&filename=2024_6752_20240530F17.pdf"
"=""6761""","穩得","https://doc.twse.com.tw/server-java/t144sb10?step=9&filename=2024_6761_20240618F17.pdf"
"=""6762""","達亞","https://doc.twse.com.tw/server-java/t144sb10?step=9&filename=2024_6762_20240520F17.pdf"
"=""6763""","綠界科技","https://doc.twse.com.tw/server-java/t144sb10?step=9&filename=2024_6763_20240619F17.pdf"
"=""6767""","台微醫","https://doc.twse.com.tw/server-java/t144sb10?step=9&filename=2024_6767_20240614F17.pdf"
"=""6785""","昱展新藥","https://doc.twse.com.tw/server-java/t144sb10?step=9&filename=2024_6785_20240521F17.pdf"
"=""6788""","華景電","https://doc.twse.com.tw/server-java/t144sb10?step=9&filename=2024_6788_20240531F17.pdf"
"=""6791""","虎門科技","https://doc.twse.com.tw/server-java/t144sb10?step=9&filename=2024_6791_20240621F17.pdf"
"=""6803""","崑鼎","https://doc.twse.com.tw/server-java/t144sb10?step=9&filename=2024_6803_20240527F17.pdf"
"=""6804""","明係","https://doc.twse.com.tw/server-java/t144sb10?step=9&filename=2024_6804_20240524F17.pdf"
"=""6811""","宏碁資訊","https://doc.twse.com.tw/server-java/t144sb10?step=9&filename=2024_6811_20240605F17.pdf"
"=""6821""","聯寶","https://doc.twse.com.tw/server-java/t144sb10?step=9&filename=2024_6821_20240521F17.pdf"
"=""6823""","濾能","https://doc.twse.com.tw/server-java/t144sb10?step=9&filename=2024_6823_20240530F17.pdf"
"=""6829""","千附精密","https://doc.twse.com.tw/server-java/t144sb10?step=9&filename=2024_6829_20240529F17.pdf"
"=""6840""","東研信超","https://doc.twse.com.tw/server-java/t144sb10?step=9&filename=2024_6840_20240607F17.pdf"
"=""6841""","長佳智能","https://doc.twse.com.tw/server-java/t144sb10?step=9&filename=2024_6841_20240523F17.pdf"
"=""6843""","進典","https://doc.twse.com.tw/server-java/t144sb10?step=9&filename=2024_6843_20240627F17.pdf"
"=""6844""","諾貝兒","https://doc.twse.com.tw/server-java/t144sb10?step=9&filename=2024_6844_20240618F17.pdf"
"=""6846""","綠茵","https://doc.twse.com.tw/server-java/t144sb10?step=9&filename=2024_6846_20240527F17.pdf"
"=""6855""","數泓科","https://doc.twse.com.tw/server-java/t144sb10?step=9&filename=2024_6855_20240627F17.pdf"
"=""6856""","鑫傳","https://doc.twse.com.tw/server-java/t144sb10?step=9&filename=2024_6856_20240531F17.pdf"
"=""6859""","伯特光","https://doc.twse.com.tw/server-java/t144sb10?step=9&filename=2024_6859_20240531F17.pdf"
"=""6865""","偉康科技","https://doc.twse.com.tw/server-java/t144sb10?step=9&filename=2024_6865_20240530F17.pdf"
"=""6870""","騰雲","https://doc.twse.com.tw/server-java/t144sb10?step=9&filename=2024_6870_20240606F17.pdf"
"=""6874""","倍力","https://doc.twse.com.tw/server-java/t144sb10?step=9&filename=2024_6874_20240530F17.pdf"
"=""6875""","國邑*","https://doc.twse.com.tw/server-java/t144sb10?step=9&filename=2024_6875_20240626F17.pdf"
"=""6877""","鏵友益","https://doc.twse.com.tw/server-java/t144sb10?step=9&filename=2024_6877_20240618F17.pdf"
"=""6881""","潤德","https://doc.twse.com.tw/server-java/t144sb10?step=9&filename=2024_6881_20240527F17.pdf"
"=""6894""","衛司特","https://doc.twse.com.tw/server-java/t144sb10?step=9&filename=2024_6894_20240530F17.pdf"
"=""6895""","宏碩系統","https://doc.twse.com.tw/server-java/t144sb10?step=9&filename=2024_6895_20240607F17.pdf"
"=""6899""","創為精密","https://doc.twse.com.tw/server-java/t144sb10?step=9&filename=2024_6899_20240624F17.pdf"
"=""6903""","巨漢","https://doc.twse.com.tw/server-java/t144sb10?step=9&filename=2024_6903_20240530F17.pdf"
"=""6904""","伯鑫","https://doc.twse.com.tw/server-java/t144sb10?step=9&filename=2024_6904_20240621F17.pdf"
"=""6922""","宸曜","https://doc.twse.com.tw/server-java/t144sb10?step=9&filename=2024_6922_20240624F17.pdf"
"=""6929""","佑全","https://doc.twse.com.tw/server-java/t144sb10?step=9&filename=2024_6929_20240527F17.pdf"
"=""6953""","家碩","https://doc.twse.com.tw/server-java/t144sb10?step=9&filename=2024_6953_20240522F17.pdf"
"=""7402""","邑錡","https://doc.twse.com.tw/server-java/t144sb10?step=9&filename=2024_7402_20240614F17.pdf"
"=""7556""","意德士科技","https://doc.twse.com.tw/server-java/t144sb10?step=9&filename=2024_7556_20240530F17.pdf"
"=""8024""","佑華","https://doc.twse.com.tw/server-java/t144sb10?step=9&filename=2024_8024_20240619F17.pdf"
"=""8027""","鈦昇","https://doc.twse.com.tw/server-java/t144sb10?step=9&filename=2024_8027_20240620F17.pdf"
"=""8032""","光菱","https://doc.twse.com.tw/server-java/t144sb10?step=9&filename=2024_8032_20240618F17.pdf"
"=""8034""","榮群","https://doc.twse.com.tw/server-java/t144sb10?step=9&filename=2024_8034_20240606F17.pdf"
"=""8038""","長園科","https://doc.twse.com.tw/server-java/t144sb10?step=9&filename=2024_8038_20240619F17.pdf"
"=""8040""","九暘","https://doc.twse.com.tw/server-java/t144sb10?step=9&filename=2024_8040_20240617F17.pdf"
"=""8042""","金山電","https://doc.twse.com.tw/server-java/t144sb10?step=9&filename=2024_8042_20240527F17.pdf"
"=""8043""","蜜望實","https://doc.twse.com.tw/server-java/t144sb10?step=9&filename=2024_8043_20240612F17.pdf"
"=""8044""","網家","https://doc.twse.com.tw/server-java/t144sb10?step=9&filename=2024_8044_20240619F17.pdf"
"=""8047""","星雲","https://doc.twse.com.tw/server-java/t144sb10?step=9&filename=2024_8047_20240621F17.pdf"
"=""8048""","德勝","https://doc.twse.com.tw/server-java/t144sb10?step=9&filename=2024_8048_20240619F17.pdf"
"=""8049""","晶采","https://doc.twse.com.tw/server-java/t144sb10?step=9&filename=2024_8049_20240529F17.pdf"
"=""8050""","廣積","https://doc.twse.com.tw/server-java/t144sb10?step=9&filename=2024_8050_20240619F17.pdf"
"=""8054""","安國","https://doc.twse.com.tw/server-java/t144sb10?step=9&filename=2024_8054_20240422F17.pdf"
"=""8059""","凱碩","https://doc.twse.com.tw/server-java/t144sb10?step=9&filename=2024_8059_20240606F17.pdf"
"=""8064""","東捷","https://doc.twse.com.tw/server-java/t144sb10?step=9&filename=2024_8064_20240606F17.pdf"
"=""8066""","來思達","https://doc.twse.com.tw/server-java/t144sb10?step=9&filename=2024_8066_20240531F17.pdf"
"=""8067""","志旭","https://doc.twse.com.tw/server-java/t144sb10?step=9&filename=2024_8067_20240618F17.pdf"
"=""8068""","全達","https://doc.twse.com.tw/server-java/t144sb10?step=9&filename=2024_8068_20240614F17.pdf"
"=""8069""","元太","https://doc.twse.com.tw/server-java/t144sb10?step=9&filename=2024_8069_20240529F17.pdf"
"=""8071""","能率網通","https://doc.twse.com.tw/server-java/t144sb10?step=9&filename=2024_8071_20240626F17.pdf"
"=""8074""","鉅橡","https://doc.twse.com.tw/server-java/t144sb10?step=9&filename=2024_8074_20240430F17.pdf"
"=""8076""","伍豐","https://doc.twse.com.tw/server-java/t144sb10?step=9&filename=2024_8076_20240619F17.pdf"
"=""8077""","洛碁","https://doc.twse.com.tw/server-java/t144sb10?step=9&filename=2024_8077_20240618F17.pdf"
"=""8080""","印鉐","https://doc.twse.com.tw/server-java/t144sb10?step=9&filename=2024_8080_20240614F17.pdf"
"=""8083""","瑞穎","https://doc.twse.com.tw/server-java/t144sb10?step=9&filename=2024_8083_20240528F17.doc"
"=""8084""","巨虹","https://doc.twse.com.tw/server-java/t144sb10?step=9&filename=2024_8084_20240516F17.pdf"
"=""8085""","福華","https://doc.twse.com.tw/server-java/t144sb10?step=9&filename=2024_8085_20240527F17.pdf"
"=""8086""","宏捷科","https://doc.twse.com.tw/server-java/t144sb10?step=9&filename=2024_8086_20240528F17.pdf"
"=""8087""","華鎂鑫","https://doc.twse.com.tw/server-java/t144sb10?step=9&filename=2024_8087_20240524F17.pdf"
"=""8088""","品安","https://doc.twse.com.tw/server-java/t144sb10?step=9&filename=2024_8088_20240624F17.pdf"
"=""8089""","康全電訊","https://doc.twse.com.tw/server-java/t144sb10?step=9&filename=2024_8089_20240612F17.pdf"
"=""8091""","翔名","https://doc.twse.com.tw/server-java/t144sb10?step=9&filename=2024_8091_20240617F17.pdf"
"=""8092""","建暐","https://doc.twse.com.tw/server-java/t144sb10?step=9&filename=2024_8092_20240614F17.pdf"
"=""8093""","保銳","https://doc.twse.com.tw/server-java/t144sb10?step=9&filename=2024_8093_20240624F17.pdf"
"=""8096""","擎亞","https://doc.twse.com.tw/server-java/t144sb10?step=9&filename=2024_8096_20240626F17.pdf"
"=""8097""","常珵","https://doc.twse.com.tw/server-java/t144sb10?step=9&filename=2024_8097_20240628F17.pdf"
"=""8099""","大世科","https://doc.twse.com.tw/server-java/t144sb10?step=9&filename=2024_8099_20240528F17.pdf"
"=""8107""","大億金茂","https://doc.twse.com.tw/server-java/t144sb10?step=9&filename=2024_8107_20240618F17.pdf"
"=""8109""","博大","https://doc.twse.com.tw/server-java/t144sb10?step=9&filename=2024_8109_20240530F17.pdf"
"=""8111""","立碁","https://doc.twse.com.tw/server-java/t144sb10?step=9&filename=2024_8111_20240612F17.pdf"
"=""8121""","越峰","https://doc.twse.com.tw/server-java/t144sb10?step=9&filename=2024_8121_20240528F17.pdf"
"=""8147""","正淩","https://doc.twse.com.tw/server-java/t144sb10?step=9&filename=2024_8147_20240612F17.pdf"
"=""8155""","博智","https://doc.twse.com.tw/server-java/t144sb10?step=9&filename=2024_8155_20240527F17.pdf"
"=""8171""","天宇","https://doc.twse.com.tw/server-java/t144sb10?step=9&filename=2024_8171_20240621F17.pdf"
"=""8176""","智捷","https://doc.twse.com.tw/server-java/t144sb10?step=9&filename=2024_8176_20240524F17.pdf"
"=""8182""","加高","https://doc.twse.com.tw/server-java/t144sb10?step=9&filename=2024_8182_20240614F17.pdf"
"=""8183""","精星","https://doc.twse.com.tw/server-java/t144sb10?step=9&filename=2024_8183_20240604F17.pdf"
"=""8227""","巨有科技","https://doc.twse.com.tw/server-java/t144sb10?step=9&filename=2024_8227_20240524F17.pdf"
"=""8234""","新漢","https://doc.twse.com.tw/server-java/t144sb10?step=9&filename=2024_8234_20240619F17.pdf"
"=""8240""","華宏","https://doc.twse.com.tw/server-java/t144sb10?step=9&filename=2024_8240_20240529F17.pdf"
"=""8255""","朋程","https://doc.twse.com.tw/server-java/t144sb10?step=9&filename=2024_8255_20240524F17.pdf"
"=""8277""","商丞","https://doc.twse.com.tw/server-java/t144sb10?step=9&filename=2024_8277_20240529F17.pdf"
"=""8279""","生展","https://doc.twse.com.tw/server-java/t144sb10?step=9&filename=2024_8279_20240529F17.pdf"
"=""8284""","三竹","https://doc.twse.com.tw/server-java/t144sb10?step=9&filename=2024_8284_20240619F17.pdf"
"=""8289""","泰藝","https://doc.twse.com.tw/server-java/t144sb10?step=9&filename=2024_8289_20240613F17.pdf"
"=""8291""","尚茂","https://doc.twse.com.tw/server-java/t144sb10?step=9&filename=2024_8291_20240619F17.pdf"
"=""8299""","群聯","https://doc.twse.com.tw/server-java/t144sb10?step=9&filename=2024_8299_20240527F17.pdf"
"=""8342""","益張","https://doc.twse.com.tw/server-java/t144sb10?step=9&filename=2024_8342_20240605F17.pdf"
"=""8349""","恒耀國際","https://doc.twse.com.tw/server-java/t144sb10?step=9&filename=2024_8349_20240621F17.pdf"
"=""8354""","冠好","https://doc.twse.com.tw/server-java/t144sb10?step=9&filename=2024_8354_20240619F17.pdf"
"=""8358""","金居","https://doc.twse.com.tw/server-java/t144sb10?step=9&filename=2024_8358_20240621F17.pdf"
"=""8383""","千附","https://doc.twse.com.tw/server-java/t144sb10?step=9&filename=2024_8383_20240530F17.pdf"
"=""8390""","金益鼎","https://doc.twse.com.tw/server-java/t144sb10?step=9&filename=2024_8390_20240626F17.pdf"
"=""8401""","白紗科","https://doc.twse.com.tw/server-java/t144sb10?step=9&filename=2024_8401_20240527F17.pdf"
"=""8403""","盛弘","https://doc.twse.com.tw/server-java/t144sb10?step=9&filename=2024_8403_20240624F17.pdf"
"=""8409""","商之器","https://doc.twse.com.tw/server-java/t144sb10?step=9&filename=2024_8409_20240620F17.pdf"
"=""8410""","森田","https://doc.twse.com.tw/server-java/t144sb10?step=9&filename=2024_8410_20240627F17.pdf"
"=""8415""","大國鋼","https://doc.twse.com.tw/server-java/t144sb10?step=9&filename=2024_8415_20240612F17.pdf"
"=""8416""","實威","https://doc.twse.com.tw/server-java/t144sb10?step=9&filename=2024_8416_20240530F17.pdf"
"=""8421""","旭源","https://doc.twse.com.tw/server-java/t144sb10?step=9&filename=2024_8421_20240524F17.pdf"
"=""8423""","保綠-KY","https://doc.twse.com.tw/server-java/t144sb10?step=9&filename=2024_8423_20240613F17.pdf"
"=""8424""","惠普","https://doc.twse.com.tw/server-java/t144sb10?step=9&filename=2024_8424_20240524F17.pdf"
"=""8426""","紅木-KY","https://doc.twse.com.tw/server-java/t144sb10?step=9&filename=2024_8426_20240621F17.pdf"
"=""8431""","匯鑽科","https://doc.twse.com.tw/server-java/t144sb10?step=9&filename=2024_8431_20240621F17.pdf"
"=""8432""","東生華","https://doc.twse.com.tw/server-java/t144sb10?step=9&filename=2024_8432_20240524F17.pdf"
"=""8433""","弘帆","https://doc.twse.com.tw/server-java/t144sb10?step=9&filename=2024_8433_20240621F17.pdf"
"=""8435""","鉅邁","https://doc.twse.com.tw/server-java/t144sb10?step=9&filename=2024_8435_20240607F17.pdf"
"=""8436""","大江","https://doc.twse.com.tw/server-java/t144sb10?step=9&filename=2024_8436_20240625F17.pdf"
"=""8437""","大地-KY","https://doc.twse.com.tw/server-java/t144sb10?step=9&filename=2024_8437_20240619F17.pdf"
"=""8440""","綠電","https://doc.twse.com.tw/server-java/t144sb10?step=9&filename=2024_8440_20240424F17.pdf"
"=""8444""","綠河-KY","https://doc.twse.com.tw/server-java/t144sb10?step=9&filename=2024_8444_20240625F17.pdf"
"=""8446""","華研","https://doc.twse.com.tw/server-java/t144sb10?step=9&filename=2024_8446_20240626F17.pdf"
"=""8450""","霹靂","https://doc.twse.com.tw/server-java/t144sb10?step=9&filename=2024_8450_20240624F17.pdf"
"=""8455""","大拓-KY","https://doc.twse.com.tw/server-java/t144sb10?step=9&filename=2024_8455_20240619F17.pdf"
"=""8472""","夠麻吉","https://doc.twse.com.tw/server-java/t144sb10?step=9&filename=2024_8472_20240530F17.pdf"
"=""8477""","創業家","https://doc.twse.com.tw/server-java/t144sb10?step=9&filename=2024_8477_20240607F17.pdf"
"=""8489""","三貝德","https://doc.twse.com.tw/server-java/t144sb10?step=9&filename=2024_8489_20240618F17.pdf"
"=""8905""","裕國","https://doc.twse.com.tw/server-java/t144sb10?step=9&filename=2024_8905_20240620F17.pdf"
"=""8906""","花王","https://doc.twse.com.tw/server-java/t144sb10?step=9&filename=2024_8906_20240625F17.pdf"
"=""8908""","欣雄","https://doc.twse.com.tw/server-java/t144sb10?step=9&filename=2024_8908_20240624F17.pdf"
"=""8916""","光隆","https://doc.twse.com.tw/server-java/t144sb10?step=9&filename=2024_8916_20240531F17.pdf"
"=""8917""","欣泰","https://doc.twse.com.tw/server-java/t144sb10?step=9&filename=2024_8917_20240612F17.pdf"
"=""8921""","沈氏","https://doc.twse.com.tw/server-java/t144sb10?step=9&filename=2024_8921_20240607F17.doc"
"=""8923""","時報","https://doc.twse.com.tw/server-java/t144sb10?step=9&filename=2024_8923_20240529F17.pdf"
"=""8924""","大田","https://doc.twse.com.tw/server-java/t144sb10?step=9&filename=2024_8924_20240605F17.pdf"
"=""8927""","北基","https://doc.twse.com.tw/server-java/t144sb10?step=9&filename=2024_8927_20240621F17.pdf"
"=""8928""","鉅明","https://doc.twse.com.tw/server-java/t144sb10?step=9&filename=2024_8928_20240524F17.pdf"
"=""8929""","富堡","https://doc.twse.com.tw/server-java/t144sb10?step=9&filename=2024_8929_20240621F17.pdf"
"=""8930""","青鋼","https://doc.twse.com.tw/server-java/t144sb10?step=9&filename=2024_8930_20240530F17.pdf"
"=""8931""","大汽電","https://doc.twse.com.tw/server-java/t144sb10?step=9&filename=2024_8931_20240529F17.pdf"
"=""8932""","智通","https://doc.twse.com.tw/server-java/t144sb10?step=9&filename=2024_8932_20240524F17.pdf"
"=""8933""","愛地雅","https://doc.twse.com.tw/server-java/t144sb10?step=9&filename=2024_8933_20240530F17.pdf"
"=""8935""","邦泰","https://doc.twse.com.tw/server-java/t144sb10?step=9&filename=2024_8935_20240606F17.pdf"
"=""8936""","國統","https://doc.twse.com.tw/server-java/t144sb10?step=9&filename=2024_8936_20240618F17.pdf"
"=""8937""","合騏","https://doc.twse.com.tw/server-java/t144sb10?step=9&filename=2024_8937_20240607F17.pdf"
"=""8938""","明安","https://doc.twse.com.tw/server-java/t144sb10?step=9&filename=2024_8938_20240527F17.pdf"
"=""8941""","關中","https://doc.twse.com.tw/server-java/t144sb10?step=9&filename=2024_8941_20240618F17.pdf"
"=""8942""","森鉅","https://doc.twse.com.tw/server-java/t144sb10?step=9&filename=2024_8942_20240528F17.pdf"
"=""9949""","琉園","https://doc.twse.com.tw/server-java/t144sb10?step=9&filename=2024_9949_20240627F17.pdf"
"=""9950""","萬國通","https://doc.twse.com.tw/server-java/t144sb10?step=9&filename=2024_9950_20240621F17.pdf"
"=""9951""","皇田","https://doc.twse.com.tw/server-java/t144sb10?step=9&filename=2024_9951_20240618F17.pdf"
"=""9960""","邁達康","https://doc.twse.com.tw/server-java/t144sb10?step=9&filename=2024_9960_20240614F17.pdf"
"=""9962""","有益","https://doc.twse.com.tw/server-java/t144sb10?step=9&filename=2024_9962_20240619F17.pdf"