"報告年度:2023","議題:溫室氣體排放"
"公司代號","公司名稱","直接(範疇一)溫室氣體-數據(公噸CO₂e)","直接(範疇一)溫室氣體-資料邊界","直接(範疇一)溫室氣體-確信範圍","能源間接(範疇二)溫室氣體-數據(公噸CO₂e)","能源間接(範疇二)溫室氣體-資料邊界","能源間接(範疇二)溫室氣體-確信範圍","其他間接(範疇三)溫室氣體-數據(公噸CO₂e)","其他間接(範疇三)溫室氣體-資料邊界","其他間接(範疇三)溫室氣體-確信範圍","溫室氣體排放密集度-密集度(公噸CO₂e/百萬元營業額)"
"=""1240""","茂生農經","1,216.3000","僅母公司","N/A","1,837.1900","僅母公司","N/A","N/A","N/A","N/A",""
"=""1259""","安心","N/A","N/A","N/A","27,147.8250","僅母公司","N/A","N/A","N/A","N/A","4.5703"
"=""1264""","德麥","1,627.8190","母公司","N/A","1,519.5290","母公司","N/A","N/A","N/A","N/A","0.9501"
"=""1268""","漢來美食","5,113.1400","範圍為漢來美食全台各分公司及中央工廠","N/A","10,019.8500","範圍為漢來美食全台各分公司及中央工廠","N/A","N/A","N/A","N/A","3.0767"
"=""1336""","台翰","402.9800","台灣總部、越南廠區、菲律賓廠區、東莞廠區","僅越南廠通過","15,709.4200","台灣總部、越南廠區、菲律賓廠區、東莞廠區","僅越南廠通過","N/A","N/A","N/A","6.9600"
"=""1565""","精華","N/A","N/A","N/A","N/A","N/A","N/A","N/A","N/A","N/A",""
"=""1569""","濱川","2,877.3400","母公司、蘇州濱川精密工業有限公司、蘇州豐川電子科技有限公司及重慶豐川電子科技有限公司","蘇州豐川電子科技有限公司及重慶豐川電子科技有限公司","25,434.3500","母公司、蘇州濱川精密工業有限公司、蘇州豐川電子科技有限公司及重慶豐川電子科技有限公司","蘇州豐川電子科技有限公司及重慶豐川電子科技有限公司","10,739.8300","母公司及重慶豐川電子科技有限公司","重慶豐川電子科技公司 ","8.2182"
"=""1570""","力肯","25.9816","母公司公務車及私車公用汽油使用量之溫室氣體排放數據","N/A","315.5130","母公司用電之溫室氣體排放數據","N/A","N/A","N/A","N/A","0.8025"
"=""1580""","新麥","172.7305","台北總公司、台中區及高雄區","N/A","104.0531","台北總公司、台中區及高雄區","N/A","N/A","N/A","N/A",""
"=""1584""","精剛","6,819.5352","本廠、二廠、精煉廠","N/A","12,287.0697","本廠、二廠、精煉廠","N/A","N/A","N/A","N/A","7.0000"
"=""1586""","和勤","252.1125","和勤精機股份有限公司 彰化縣伸港鄉興工路40號","N/A","1,826.1263","和勤精機股份有限公司 彰化縣伸港鄉興工路40號","N/A","1,210.3217","和勤精機股份有限公司 彰化縣伸港鄉興工路40號","N/A","5.0878"
"=""1591""","駿吉-KY","N/A","N/A","N/A","N/A","N/A","N/A","N/A","N/A","N/A",""
"=""1593""","祺驊","N/A","N/A","N/A","N/A","N/A","N/A","N/A","N/A","N/A",""
"=""1595""","川寶","484.2100","僅母公司","N/A","N/A","N/A","N/A","N/A","N/A","N/A",""
"=""1599""","宏佳騰","N/A","N/A","N/A","N/A","N/A","N/A","N/A","N/A","N/A",""
"=""1742""","台蠟","416.0848","母公司","N/A","93.5043","母公司","N/A","N/A","N/A","N/A","4.1498"
"=""1777""","生泰","3,002.2013","生泰公司","2023.01.01~2023.12.31","3,923.9816","生泰公司","2023.01.01~2023.12.31","1,973.2097","生泰公司","2023.01.01~2023.12.31","7.9838"
"=""1781""","合世","N/A","N/A","N/A","N/A","N/A","N/A","N/A","N/A","N/A",""
"=""1784""","訊聯","495.8700","包含合併財務報表之母子公司","N/A","1,308.5600","包含合併財務報表之母子公司","N/A","N/A","N/A","N/A","1.6006"
"=""1785""","光洋科","5,668.0000","光洋應材母公司(科工廠、光科園區、環科廠)","光洋應材母公司三個廠址(科工廠、光科園區、環科廠)","27,274.0000","光洋應材母公司(科工廠、光科園區、環科廠)","光洋應材母公司三個廠址(科工廠、光科園區、環科廠)","151,851.0000","光洋應材母公司(科工廠、光科園區、環科廠)","光洋應材母公司三個廠址(科工廠、光科園區、環科廠)","0.0040"
"=""1788""","杏昌","N/A","N/A","N/A","N/A","N/A","N/A","N/A","N/A","N/A",""
"=""1796""","金穎生技","N/A","N/A","N/A","9,544.3715","僅母公司新營廠及南科廠","N/A","N/A","N/A","N/A",""
"=""1799""","易威","6.5182","2023年本公司溫室氣體盤查報告書組織邊界設定參考 ISO 14064-1：2018 標準與世界永續發展協會/世界資源研究院 (WBCSD/WRI)溫室氣體盤查議定書之要求，以臺灣本土地理邊界為範圍，採用營運控制權法，對於本公司所管理或營運控制下的設施造成之溫室氣體排放量，組織將 100% 認列。組織排放邊界的設定，範圍涵蓋總公司〈新竹市科學園區研發二路 10 號 1 樓〉的直接與間接排放源進行鑑別。 台灣總公司(科學園區研發二路 10 號 1 樓) ","N/A","21.0613","2023年本公司溫室氣體盤查報告書組織邊界設定參考 ISO 14064-1：2018 標準與世界永續發展協會/世界資源研究院 (WBCSD/WRI)溫室氣體盤查議定書之要求，以臺灣本土地理邊界為範圍，採用營運控制權法，對於本公司所管理或營運控制下的設施造成之溫室氣體排放量，組織將 100% 認列。組織排放邊界的設定，範圍涵蓋總公司〈新竹市科學園區研發二路 10 號 1 樓〉的直接與間接排放源進行鑑別。 台灣總公司(科學園區研發二路 10 號 1 樓) ","N/A","8.0857","2023年本公司溫室氣體盤查報告書組織邊界設定參考 ISO 14064-1：2018 標準與世界永續發展協會/世界資源研究院 (WBCSD/WRI)溫室氣體盤查議定書之要求，以臺灣本土地理邊界為範圍，採用營運控制權法，對於本公司所管理或營運控制下的設施造成之溫室氣體排放量，組織將 100% 認列。組織排放邊界的設定，範圍涵蓋總公司〈新竹市科學園區研發二路 10 號 1 樓〉的直接與間接排放源進行鑑別。 台灣總公司(科學園區研發二路 10 號 1 樓) ","N/A","0.1015"
"=""1813""","寶利徠","1.5600","母公司","N/A","5,475.5100","母公司","N/A","N/A","N/A","N/A","29.3300"
"=""1815""","富喬","66,195.4710","母公司","母公司","85,242.5788","母公司","母公司","N/A","N/A","N/A","52.5992"
"=""2035""","唐榮公司","29,842.3861","高雄市小港區沿海二路4號","唐榮鐵工廠股份有限公司","56,537.8815","高雄市小港區沿海二路4號","唐榮鐵工廠股份有限公司","N/A","N/A","N/A","8.0679"
"=""2061""","風青","N/A","N/A","N/A","N/A","N/A","N/A","N/A","N/A","N/A",""
"=""2063""","世鎧","316.8100","岡山廠、路竹廠、包裝廠、複材廠及竹南廠，共5個廠區","岡山廠、路竹廠、包裝廠、複材廠及竹南廠，共5個廠區","5,240.1243","岡山廠、路竹廠、包裝廠、複材廠及竹南廠，共5個廠區","岡山廠、路竹廠、包裝廠、複材廠及竹南廠，共5個廠區","N/A","N/A","N/A","3.8897"
"=""2064""","晉椿","2,803.7243","僅母公司，盤查邊界：晉椿鹿港一廠、二廠、中壢辦事處","僅母公司，盤查邊界：晉椿鹿港一廠、二廠、中壢辦事處","2,927.9106","僅母公司，盤查邊界：晉椿鹿港一廠、二廠、中壢辦事處","僅母公司，盤查邊界：晉椿鹿港一廠、二廠、中壢辦事處","1,583.0744","僅母公司，盤查邊界：晉椿鹿港一廠、二廠、中壢辦事處","僅母公司，盤查邊界：晉椿鹿港一廠、二廠、中壢辦事處","4.9628"
"=""2065""","世豐","1,709.7029","僅母公司","僅母公司","7,482.4007","僅母公司","僅母公司","55,165.0795","僅母公司","N/A","3.9560"
"=""2066""","世德","N/A","N/A","N/A","N/A","N/A","N/A","N/A","N/A","N/A",""
"=""2067""","嘉鋼","626.2199","母公司頭橋一廠","N/A","7,543.1824","母公司頭橋一廠","N/A","1,557.5992","母公司頭橋一廠","N/A","11.9962"
"=""2070""","精湛","60.1848","母公司","N/A","147.2229","母公司","N/A","98.8035","母公司","N/A","0.4604"
"=""2073""","雄順","2,786.6049","母公司","母公司","15,670.1333","母公司","母公司","14,398.3452","母公司","母公司","35.7124"
"=""2221""","大甲","673.0000","僅母公司","N/A","1,568.0000","僅母公司","N/A","9,672.0000","僅母公司","N/A",""
"=""2230""","泰茂","126.3140","泰茂實業股份有限公司","N/A","907.2760","泰茂實業股份有限公司","N/A","9.0620","泰茂實業股份有限公司","N/A",""
"=""2235""","謚源","N/A","N/A","N/A","N/A","N/A","N/A","N/A","N/A","N/A",""
"=""2596""","綠意","N/A","N/A","N/A","N/A","N/A","N/A","N/A","N/A","N/A",""
"=""2640""","大車隊","0.0000","母公司","N/A","265.3600","母公司","N/A","N/A","N/A","N/A",""
"=""2641""","正德","1,280.1321","正德海運母公司+船隊","N/A","52.1136","正德海運(高雄市苓雅區海邊路31號3樓)","N/A","77,225.2427","船隊(燃油)","N/A","58.7565"
"=""2643""","捷迅","N/A","N/A","N/A","N/A","N/A","N/A","N/A","N/A","N/A",""
"=""2718""","晶悅","N/A","N/A","N/A","104.3600","包含合併財務報表之母子公司","N/A","N/A","N/A","N/A","0.0480"
"=""2719""","燦星旅","N/A","N/A","N/A","N/A","N/A","N/A","N/A","N/A","N/A",""
"=""2724""","藝舍-KY","N/A","N/A","N/A","N/A","N/A","N/A","N/A","N/A","N/A",""
"=""2726""","雅茗-KY","N/A","N/A","N/A","N/A","N/A","N/A","N/A","N/A","N/A",""
"=""2729""","瓦城","N/A","N/A","N/A","19,004.0000","總部、廠房及全台門店","N/A","N/A","N/A","N/A","3.3245"
"=""2732""","六角","N/A","N/A","N/A","N/A","N/A","N/A","N/A","N/A","N/A","0.9700"
"=""2734""","易飛網","N/A","N/A","N/A","N/A","N/A","N/A","N/A","N/A","N/A",""
"=""2736""","富野","N/A","N/A","N/A","N/A","N/A","N/A","N/A","N/A","N/A",""
"=""2740""","天蔥","N/A","N/A","N/A","1,053.8610","包含合併財務報表之母子公司","N/A","N/A","N/A","N/A",""
"=""2743""","山富","N/A","N/A","N/A","N/A","N/A","N/A","N/A","N/A","N/A",""
"=""2745""","五福","N/A","N/A","N/A","N/A","N/A","N/A","N/A","N/A","N/A",""
"=""2752""","豆府","N/A","N/A","N/A","N/A","N/A","N/A","N/A","N/A","N/A",""
"=""2754""","亞洲藏壽司","N/A","N/A","N/A","N/A","N/A","N/A","N/A","N/A","N/A",""
"=""2755""","揚秦","947.1770","僅母公司 包含桃園總部、中南區物流中心及旗下四大品牌（麥味登、炸雞大獅、REAL及涮金鍋）全省直營門市","僅母公司 包含桃園總部、中南區物流中心及旗下四大品牌（麥味登、炸雞大獅、REAL及涮金鍋）全省直營門市","2,101.1471","僅母公司 包含桃園總部、中南區物流中心及旗下四大品牌（麥味登、炸雞大獅、REAL及涮金鍋）全省直營門市","僅母公司 包含桃園總部、中南區物流中心及旗下四大品牌（麥味登、炸雞大獅、REAL及涮金鍋）全省直營門市","N/A","N/A","N/A","1.4163"
"=""2756""","聯發國際","N/A","N/A","N/A","N/A","N/A","N/A","N/A","N/A","N/A",""
"=""2916""","滿心","N/A","N/A","N/A","N/A","N/A","N/A","N/A","N/A","N/A",""
"=""2924""","宏太-KY","N/A","N/A","N/A","N/A","N/A","N/A","N/A","N/A","N/A",""
"=""2926""","誠品生活","N/A","N/A","N/A","N/A","N/A","N/A","N/A","N/A","N/A",""
"=""2937""","集雅社","198.9447","合併","N/A","654.8489","合併","N/A","N/A","N/A","N/A","0.2101"
"=""2941""","米斯特","N/A","N/A","N/A","N/A","N/A","N/A","N/A","N/A","N/A",""
"=""2947""","振宇五金","N/A","N/A","N/A","N/A","N/A","N/A","N/A","N/A","N/A",""
"=""2948""","寶陞","N/A","N/A","N/A","N/A","N/A","N/A","N/A","N/A","N/A",""
"=""2949""","欣新網","N/A","N/A","N/A","N/A","N/A","N/A","N/A","N/A","N/A",""
"=""3064""","泰偉","N/A","N/A","N/A","221.4030","母公司","N/A","N/A","N/A","N/A",""
"=""3066""","李洲","N/A","N/A","N/A","N/A","N/A","N/A","N/A","N/A","N/A",""
"=""3067""","全域","N/A","N/A","N/A","N/A","N/A","N/A","N/A","N/A","N/A",""
"=""3071""","協禧","111.7400","台灣總部(高雄市新光路38號34-35樓)、中國昆山廠(江蘇省昆山市張浦鎮江豐路133號)、中國增達廠(廣東省惠州市博羅縣上興三路7號)","台灣總部(高雄市新光路38號34-35樓)、中國昆山廠(江蘇省昆山市張浦鎮江豐路133號)、中國增達廠(廣東省惠州市博羅縣上興三路7號)","3,403.1200","台灣總部(高雄市新光路38號34-35樓)、中國昆山廠(江蘇省昆山市張浦鎮江豐路133號)、中國增達廠(廣東省惠州市博羅縣上興三路7號)","台灣總部(高雄市新光路38號34-35樓)、中國昆山廠(江蘇省昆山市張浦鎮江豐路133號)、中國增達廠(廣東省惠州市博羅縣上興三路7號)","23,261.0200","台灣總部(高雄市新光路38號34-35樓)、中國昆山廠(江蘇省昆山市張浦鎮江豐路133號)、中國增達廠(廣東省惠州市博羅縣上興三路7號)","台灣總部(高雄市新光路38號34-35樓)、中國昆山廠(江蘇省昆山市張浦鎮江豐路133號)、中國增達廠(廣東省惠州市博羅縣上興三路7號)","1.4700"
"=""3073""","天方能源","N/A","N/A","N/A","N/A","N/A","N/A","N/A","N/A","N/A",""
"=""3078""","僑威","319.2726","僑威總公司","N/A","343.4326","僑威總公司","N/A","N/A","N/A","N/A","0.0608"
"=""3081""","聯亞","474.7100","本公司各廠區(一、二廠)","N/A","9,609.4800","本公司各廠區(一、二廠)","N/A","1,919.2200","本公司各廠區(一、二廠)","N/A","9.5500"
"=""3083""","網龍","N/A","N/A","N/A","308.4910","母公司","N/A","1.8000","母公司","N/A","1.1242"
"=""3085""","新零售","N/A","N/A","N/A","N/A","N/A","N/A","N/A","N/A","N/A",""
"=""3086""","華義","1.1000","母公司及分公司","N/A","116.9800","母公司及分公司","N/A","N/A","N/A","N/A",""
"=""3088""","艾訊","1,972.3861","母公司","N/A","1,875.8267","母公司","N/A","N/A","N/A","N/A",""
"=""3093""","港建*","N/A","N/A","N/A","318.0000","母公司","N/A","N/A","N/A","N/A",""
"=""3095""","及成","N/A","N/A","N/A","N/A","N/A","N/A","N/A","N/A","N/A",""
"=""3105""","穩懋","36,261.0000","母公司","母公司","108,701.0000","母公司","母公司","54,460.0000","母公司","母公司","9.7500"
"=""3114""","好德","N/A","N/A","N/A","N/A","N/A","N/A","N/A","N/A","N/A",""
"=""3115""","富榮綱","N/A","N/A","N/A","N/A","N/A","N/A","N/A","N/A","N/A",""
"=""3118""","進階","84.7800","1、鍋爐與備用發電機使用之柴油，屬台北區域。 2、公務貨車所使用之汽油，屬台北(含新竹區)、台中、高雄(含台南)區域。","N/A","837.1400","此資料統計範圍為台北總公司，主要來自台灣電力公司之用電量。","N/A","N/A","N/A","N/A","1.3970"
"=""3122""","笙泉","10.8548","母公司，排放量為自主盤查揭露","N/A","182.3862","母公司，排放量為自主盤查揭露","N/A","N/A","N/A","N/A","0.5205"
"=""3128""","昇銳","107.6411","包含合併財務報表之母子公司","N/A","502.5758","包含合併財務報表之母子公司","N/A","N/A","N/A","N/A","0.6265"
"=""3131""","弘塑","60.0000","僅母公司","N/A","4,400.0000","僅母公司","N/A","0.0000","僅母公司","N/A",""
"=""3141""","晶宏","39.5980","母公司","N/A","273.1700","母公司","N/A","157.3070","母公司","N/A","0.2043"
"=""3147""","大綜","N/A","N/A","N/A","N/A","N/A","N/A","N/A","N/A","N/A",""
"=""3152""","璟德","54.0700","個別財報全部廠區","N/A","13,259.0700","個別財報全部廠區","N/A","N/A","N/A","N/A","8.9500"
"=""3162""","精確","84.4016","桃園工廠及台北辦公室","N/A","N/A","N/A","N/A","N/A","N/A","N/A","0.0715"
"=""3163""","波若威","N/A","N/A","N/A","N/A","N/A","N/A","N/A","N/A","N/A",""
"=""3169""","亞信","0.5520","母公司","N/A","267.2200","母公司","N/A","N/A","N/A","N/A",""
"=""3171""","新洲","661.9877","僅母公司","N/A","33.5848","僅母公司","N/A","N/A","N/A","N/A","0.4950"
"=""3176""","基亞","N/A","N/A","N/A","458.5900","母公司","N/A","N/A","N/A","N/A",""
"=""3178""","公準","443.9650","母公司","母公司","9,099.9355","母公司","母公司","2,190.8502","母公司","母公司","6.3442"
"=""3188""","鑫龍騰","N/A","N/A","N/A","N/A","N/A","N/A","N/A","N/A","N/A",""
"=""3191""","雲科","N/A","N/A","N/A","N/A","N/A","N/A","N/A","N/A","N/A",""
"=""3202""","樺晟","N/A","N/A","N/A","N/A","N/A","N/A","N/A","N/A","N/A",""
"=""3205""","佰研","N/A","N/A","N/A","N/A","N/A","N/A","N/A","N/A","N/A",""
"=""3206""","志豐","90.1700","母公司-志豐電子股份有限公司 子公司-東莞志豐電子有限公司、蘇州百豐電子有限公司","儘子公司-東莞志豐電子有限公司、蘇州百豐電子有限公司","1,250.9200","僅子公司-東莞志豐電子有限公司、蘇州百豐電子有限公司","僅子公司-東莞志豐電子有限公司、蘇州百豐電子有限公司","6,016.4200","僅子公司-東莞志豐電子有限公司、蘇州百豐電子有限公司","僅子公司-東莞志豐電子有限公司、蘇州百豐電子有限公司","5.9600"
"=""3207""","耀勝","N/A","N/A","N/A","N/A","N/A","N/A","N/A","N/A","N/A",""
"=""3211""","順達","907.2300","大陸子公司","大陸子公司","8,205.0600","大陸子公司","大陸子公司","89,626.2000","大陸子公司","大陸子公司","0.5288"
"=""3213""","茂訊","N/A","N/A","N/A","N/A","N/A","N/A","N/A","N/A","N/A",""
"=""3217""","優群","111.0260","母公司","N/A","379.3063","母公司","N/A","N/A","N/A","N/A","0.1632"
"=""3218""","大學光","76.4900","母公司。","N/A","264.1800","母公司。","N/A","N/A","N/A","N/A","0.1060"
"=""3219""","倚強科","N/A","N/A","N/A","N/A","N/A","N/A","N/A","N/A","N/A",""
"=""3221""","台嘉碩","192.4946","母公司","母公司","8,445.3746","母公司","母公司","2,532.6122","母公司","母公司","4.5284"
"=""3224""","三顧","34,449.4000","母公司","N/A","463,790.0000","母公司","N/A","N/A","N/A","N/A",""
"=""3226""","至寶電","N/A","N/A","N/A","N/A","N/A","N/A","N/A","N/A","N/A",""
"=""3227""","原相","28.1700","母公司","N/A","1,786.8300","母公司","N/A","68.1100","母公司","N/A","0.3105"
"=""3228""","金麗科","N/A","N/A","N/A","151.2870","僅母公司(112/1~112/12)","N/A","N/A","N/A","N/A",""
"=""3230""","錦明","N/A","N/A","N/A","N/A","N/A","N/A","N/A","N/A","N/A",""
"=""3232""","昱捷","N/A","N/A","N/A","N/A","N/A","N/A","N/A","N/A","N/A",""
"=""3234""","光環","N/A","N/A","N/A","N/A","N/A","N/A","N/A","N/A","N/A","17.4000"
"=""3236""","千如","358.6245","台灣楊梅一廠、台灣楊梅二廠、上海廠、廣州廠、馬來西亞廠","N/A","5,345.8311","台灣楊梅一廠、台灣楊梅二廠、上海廠、廣州廠、馬來西亞廠","N/A","1,651.6067","台灣楊梅一廠、台灣楊梅二廠、上海廠、廣州廠、馬來西亞廠","N/A","0.3500"
"=""3252""","海灣","N/A","N/A","N/A","N/A","N/A","N/A","N/A","N/A","N/A",""
"=""3259""","鑫創","2.4830","母公司","N/A","139.4840","母公司","N/A","0.0000","母公司","N/A","0.0090"
"=""3260""","威剛","78.0593","台北總公司、中和一廠、中和二廠","台北總公司、中和一廠、中和二廠 ","924.5208","台北總公司、中和一廠、中和二廠 ","台北總公司、中和一廠、中和二廠 ","127,434.1314","台北總公司、中和一廠、中和二廠  ","台北總公司、中和一廠、中和二廠","0.0298"
"=""3264""","欣銓","3,292.0000","欣銓總部、子公司(新加坡、韓國、南京及全智科技)","欣銓總部、子公司(新加坡、韓國、南京及全智科技)","106,658.0000","欣銓總部、子公司(新加坡、韓國、南京及全智科技)","欣銓總部、子公司(新加坡、韓國、南京及全智科技)","282,934.0000","欣銓總部、子公司(新加坡、韓國、南京及全智科技)","欣銓總部、子公司(新加坡、南京及全智科技)","27.8000"
"=""3265""","台星科","3,648.6067","包含合併財務報表之母子公司","包含合併財務報表之母子公司","28,744.0560","包含合併財務報表之母子公司","包含合併財務報表之母子公司","5,666.7690","包含合併財務報表之母子公司","包含合併財務報表之母子公司","8.8316"
"=""3268""","海德威","N/A","N/A","N/A","N/A","N/A","N/A","N/A","N/A","N/A",""
"=""3272""","東碩","124.2023","資料涵蓋 母公司及東碩昆山","資料涵蓋 母公司及東碩昆山","1,490.3617","資料涵蓋 母公司及東碩昆山","資料涵蓋 母公司及東碩昆山","5,796.0101","資料涵蓋 母公司及東碩昆山","資料涵蓋 母公司及東碩昆山","0.5327"
"=""3276""","宇環","1,632.3580","子公司-志昱 ","N/A","15,881.2830","子公司-志昱","N/A","18,198.1270","子公司-志昱","N/A","14.1100"
"=""3284""","太普高","N/A","N/A","N/A","N/A","N/A","N/A","N/A","N/A","N/A",""
"=""3285""","微端","0.0000","母公司","N/A","84.8600","母公司","N/A","2.7200","母公司","N/A","0.1139"
"=""3287""","廣寰科","N/A","N/A","N/A","N/A","N/A","N/A","N/A","N/A","N/A",""
"=""3288""","點晶","0.0000","母公司","N/A","0.0000","母公司","N/A","68.4240","母公司","N/A","0.0698"
"=""3289""","宜特","2,416.8270","竹科一廠/竹科二廠/埔頂廠/德安廠/常憶廠/台元廠/台北內湖廠","竹科一廠/竹科二廠/埔頂廠/德安廠/常憶廠/台元廠/台北內湖廠","20,231.1850","竹科一廠/竹科二廠/埔頂廠/德安廠/常憶廠/台元廠/台北內湖廠","竹科一廠/竹科二廠/埔頂廠/德安廠/常憶廠/台元廠/台北內湖廠","18.3580","竹科一廠/竹科二廠/埔頂廠/德安廠/常憶廠/台元廠/台北內湖廠","竹科一廠/竹科二廠/埔頂廠/德安廠/常憶廠/台元廠/台北內湖廠","6.6138"
"=""3290""","東浦","N/A","N/A","N/A","N/A","N/A","N/A","N/A","N/A","N/A",""
"=""3293""","鈊象","97.5480","新北市五股區五工路130號","N/A","1,705.8808","新北市五股區五工路130號","N/A","N/A","N/A","N/A","0.1276"
"=""3294""","英濟","758.4600","母公司台灣廠區、子公司上海英濟、上海英備、上海上驊、蘇州英田、東莞英濟及MegaforceMY","N/A","28,592.7201","母公司台灣廠區、子公司上海英濟、上海英備、上海上驊、蘇州英田、東莞英濟、MegaforceMY及MegaforceMX","N/A","N/A","N/A","N/A","7.0928"
"=""3297""","杭特","N/A","N/A","N/A","N/A","N/A","N/A","N/A","N/A","N/A",""
"=""3303""","岱稜","13,729.5158","台灣台南所有廠區","台灣台南所有廠區","11,782.9374","台灣台南所有廠區","台灣台南所有廠區","47,973.7901","台灣台南所有廠區","台灣台南所有廠區","10.3794"
"=""3306""","鼎天","24.2650","鼎天國際股份有限公司","N/A","193.1563","鼎天國際股份有限公司","N/A","135.6719","鼎天國際股份有限公司","N/A","0.2700"
"=""3310""","佳穎","58.2320","佳穎精密-桃園市大園區和平西路2段110號 (僅母公司)","佳穎精密-桃園市大園區和平西路2段110號 (僅母公司)","1,034.2014","佳穎精密-桃園市大園區和平西路2段110號 (僅母公司)","佳穎精密-桃園市大園區和平西路2段110號 (僅母公司)","10.7259","佳穎精密-桃園市大園區和平西路2段110號 (僅母公司)","佳穎精密-桃園市大園區和平西路2段110號 (僅母公司)","1.7523"
"=""3313""","斐成","N/A","N/A","N/A","26.9124","僅母公司","N/A","N/A","N/A","N/A",""
"=""3317""","尼克森","18.3669","母公司","母公司","388.9196","母公司","母公司","1,805.6145","母公司","母公司","0.1653"
"=""3322""","建舜電","N/A","N/A","N/A","N/A","N/A","N/A","N/A","N/A","N/A",""
"=""3323""","加百裕","238.3993","僅母公司龍潭廠","僅母公司龍潭廠","989.3472","僅母公司龍潭廠","僅母公司龍潭廠","546.5698","僅母公司龍潭廠 ","僅母公司龍潭廠","0.2463"
"=""3324""","雙鴻","8.0024","涵蓋母公司（台北營運總部）","涵蓋母公司（台北營運總部）","325.6572","涵蓋母公司（台北營運總部）","涵蓋母公司（台北營運總部）","183.9203","涵蓋母公司（台北營運總部）","涵蓋母公司（台北營運總部）","0.0407"
"=""3325""","旭品","N/A","N/A","N/A","60.6500","母子公司","N/A","N/A","N/A","N/A","3.6200"
"=""3332""","幸康","80.5134","組織控制權 彰化福興廠、台北總公司、台中研發中心","彰化縣福興鄉福工路8之1號 台北市大安區信義路四段306號14樓 台中市西屯區市政北七路186號14樓之3","905.2774","組織控制權 彰化福興廠、台北總公司、台中研發中心","彰化縣福興鄉福工路8之1號 台北市大安區信義路四段306號14樓 台中市西屯區市政北七路186號14樓之3","136.2574","組織控制權 彰化福興廠、台北總公司、台中研發中心","彰化縣福興鄉福工路8之1號 台北市大安區信義路四段306號14樓 台中市西屯區市政北七路186號14樓之3","0.7056"
"=""3339""","泰谷","N/A","N/A","N/A","N/A","N/A","N/A","N/A","N/A","N/A",""
"=""3349""","寶德","N/A","N/A","N/A","N/A","N/A","N/A","N/A","N/A","N/A",""
"=""3354""","律勝","1.7600","母公司","N/A","1,692.9300","母公司","N/A","N/A","N/A","N/A",""
"=""3357""","臺慶科","301.0100","僅母公司","N/A","11,112.0600","僅母公司","N/A","N/A","N/A","N/A","3.6900"
"=""3360""","尚立","N/A","N/A","N/A","N/A","N/A","N/A","N/A","N/A","N/A",""
"=""3362""","先進光","32.3288","範疇一為母公司,組織邊界設定,營運控制","N/A","11,402.9874","範疇二為母公司,組織邊界設定,營運控制","N/A","N/A","N/A","N/A","0.0029"
"=""3363""","上詮","163.1499","上詮光纖通信股份有限公司-新竹廠為本次執行溫室氣體盤查對象，主要以廠為單位，且以100％營運控制權設定組織邊界。 此次盤查範圍為：300新竹市東區展業二路18號 地下1樓、1樓、3樓、4樓、7樓 涵蓋時間為：2022年1月1日至2022年12月31日 盤查溫室氣體總類：CO2、CH4、N2O、HFCS、PFCS、SF6、NF3 範疇一溫室氣體排放源：緊急發電引擎(CO2、CH4、N2O)、公務車(CO2、CH4、N2O、R-134A)、消防活動(CO2)、化糞池(CH4)、恆溫恆濕機(R-404A、R-23、R-134A)、冰箱(R-134A)、空調(R-410A)、飲水機(R-134A)、冰水主機(R-134A)、產線除濕機(R-407C)","N/A","854.4961","上詮光纖通信股份有限公司-新竹廠為本次執行溫室氣體盤查對象，主要以廠為單位，且以100％營運控制權設定組織邊界。 此次盤查範圍為：300新竹市東區展業二路18號 地下1樓、1樓、3樓、4樓、7樓 涵蓋時間為：2022年1月1日至2022年12月31日 盤查溫室氣體總類：CO2、CH4、N2O、HFCS、PFCS、SF6、NF3 範疇二溫室氣體排放源：外購電力(CO2)","N/A","192.2972","上詮光纖通信股份有限公司-新竹廠為本次執行溫室氣體盤查對象，主要以廠為單位，且以100％營運控制權設定組織邊界。 此次盤查範圍為：300新竹市東區展業二路18號 地下1樓、1樓、3樓、4樓、7樓 涵蓋時間為：2022年1月1日至2022年12月31日 盤查溫室氣體總類：CO2、CH4、N2O、HFCS、PFCS、SF6、NF3 範疇三溫室氣體排放源：上游原物料運輸(CO2)、商務運輸-出差(CO2)、電力上游開採及輸配碳足跡(CO2)、一般事業廢棄物處理(運輸+焚化)(CO2)","N/A","0.6279"
"=""3372""","典範","52.6000","台灣典範半導體股份有限公司一、二廠","N/A","17,625.8000","台灣典範半導體股份有限公司一、二廠","N/A","N/A","N/A","N/A","20.5200"
"=""3373""","熱映","13.6600","僅母公司","N/A","153.9306","僅母公司","N/A","N/A","N/A","N/A","0.4877"
"=""3374""","精材","30,025.0000","僅母公司","僅母公司","88,468.0000","僅母公司","僅母公司","N/A","N/A","N/A","18.5500"
"=""3379""","彬台","29.2930","僅母公司","N/A","92.9633","僅母公司","N/A","49.0730","僅母公司","N/A",""
"=""3388""","崇越電","211.5353","母公司","母公司","28.4992","母公司","母公司","124.0019","母公司","母公司","0.0921"
"=""3390""","旭軟","N/A","N/A","N/A","N/A","N/A","N/A","N/A","N/A","N/A",""
"=""3402""","漢科","0.0000","僅母公司","N/A","454.3100","僅母公司","N/A","0.0000","僅母公司","N/A",""
"=""3426""","台興","12.3172","範圍涵蓋平鎮廠〈桃園市平鎮區工業六路四號A棟6樓〉內的直接與間接排放源進行鑑別，因總公司〈新北市新莊區五權一路 1 號 7 樓之1〉於 2019年起全年度轉承租其他公司行號使用，故排除直接與間接排放源鑑別。","N/A","164.1380","範圍涵蓋平鎮廠〈桃園市平鎮區工業六路四號A棟6樓〉內的直接與間接排放源進行鑑別，因總公司〈新北市新莊區五權一路 1 號 7 樓之1〉於 2019年起全年度轉承租其他公司行號使用，故排除直接與間接排放源鑑別。","N/A","1.2810","範圍涵蓋平鎮廠〈桃園市平鎮區工業六路四號A棟6樓〉內的直接與間接排放源進行鑑別，因總公司〈新北市新莊區五權一路 1 號 7 樓之1〉於 2019年起全年度轉承租其他公司行號使用，故排除直接與間接排放源鑑別。","N/A",""
"=""3430""","奇鈦科","2,152.9477","僅母公司","僅母公司","3,268.5371","僅母公司","僅母公司","11,235.6908","僅母公司(僅範疇三之類別4)","僅母公司(僅範疇三之類別4)","13.1941"
"=""3434""","哲固","25.5320","母公司","N/A","143.9720","母公司","N/A","N/A","N/A","N/A",""
"=""3438""","類比科","N/A","N/A","N/A","822.0000","個體公司","N/A","N/A","N/A","N/A","0.9340"
"=""3441""","聯一光電","N/A","N/A","N/A","32.3430","母公司","N/A","N/A","N/A","N/A",""
"=""3444""","利機","N/A","N/A","N/A","N/A","N/A","N/A","N/A","N/A","N/A",""
"=""3455""","由田","216.5000","僅由田新技母公司","N/A","768.7400","僅由田新技母公司","N/A","N/A","N/A","N/A",""
"=""3465""","進泰電子","N/A","N/A","N/A","N/A","N/A","N/A","N/A","N/A","N/A",""
"=""3466""","德晉","N/A","N/A","N/A","N/A","N/A","N/A","N/A","N/A","N/A",""
"=""3479""","安勤","64.6303","母公司","母公司","925.6202","母公司","母公司","2,369.4172","母公司","母公司","1.0683"
"=""3483""","力致","N/A","N/A","N/A","N/A","N/A","N/A","N/A","N/A","N/A",""
"=""3484""","崧騰","144.0770","母公司及華東工廠","N/A","2,748.2885","母公司及華東工廠","N/A","1,390.6213","母公司及華東工廠","N/A","1.2576"
"=""3489""","森寶","16.9723","僅包含母公司數據 ","N/A","209.4530","僅包含母公司數據 ","N/A","N/A","N/A","N/A",""
"=""3490""","單井","0.1300","僅母公司","N/A","767.1000","僅母公司","N/A","N/A","N/A","N/A","3.0931"
"=""3491""","昇達科","58.3500","母公司","N/A","1,058.3400","母公司","N/A","2.9500","母公司","N/A","1.5300"
"=""3492""","長盛","N/A","N/A","N/A","N/A","N/A","N/A","N/A","N/A","N/A",""
"=""3498""","陽程","44.4700","僅母公司。","N/A","697.4500","僅母公司。","N/A","N/A","N/A","N/A","0.6208"
"=""3499""","環天科","N/A","N/A","N/A","N/A","N/A","N/A","N/A","N/A","N/A",""
"=""3508""","位速","52.5487","母公司","N/A","809.9009","母公司","N/A","N/A","N/A","N/A",""
"=""3511""","矽瑪","140.0691","母公司","N/A","4,123.1209","母公司","N/A","N/A","N/A","N/A",""
"=""3512""","皇龍","N/A","N/A","N/A","N/A","N/A","N/A","N/A","N/A","N/A",""
"=""3516""","亞帝歐","349.8800","包含合併財務報表之母子公司","N/A","2,926.9600","包含合併財務報表之母子公司","N/A","8.8200","包含合併財務報表之母子公司","N/A","0.1080"
"=""3520""","華盈","89.4145","華盈集團","N/A","1,282.8639","華盈集團","N/A","8,631.3368","華盈集團","N/A","11.9614"
"=""3521""","鴻翊","N/A","N/A","N/A","62.9944","母子公司","N/A","N/A","N/A","N/A",""
"=""3522""","御頂","2,518.3871","1. 總管理處 2. 晶宴會館：7間 3. 頂鮮台南擔仔麵：1間 4. 北海道蛋糕屋：3間 5. 塩胖麵包本舖：1間 6. 御義旅行社股份有限公司 7. 御景生活事業股份有限公司","N/A","4,162.9915","1. 總管理處 2. 晶宴會館：7間 3. 頂鮮台南擔仔麵：1間 4. 北海道蛋糕屋：3間 5. 塩胖麵包本舖：1間 6. 御義旅行社股份有限公司 7. 御景生活事業股份有限公司","N/A","N/A","N/A","N/A","9.1005"
"=""3523""","迎輝","N/A","N/A","N/A","N/A","N/A","N/A","N/A","N/A","N/A",""
"=""3526""","凡甲","111.7700","包含合併財務報表之母子公司。","N/A","4,212.8300","包含合併財務報表之母子公司。","N/A","N/A","N/A","N/A","1.8100"
"=""3527""","聚積","61.9300","僅母公司","N/A","898.3300","僅母公司","N/A","N/A","N/A","N/A","0.5443"
"=""3529""","力旺","102.7494","母公司(含子公司)","母公司(含子公司)","1,626.9217","母公司(含子公司)","母公司(含子公司)","44.4430","母公司(含子公司)","母公司(含子公司)","0.5670"
"=""3531""","先益","16.4480","母公司","N/A","1,195.2330","母公司","N/A","30.9190","母公司","N/A","1.0190"
"=""3537""","堡達","111.6963","包含合併財務報表之母子公司","N/A","83.9988","包含合併財務報表之母子公司","N/A","N/A","N/A","N/A",""
"=""3540""","曜越","N/A","N/A","N/A","N/A","N/A","N/A","N/A","N/A","N/A",""
"=""3541""","西柏","14.2145","僅個體公司(未含英國子公司)","N/A","597.3720","僅個體公司(未含英國子公司)","N/A","N/A","N/A","N/A","0.4554"
"=""3546""","宇峻","N/A","N/A","N/A","286.6387","母公司","N/A","N/A","N/A","N/A","0.2097"
"=""3548""","兆利","61.9800","母公司","N/A","548.6400","母公司","N/A","236.8800","母公司","N/A","0.0742"
"=""3551""","世禾","950.4981","世禾公司擁有控制權的組織邊界","N/A","13,683.6547","世禾公司擁有控制權的組織邊界","N/A","N/A","N/A","N/A","6.3945"
"=""3552""","同致","128.2893","桃園廠","範疇一","1,128.8376","桃園廠","範疇二","922.3989","桃園廠","範疇三","0.6094"
"=""3555""","博士旺","N/A","N/A","N/A","N/A","N/A","N/A","N/A","N/A","N/A",""
"=""3556""","禾瑞亞","N/A","N/A","N/A","N/A","N/A","N/A","N/A","N/A","N/A",""
"=""3558""","神準","236.8495","母公司華亞廠","母公司華亞廠","3,775.8184","母公司華亞廠","母公司華亞廠","N/A","N/A","N/A","0.2800"
"=""3564""","其陽","38.4263","母公司","N/A","578.0158","母公司","N/A","N/A","N/A","N/A",""
"=""3567""","逸昌","605.8800","全廠區","N/A","2,348.8700","全廠區","N/A","N/A","N/A","N/A","7.3959"
"=""3570""","大塚","N/A","N/A","N/A","N/A","N/A","N/A","N/A","N/A","N/A",""
"=""3577""","泓格","N/A","N/A","N/A","N/A","N/A","N/A","N/A","N/A","N/A",""
"=""3580""","友威科","N/A","N/A","N/A","N/A","N/A","N/A","N/A","N/A","N/A",""
"=""3581""","博磊","N/A","N/A","N/A","N/A","N/A","N/A","N/A","N/A","N/A",""
"=""3587""","閎康","5,768.6204","閎康科技府份有限公司、閎康科技股份有限公司竹科分公司、閎康科技股份有限公司南科分公司","閎康科技府份有限公司、閎康科技股份有限公司竹科分公司、閎康科技股份有限公司南科分公司","8,032.8713","閎康科技府份有限公司、閎康科技股份有限公司竹科分公司、閎康科技股份有限公司南科分公司","閎康科技府份有限公司、閎康科技股份有限公司竹科分公司、閎康科技股份有限公司南科分公司","2,099.4171","閎康科技府份有限公司、閎康科技股份有限公司竹科分公司、閎康科技股份有限公司南科分公司","閎康科技府份有限公司、閎康科技股份有限公司竹科分公司、閎康科技股份有限公司南科分公司","2.8699"
"=""3594""","磐儀","33.9186","僅母公司 (新北市中和區中正路700號10樓) (新北市中和區建康路119號7樓)","N/A","203.9306","僅母公司 (新北市中和區中正路700號10樓) (新北市中和區建康路119號7樓)","N/A","2,065.7580","僅母公司 (新北市中和區中正路700號10樓) (新北市中和區建康路119號7樓)","N/A","0.2074"
"=""3597""","映興","2.9388","2023/1/1~2023/12/31台灣台中廠區(母公司)","2023/1/1~2023/12/31台灣台中廠區(母公司)","239.6196","2023/1/1~2023/12/31台灣台中廠區(母公司)","2023/1/1~2023/12/31台灣台中廠區(母公司)","47.7492","2023/1/1~2023/12/31台灣台中廠區(母公司)","2023/1/1~2023/12/31台灣台中廠區(母公司)","0.4490"
"=""3609""","三一東林","N/A","N/A","N/A","N/A","N/A","N/A","N/A","N/A","N/A",""
"=""3611""","鼎翰","87.4897","新北市新店區民權路95號9F 	 新北市新店區民權路95號11F之2	 新北市新店區民權路95號12F之5	 宜蘭縣五結鄉利工一路二段35號","N/A","474.0921","新北市新店區民權路95號9F 	 新北市新店區民權路95號11F之2	 新北市新店區民權路95號12F之5	 宜蘭縣五結鄉利工一路二段35號","N/A","1,068.3659","新北市新店區民權路95號9F 	 新北市新店區民權路95號11F之2	 新北市新店區民權路95號12F之5	 宜蘭縣五結鄉利工一路二段35號","N/A","0.1484"
"=""3615""","安可","0.0000","母公司","N/A","5,844.0000","母公司","N/A","N/A","N/A","N/A","27.9600"
"=""3623""","富晶通","11.6900","單一公司","N/A","8,904.5000","單一公司","N/A","N/A","N/A","N/A","24.1600"
"=""3624""","光頡","468.1244","母公司","N/A","14,441.5422","母公司","N/A","N/A","N/A","N/A","6.5891"
"=""3625""","西勝","N/A","N/A","N/A","N/A","N/A","N/A","N/A","N/A","N/A",""
"=""3628""","盈正","102.0000","台北辦公室與屏東廠。","N/A","365.9800","台北辦公室與屏東廠。","N/A","N/A","N/A","N/A","0.1960"
"=""3629""","地心引力","N/A","N/A","N/A","N/A","N/A","N/A","N/A","N/A","N/A",""
"=""3630""","新鉅科","166.5198","僅母公司","N/A","6,417.5433","僅母公司","N/A","N/A","N/A","N/A","5.9063"
"=""3631""","晟楠","15.3470","母公司","N/A","N/A","N/A","N/A","N/A","N/A","N/A","3.0694"
"=""3632""","研勤","N/A","N/A","N/A","N/A","N/A","N/A","N/A","N/A","N/A",""
"=""3646""","艾恩特","N/A","N/A","N/A","N/A","N/A","N/A","N/A","N/A","N/A",""
"=""3663""","鑫科","192.7030","廠址高雄市路竹區路科八路1號","N/A","1,760.2800","廠址高雄市路竹區路科八路1號","N/A","N/A","N/A","N/A","5.1300"
"=""3664""","安瑞-KY","N/A","N/A","N/A","N/A","N/A","N/A","N/A","N/A","N/A",""
"=""3666""","光耀","N/A","N/A","N/A","N/A","N/A","N/A","N/A","N/A","N/A",""
"=""3672""","康聯訊","21.6686","母公司","N/A","138.6164","母公司","N/A","N/A","N/A","N/A","0.4327"
"=""3675""","德微","55.0100","包含合併財務報表之母子公司","N/A","9,818.7400","包含合併財務報表之母子公司","N/A","5.8100"," 包含合併財務報表之母子公司","N/A","5.6766"
"=""3680""","家登","623.2968","家登精密工業股份有限公司總公司、樹谷廠、南科廠、復興廠","N/A","8,132.2469","家登精密工業股份有限公司總公司、樹谷廠、南科廠、復興廠","N/A","1,809.5012","家登精密工業股份有限公司總公司、樹谷廠、南科廠、復興廠","N/A","2.5047"
"=""3684""","榮昌","110.9515","榮昌科技股份有限公司","N/A","176.0844","榮昌科技股份有限公司","N/A","N/A","N/A","N/A","0.3855"
"=""3685""","元創精密","385.8600","合併財務報表之母子公司","N/A","5,405.6300","合併財務報表之母子公司","N/A","N/A","N/A","N/A",""
"=""3687""","歐買尬","N/A","N/A","N/A","50.9340","僅母公司","N/A","N/A","N/A","N/A",""
"=""3689""","湧德","1,448.3500","總公司與中國大陸子公司中江湧德電子股份有限公司。","N/A","2,289.5300","總公司、台灣子公司泉德電子與中國大陸子公司中江湧德電子股份有限公司。","N/A","45,195.1700","總公司、台灣子公司泉德電子與中國大陸子公司中江湧德電子股份有限公司。","N/A","7.9900"
"=""3691""","碩禾","3,685.5600","僅母公司(本公司新豐廠及湖口廠)","N/A","3,680.4200","僅母公司(本公司新豐廠及湖口廠)","N/A","N/A","N/A","N/A","1.9346"
"=""3693""","營邦","120.9406","母公司","N/A","2,156.7161","母公司","N/A","19,567.3617","母公司","N/A","0.3000"
"=""3707""","漢磊","29,985.0000","母公司","N/A","37,259.0000","母公司","N/A","N/A","N/A","N/A","21.2932"
"=""3709""","鑫聯大投控","115.6290","鑫聯大投資控股股份有限公司及部分列入合併財務報表之子公司(涵蓋台灣地區、中國部分地區)","鑫聯大投資控股股份有限公司及部分列入合併財務報表之子公司(涵蓋台灣地區、中國部分地區)","762.7490","鑫聯大投資控股股份有限公司及部分列入合併財務報表之子公司(涵蓋台灣地區、中國部分地區)","鑫聯大投資控股股份有限公司及部分列入合併財務報表之子公司(涵蓋台灣地區、中國部分地區)","58,649.2820","鑫聯大投資控股股份有限公司及部分列入合併財務報表之子公司(涵蓋台灣地區、中國部分地區)","鑫聯大投資控股股份有限公司及部分列入合併財務報表之子公司(涵蓋台灣地區、中國部分地區)","0.1140"
"=""3710""","連展投控","647.6027","投控/連展/連訊/連騰(含廠區深圳/天津/昆山/天鑫/江西不含關係交易)","N/A","15,677.3219","投控/連展/連訊/連騰(含廠區深圳/天津/昆山/天鑫/江西不含關係交易)","N/A","51.0250","投控/連展/連訊/連騰 台北廠區公出執行業務油資補助","N/A","3.5479"
"=""3713""","新晶投控","N/A","N/A","N/A","N/A","N/A","N/A","N/A","N/A","N/A",""
"=""4102""","永日","4,004.0049","僅母公司","N/A","4,858.5408","僅母公司","N/A","4,599.7369","僅母公司","N/A","18.6494"
"=""4105""","東洋","1,700.2181","母公司(南港總公司、中壢廠、六堵廠、內湖製劑研發中心)","母公司(南港總公司、中壢廠、六堵廠、內湖製劑研發中心)","8,488.8048","母公司(南港總公司、中壢廠、六堵廠、內湖製劑研發中心)","母公司(南港總公司、中壢廠、六堵廠、內湖製劑研發中心)","2,549.5243","母公司(南港總公司、中壢廠、六堵廠、內湖製劑研發中心)","母公司(南港總公司、中壢廠、六堵廠、內湖製劑研發中心)","2.3100"
"=""4107""","邦特","202.2780","2023年宜蘭廠自行盤查 ","N/A","4,179.5820","2023年宜蘭廠自行盤查","N/A","8,855.6710","2023年宜蘭廠自行盤查","N/A","6.8094"
"=""4109""","加捷生醫","35.9570","全廠區","N/A","411.9224","全廠區","N/A","N/A","N/A","N/A","1.6982"
"=""4111""","濟生","2,916.8391","總公司、觀光工廠、台北南京辦事處、台北三重辦事處、台中辦事處、台南辦事處、高雄辦事處","N/A","3,817.2410","總公司、觀光工廠、台北南京辦事處、台北三重辦事處、台中辦事處、台南辦事處、高雄辦事處","N/A","93.8616","總公司、觀光工廠、台北南京辦事處、台北三重辦事處、台中辦事處、台南辦事處、高雄辦事處","N/A","6.3469"
"=""4113""","聯上","N/A","N/A","N/A","N/A","N/A","N/A","N/A","N/A","N/A",""
"=""4114""","健喬","12.0087","健喬總公司、健喬廠、健康廠、七星廠、優良廠","N/A","8,838.8257","健喬總公司、健喬廠、健康廠、七星廠、優良廠","N/A","N/A","N/A","N/A","1.7218"
"=""4116""","明基醫","65.6417","明基醫內湖總公司、龜山廠、臺中廠","N/A","642.4144","明基醫內湖總公司、龜山廠、臺中廠","N/A","N/A","N/A","N/A","1.6370"
"=""4120""","友華","N/A","N/A","N/A","N/A","N/A","N/A","N/A","N/A","N/A",""
"=""4121""","優盛","N/A","N/A","N/A","558.1352","台北總公司及大陸廠區","N/A","N/A","N/A","N/A",""
"=""4123""","晟德","153.3900","本公司新竹工廠。","N/A","2,551.7100","本公司新竹工廠。","N/A","N/A","N/A","N/A","2.8500"
"=""4126""","太醫","610.1999","全公司","全公司","5,401.6808","全公司","全公司","1,123.9906","銅科廠","銅科廠","2.5911"
"=""4127""","天良","N/A","N/A","N/A","N/A","N/A","N/A","N/A","N/A","N/A",""
"=""4128""","中天","1,684.4238","包含合併財務報表之母子公司","包含合併財務報表之母子公司","5,354.9889","包含合併財務報表之母子公司","包含合併財務報表之母子公司","50.9816","母公司及棉花田生機之差旅、母公司之營運廢棄物排放","母公司及棉花田生機之差旅、母公司之營運廢棄物排放","4.1739"
"=""4129""","聯合","N/A","N/A","N/A","N/A","N/A","N/A","N/A","N/A","N/A",""
"=""4130""","健亞","N/A","N/A","N/A","N/A","N/A","N/A","N/A","N/A","N/A",""
"=""4131""","浩泰","N/A","N/A","N/A","N/A","N/A","N/A","N/A","N/A","N/A",""
"=""4138""","曜亞","23.2125","母公司辦公室","N/A","107.6868","母公司辦公室","N/A","N/A","N/A","N/A","0.1220"
"=""4139""","馬光-KY","N/A","N/A","N/A","N/A","N/A","N/A","N/A","N/A","N/A",""
"=""4147""","中裕","620.0549","母公司","N/A","1,992.4874","母公司","N/A","0.7296","母公司","N/A","6.3896"
"=""4153""","鈺緯","2.4842","與財務報表一致","N/A","200.2503","與財務報表一致","N/A","N/A","N/A","N/A",""
"=""4154""","樂威科-KY","N/A","N/A","N/A","N/A","N/A","N/A","N/A","N/A","N/A",""
"=""4157""","太景*-KY","0.2600","太景台灣","N/A","769.1400","太景台灣","N/A","N/A","N/A","N/A","0.3400"
"=""4160""","訊聯基因","117.5100","包含合併財務報表之母子公司","N/A","601.9300","包含合併財務報表之母子公司","N/A","N/A","N/A","N/A","1.2143"
"=""4161""","聿新科","N/A","N/A","N/A","N/A","N/A","N/A","N/A","N/A","N/A",""
"=""4162""","智擎","41.9834","全公司","全公司範疇一","67.0343","全公司範疇二","全公司範疇二","N/A","N/A","N/A",""
"=""4163""","鐿鈦","165.4260","本公司所有廠區及國內子公司","N/A","3,797.8310","本公司所有廠區及國內子公司","N/A","N/A","N/A","N/A","1.6210"
"=""4167""","松瑞藥","1,372.5940","竹南廠、南科廠與南科針劑廠","N/A","7,166.5590","竹南廠、南科廠與南科針劑廠","N/A","N/A","N/A","N/A","8.0100"
"=""4168""","醣聯","N/A","N/A","N/A","N/A","N/A","N/A","N/A","N/A","N/A",""
"=""4171""","瑞基","N/A","N/A","N/A","N/A","N/A","N/A","N/A","N/A","N/A",""
"=""4173""","久裕","69.2547","母公司及其子公司 新北市中和區中正路880號14樓之5(總部及其北區客服中心) 桃園市桃園區興邦路43巷2之1號4樓、3樓、1樓A區(倉儲物流中心) 台中市南區復興路一段270號3樓(中區客服中心) 高雄市三民區建國一路458號3樓(南區客服中心)","溫室氣體種類: ■CO2; ■CH4; ■N2O; ■NF3; ■SF6; ■HFCs; ■PFCs","2,080.2577","母公司及其子公司 新北市中和區中正路880號14樓之5(總部及其北區客服中心) 桃園市桃園區興邦路43巷2之1號4樓、3樓、1樓A區(倉儲物流中心) 台中市南區復興路一段270號3樓(中區客服中心) 高雄市三民區建國一路458號3樓(南區客服中心)","溫室氣體種類: ■CO2; ■CH4; ■N2O; ■NF3; ■SF6; ■HFCs; ■PFCs","835.8220","母公司及其子公司 新北市中和區中正路880號14樓之5(總部及其北區客服中心) 桃園市桃園區興邦路43巷2之1號4樓、3樓、1樓A區(倉儲物流中心) 台中市南區復興路一段270號3樓(中區客服中心) 高雄市三民區建國一路458號3樓(南區客服中心)","溫室氣體種類: ■CO2; ■CH4; ■N2O; ■NF3; ■SF6; ■HFCs; ■PFCs","2.6200"
"=""4174""","浩鼎","N/A","N/A","N/A","N/A","N/A","N/A","N/A","N/A","N/A",""
"=""4175""","杏一","N/A","N/A","N/A","6,673.0000","排放量為總公司、全國各門市及物流總倉之總和。","N/A","N/A","N/A","N/A",""
"=""4183""","福永生技","99.9500","母公司","N/A","448.8460","母公司","N/A","N/A","N/A","N/A","1.1680"
"=""4188""","安克","0.0000","台北公司及楊梅工廠","N/A","11.4900","台北公司及楊梅工廠","N/A","N/A","N/A","N/A",""
"=""4192""","杏國","N/A","N/A","N/A","N/A","N/A","N/A","N/A","N/A","N/A",""
"=""4198""","欣大健康","N/A","N/A","N/A","N/A","N/A","N/A","N/A","N/A","N/A",""
"=""4205""","中華食","7,622.9205","高雄廠、屏東廠、台中營業所、台北營業所","N/A","6,173.2302","高雄廠、屏東廠、台中營業所、台北營業所","N/A","N/A","N/A","N/A","7.0605"
"=""4207""","環泰","28,147.8604","台灣南崁廠","台灣南崁廠","4,629.9479","台灣南崁廠","台灣南崁廠","N/A","N/A","N/A","17.2600"
"=""4303""","信立","730.0000","僅母公司","N/A","669.0000","僅母公司","N/A","N/A","N/A","N/A","8.6395"
"=""4304""","勝昱","N/A","N/A","N/A","N/A","N/A","N/A","N/A","N/A","N/A",""
"=""4305""","世坤","2,489.1175","母公司","N/A","6,619.1060","母公司","N/A","2,020.5534","母公司","N/A","9.6930"
"=""4401""","東隆興","5,287.0000","母公司","N/A","30,801.0000","母公司","N/A","N/A","N/A","N/A","13.8661"
"=""4402""","福大","N/A","N/A","N/A","21.0820","僅母公司","N/A","N/A","N/A","N/A",""
"=""4406""","新昕纖","N/A","N/A","N/A","N/A","N/A","N/A","N/A","N/A","N/A",""
"=""4413""","飛寶企業","N/A","N/A","N/A","N/A","N/A","N/A","N/A","N/A","N/A",""
"=""4416""","三圓","N/A","N/A","N/A","N/A","N/A","N/A","N/A","N/A","N/A",""
"=""4417""","金洲","N/A","N/A","N/A","N/A","N/A","N/A","N/A","N/A","N/A",""
"=""4419""","元勝","738.9458","包含合併財務報表之母子公司","N/A","1,881.8710","包含合併財務報表之母子公司","N/A","N/A","N/A","N/A",""
"=""4420""","光明","22.2868","光明絲織廠股份有限公司龜山廠(桃園市龜山區宏洲街29號)","N/A","9,318.2284","光明絲織廠股份有限公司龜山廠(桃園市龜山區宏洲街29號)","N/A","65,704.3330","光明絲織廠股份有限公司龜山廠(桃園市龜山區宏洲街29號)","N/A","13.5566"
"=""4430""","耀億","N/A","N/A","N/A","N/A","N/A","N/A","N/A","N/A","N/A",""
"=""4432""","銘旺實","N/A","N/A","N/A","N/A","N/A","N/A","N/A","N/A","N/A",""
"=""4433""","興采","10,928.6530","染一廠、總公司","N/A","267,352.7352","染一廠、總公司","N/A","N/A","N/A","N/A","0.1058"
"=""4442""","竣邦-KY","N/A","N/A","N/A","N/A","N/A","N/A","N/A","N/A","N/A",""
"=""4502""","健信","N/A","N/A","N/A","N/A","N/A","N/A","N/A","N/A","N/A",""
"=""4503""","金雨","N/A","N/A","N/A","N/A","N/A","N/A","N/A","N/A","N/A",""
"=""4506""","崇友","373.8575","母子公司","N/A","1,090.1394","母子公司","N/A","258.5385","母子公司","N/A","0.2779"
"=""4510""","高鋒","N/A","N/A","N/A","N/A","N/A","N/A","N/A","N/A","N/A",""
"=""4513""","福裕","259.7000","母公司","N/A","766.3000","母公司","N/A","N/A","N/A","N/A",""
"=""4523""","永彰","48.4979","母公司","N/A","1,134.0540","母公司","N/A","76.5152","母公司","N/A","2.0353"
"=""4527""","方方土霖","N/A","N/A","N/A","0.7980","僅母公司","N/A","N/A","N/A","N/A",""
"=""4528""","江興鍛","N/A","N/A","N/A","N/A","N/A","N/A","N/A","N/A","N/A",""
"=""4529""","淳紳","N/A","N/A","N/A","N/A","N/A","N/A","N/A","N/A","N/A",""
"=""4530""","宏易","284.1700","僅母公司(就醬子烤吧)","N/A","519.0700","僅母公司(就醬子烤吧)","N/A","N/A","N/A","N/A","6.5000"
"=""4533""","協易機","132.1140","僅母公司。","N/A","955.2146","僅母公司。","N/A","13,813.0240","僅母公司。","N/A","0.7268"
"=""4534""","慶騰","N/A","N/A","N/A","N/A","N/A","N/A","N/A","N/A","N/A",""
"=""4535""","至興","814.5120","台灣營運據點","台灣營運據點","4,142.9860","台灣營運據點","台灣營運據點","9,415.9840","台灣營運據點","台灣營運據點","4.0000"
"=""4538""","大詠城","N/A","N/A","N/A","N/A","N/A","N/A","N/A","N/A","N/A",""
"=""4541""","晟田","360.9323","本公司(個別公司)","N/A","10,763.9532","本公司(個別公司)","N/A","1,978.7937","本公司(個別公司)","N/A","9.2728"
"=""4542""","科嶠","N/A","N/A","N/A","N/A","N/A","N/A","N/A","N/A","N/A",""
"=""4543""","萬在","358.5665","母公司","N/A","3,154.0806","母公司","N/A","N/A","N/A","N/A","4.2017"
"=""4549""","桓達","73.3622","本公司總部、土城廠以及宜蘭廠","母公司","458.2907","本公司總部、土城廠以及宜蘭廠","母公司","1,290.0074","母公司","母公司","0.5711"
"=""4550""","長佳","N/A","N/A","N/A","N/A","N/A","N/A","N/A","N/A","N/A",""
"=""4554""","橙的","N/A","N/A","N/A","N/A","N/A","N/A","N/A","N/A","N/A",""
"=""4556""","旭然","46.8000","雲科一廠+雲科二廠","N/A","1,034.0946","雲科一廠+雲科二廠","N/A","N/A","N/A","N/A","2.8264"
"=""4558""","寶緯","2,251.5841","本公司所有廠區","N/A","5,210.1355","本公司所有廠區","N/A","N/A","N/A","N/A",""
"=""4561""","健椿","76.2503","彰化縣線西鄉彰濱東七路16號、彰化縣線西鄉線工路3號","N/A","2,291.2708","彰化縣線西鄉彰濱東七路16號、彰化縣線西鄉線工路3號","N/A","N/A","N/A","N/A",""
"=""4563""","百德","124.3100","母公司","N/A","736.6600","母公司","N/A","N/A","N/A","N/A","0.6568"
"=""4568""","科際精密","46.5000","包含合併財務報表之母子公司","N/A","3,187.6600","包含合併財務報表之母子公司","N/A","N/A","N/A","N/A","3.1000"
"=""4577""","達航科技","N/A","N/A","N/A","N/A","N/A","N/A","N/A","N/A","N/A",""
"=""4580""","捷流閥業","82.9844","捷流公司土城廠 ","N/A","953.2856","捷流公司土城廠","N/A","N/A","N/A","N/A","0.3971"
"=""4584""","君帆","107.8218","母公司","N/A","408.7380","母公司","N/A","N/A","N/A","N/A","1.4909"
"=""4609""","唐鋒","N/A","N/A","N/A","N/A","N/A","N/A","N/A","N/A","N/A",""
"=""4702""","中美實","10.9720","僅母公司","N/A","32.4550","僅母公司","N/A","0.0000","僅母公司","N/A","0.0800"
"=""4706""","大恭","N/A","N/A","N/A","8,350.1350","統計母公司之【自來水】與【電】與【蒸汽】","N/A","N/A","N/A","N/A","9.5400"
"=""4707""","磐亞","418.3551","僅本公司","N/A","9,795.6015","僅本公司","N/A","N/A","N/A","N/A","7.7213"
"=""4711""","永純","N/A","N/A","N/A","804.3328","永純化工個體公司","N/A","N/A","N/A","N/A","1.2373"
"=""4714""","永捷","1,246.4650","包含合併財務報表之母子公司","N/A","1,106.4840","包含合併財務報表之母子公司","N/A","N/A","N/A","N/A","11.5228"
"=""4716""","大立","1,014.1100","大立高分子工業股份有限公司永安廠區","大立高分子工業股份有限公司永安廠區","1,404.3100","大立高分子工業股份有限公司永安廠區","大立高分子工業股份有限公司永安廠區","N/A","N/A","N/A","4.8900"
"=""4721""","美琪瑪","N/A","N/A","N/A","N/A","N/A","N/A","N/A","N/A","N/A","1,583.0000"
"=""4726""","永昕","220.2377","目前統計範圍為本公司位於竹南GMP一廠及二廠","N/A","3,942.6854","目前統計範圍為本公司位於竹南GMP一廠及二廠","N/A","N/A","N/A","N/A","6.3787"
"=""4728""","雙美","N/A","N/A","N/A","N/A","N/A","N/A","N/A","N/A","N/A",""
"=""4729""","熒茂","N/A","N/A","N/A","N/A","N/A","N/A","N/A","N/A","N/A",""
"=""4735""","豪展","N/A","N/A","N/A","N/A","N/A","N/A","N/A","N/A","N/A","2.6800"
"=""4741""","泓瀚","132.6820","合併財務報表之母子公司","合併財務報表之母子公司","1,745.6580","合併財務報表之母子公司","合併財務報表之母子公司","N/A","N/A","N/A","1.5620"
"=""4743""","合一","183.7170","包含合併財務報表之母子公司","包含合併財務報表之母子公司","1,530.0060","包含合併財務報表之母子公司","包含合併財務報表之母子公司","648.7990","範疇三僅包含母公司，類別項目為：「購買產品與服務」、「燃料與能源活動」、「產品上游運輸/配送」、「營運廢棄物」與「商務旅行」等五項。","範疇三僅包含母公司","17.5940"
"=""4744""","皇將","N/A","N/A","N/A","415.3480","僅母公司","N/A","N/A","N/A","N/A",""
"=""4745""","合富-KY","N/A","N/A","N/A","N/A","N/A","N/A","N/A","N/A","N/A",""
"=""4747""","強生製藥","239.7000","母公司","N/A","1,101.8020","母公司","N/A","N/A","N/A","N/A",""
"=""4754""","國碳科","N/A","N/A","N/A","N/A","N/A","N/A","N/A","N/A","N/A",""
"=""4760""","勤凱科技","6.0829","僅母公司","N/A","655.0000","僅母公司","N/A","N/A","N/A","N/A",""
"=""4767""","誠泰科技","132.6260","高科廠","N/A","385.2950","高科廠","N/A","N/A","N/A","N/A","517.9210"
"=""4768""","晶呈科技","23.1400","上述數據揭露範圍為晶呈科技(母公司)竹南一廠","晶呈科技(母公司)竹南一廠","396.8860","晶呈科技(母公司)竹南一廠","晶呈科技(母公司)竹南一廠","N/A","N/A","N/A","0.0060"
"=""4804""","大略-KY","N/A","N/A","N/A","N/A","N/A","N/A","N/A","N/A","N/A",""
"=""4806""","昇華","N/A","N/A","N/A","N/A","N/A","N/A","N/A","N/A","N/A",""
"=""4903""","聯光通","102.2229","新竹科學園區新竹市東區研新四路12號","N/A","472.2715","202301~202312","N/A","249.1216","聯合光纖通信股份有限公司(新竹)","N/A",""
"=""4905""","台聯電","2.2800","包含合併財務報表之母子公司","N/A","282.7300","包含合併財務報表之母子公司","N/A","N/A","N/A","N/A","2.4862"
"=""4907""","富宇","N/A","N/A","N/A","N/A","N/A","N/A","N/A","N/A","N/A",""
"=""4908""","前鼎","518.0000","本公司新竹廠區(本公司無子公司，僅有新竹廠)","N/A","1,348.0000","本公司新竹廠區(本公司無子公司，僅有新竹廠)","N/A","N/A","N/A","N/A","1.9800"
"=""4909""","新復興","N/A","N/A","N/A","N/A","N/A","N/A","N/A","N/A","N/A",""
"=""4911""","德英","N/A","N/A","N/A","N/A","N/A","N/A","N/A","N/A","N/A",""
"=""4923""","力士","N/A","N/A","N/A","N/A","N/A","N/A","N/A","N/A","N/A",""
"=""4924""","欣厚-KY","N/A","N/A","N/A","N/A","N/A","N/A","N/A","N/A","N/A",""
"=""4931""","新盛力","90.0374","僅母公司 高雄總部：高雄市前鎮區西十五街1號(營運包含製造、銷售、管理、研發) 台北辦公室：新北市汐止區新台五路一段99號16樓之12(營運包含銷售、研發)","N/A","1,608.5354","僅母公司 高雄總部：高雄市前鎮區西十五街1號(營運包含製造、銷售、管理、研發) 台北辦公室：新北市汐止區新台五路一段99號16樓之12(營運包含銷售、研發)","N/A","938.4497","僅母公司 高雄總部：高雄市前鎮區西十五街1號(營運包含製造、銷售、管理、研發) 台北辦公室：新北市汐止區新台五路一段99號16樓之12(營運包含銷售、研發)","N/A",""
"=""4933""","友輝","1,270.1735","桃園總公司+竹南分公司","N/A","13,788.2170","桃園總公司+竹南分公司","N/A","N/A","N/A","N/A","6.0275"
"=""4939""","亞電","2,428.7500","中國子公司","中國子公司","6,341.9300","中國子公司","中國子公司","336.6000","中國子公司","中國子公司","5.8800"
"=""4945""","陞達科技","5.0475","僅母公司，單一辦公區域","N/A","63.3900","僅母公司，單一辦公區域","N/A","N/A","N/A","N/A",""
"=""4946""","辣椒","N/A","N/A","N/A","N/A","N/A","N/A","N/A","N/A","N/A",""
"=""4951""","精拓科","0.0000","冷媒","N/A","204.0755","外購電力","N/A","79.1758","汽機火車運輸,廢棄物","N/A","0.4995"
"=""4953""","緯軟","60.3653","緯創軟體股份有限公司及其子公司之全球17個據點","與資料邊界一致","663.8505","緯創軟體股份有限公司及其子公司之全球17個據點","與資料邊界一致","3,274.8797","緯創軟體股份有限公司及其子公司之全球17個據點","與資料邊界一致","0.0819"
"=""4966""","譜瑞-KY","119.0000","包含合併財務報表之母子公司","N/A","3,291.0000","包含合併財務報表之母子公司","N/A","N/A","N/A","N/A","0.2480"
"=""4971""","IET-KY","N/A","N/A","N/A","6,738.6600","包含合併財務報表之母子公司","N/A","N/A","N/A","N/A","9.9400"
"=""4972""","湯石照明","230.0730","集團各公司","N/A","1,392.4250","集團各公司","N/A","N/A","N/A","N/A","1.9983"
"=""4973""","廣穎電通","61.8999","母公司所有廠房及租賃辦公室","N/A","881.3089","母公司所有廠房及租賃辦公室","N/A","N/A","N/A","N/A","0.2100"
"=""4974""","亞泰","76.9500","深圳亞泰","N/A","8,983.9000","深圳亞泰","N/A","N/A","N/A","N/A","2.5600"
"=""4979""","華星光","190.0160","母公司","N/A","4,658.0643","母公司","N/A","447.4228","母公司","N/A","1.6398"
"=""4987""","科誠","22.5776","僅母公司","N/A","246.9926","僅母公司","N/A","N/A","N/A","N/A","0.3564"
"=""4991""","環宇-KY","N/A","N/A","N/A","N/A","N/A","N/A","N/A","N/A","N/A",""
"=""4995""","晶達","68.1500","位址：邊界範圍說明： 231新北市新店區寶橋路235巷131號 6樓之一；範圍：137~137-4/131~131-4/133~133-3/135~135-3 231新北市新店區寶橋路235巷137號8樓；範圍：137~137-4/131-4 ","N/A","565.0157","僅母公司","N/A","N/A","N/A","N/A","10.8600"
"=""5009""","榮剛","96,005.3555","母公司","母公司","96,784.2120","母公司","母公司","113,230.4355","母公司","母公司","14.2543"
"=""5011""","久陽","350.3841","僅母公司","僅母公司","7,697.5826","僅母公司","僅母公司","7,164.2395","僅母公司","僅母公司","7.4631"
"=""5013""","強新","13,563.2676","僅母公司","僅母公司","16,626.3038","僅母公司","僅母公司","N/A","N/A","N/A","7.1560"
"=""5014""","建錩","292.8899","僅母公司","僅母公司","381.7229","僅母公司","僅母公司","N/A","N/A","N/A","0.4064"
"=""5015""","華祺","259.8770","母公司","母公司","2,378.6638","母公司","母公司","7,531.4604","母公司","母公司","1.8688"
"=""5016""","松和","4,106.9108","母公司","母公司","10,130.8820","母公司","母公司","72,824.2936","母公司","母公司","7.1000"
"=""5201""","凱衛","26.4287","臺北市松山區光復北路11巷29號2樓","N/A","147.5420","臺北市松山區光復北路11巷29號2樓","N/A","N/A","N/A","N/A","0.7664"
"=""5202""","力新","N/A","N/A","N/A","N/A","N/A","N/A","N/A","N/A","N/A",""
"=""5205""","中茂","N/A","N/A","N/A","N/A","N/A","N/A","N/A","N/A","N/A",""
"=""5206""","坤悅","N/A","N/A","N/A","N/A","N/A","N/A","N/A","N/A","N/A",""
"=""5209""","新鼎","10.6004","台北總公司/高雄分公司(橋頭及楠梓兩地辦公室)/康寧專案工地辦公室/康寧EPC工務所 ","僅母公司 ","153.2189","台北總公司/高雄分公司(橋頭及楠梓兩地辦公室)/康寧專案工地辦公室/康寧EPC工務所","僅母公司","1,101.6821","台北總公司/高雄分公司(橋頭及楠梓兩地辦公室)/康寧專案工地辦公室/康寧EPC工務所/新鼎子公司: 新鼎信息/萬鼎工程服務","合併財務報表之母子公司","0.1006"
"=""5210""","寶碩","N/A","N/A","N/A","N/A","N/A","N/A","N/A","N/A","N/A",""
"=""5211""","蒙恬","N/A","N/A","N/A","N/A","N/A","N/A","N/A","N/A","N/A",""
"=""5212""","凌網","N/A","N/A","N/A","N/A","N/A","N/A","N/A","N/A","N/A",""
"=""5213""","亞昕","N/A","N/A","N/A","N/A","N/A","N/A","N/A","N/A","N/A",""
"=""5220""","萬達光電","727.6705","母公司","N/A","6,483.5820","母公司","N/A","5,958.5133","母公司","N/A","9.2709"
"=""5223""","安力-KY","940.4700","母公司及合併財報之昆山新力及重慶巨昊","母公司及合併財報之昆山新力及重慶巨昊","2,874.2400","母公司及合併財報之昆山新力及重慶巨昊","母公司及合併財報之昆山新力及重慶巨昊","N/A","N/A","N/A",""
"=""5227""","立凱-KY","4,543.0900","子公司台灣立凱電能科技股份有限公司","N/A","7,511.1200","子公司台灣立凱電能科技股份有限公司","N/A","N/A","N/A","N/A","13.0879"
"=""5228""","鈺鎧","N/A","N/A","N/A","5,217.1970","本公司","N/A","N/A","N/A","N/A","11.7962"
"=""5230""","雷笛克光學","N/A","N/A","N/A","N/A","N/A","N/A","N/A","N/A","N/A",""
"=""5236""","凌陽創新","9.5979","母公司(本公司尚無子公司)","N/A","198.3806","母公司(本公司尚無子公司)","N/A","N/A","N/A","N/A","0.1260"
"=""5245""","智晶","227.9545","智晶光電股份有限公司之組織邊界範圍內所有範疇一排放源","智晶光電股份有限公司之組織邊界範圍內所有範疇一排放源","10,044.2984","智晶光電股份有限公司之組織邊界範圍內所有範疇二排放源","智晶光電股份有限公司之組織邊界範圍內所有範疇二排放源","3,546.7758","智晶光電股份有限公司之組織邊界範圍內所有範疇三排放源","智晶光電股份有限公司之組織邊界範圍內所有範疇三排放源","15.5971"
"=""5251""","天鉞電","N/A","N/A","N/A","N/A","N/A","N/A","N/A","N/A","N/A",""
"=""5263""","智崴","9.6152","註 1：資料範疇包含智崴高雄總部、製造中心(桃園廠)、台北辦公室。   註 2： 以上揭露之溫室氣體為二氧化碳，汽油與柴油之排放係數參考環境部氣候變遷署事業溫室氣體排放量資訊平台。 註 3：2021年電力排碳係數採經濟部能源署 109 年度電力排碳係數 0.502 公斤 CO2e/度，2022年電力排碳係數採經濟部能源署 110 年度電力排碳係數 0.509 公斤 CO2e/度，2023年電力排碳係數採經濟部能源署 111 年度電力排碳係數 0.495 公斤 CO2e/度。","N/A","801.6129","註 1：資料範疇包含智崴高雄總部、製造中心(桃園廠)、台北辦公室。   註 2： 以上揭露之溫室氣體為二氧化碳，汽油與柴油之排放係數參考環境部氣候變遷署事業溫室氣體排放量資訊平台。 註 3：2021年電力排碳係數採經濟部能源署 109 年度電力排碳係數 0.502 公斤 CO2e/度，2022年電力排碳係數採經濟部能源署 110 年度電力排碳係數 0.509 公斤 CO2e/度，2023年電力排碳係數採經濟部能源署 111 年度電力排碳係數 0.495 公斤 CO2e/度。","N/A","N/A","N/A","N/A","0.9400"
"=""5272""","笙科","N/A","N/A","N/A","N/A","N/A","N/A","N/A","N/A","N/A",""
"=""5274""","信驊","17.6115","新竹總部及台北辦事處","新竹總部及台北辦事處","301.3165","新竹總部及台北辦事處","新竹總部及台北辦事處","4,852.5393","新竹總部及台北辦事處","新竹總部及台北辦事處","604.0727"
"=""5276""","達輝-KY","N/A","N/A","N/A","N/A","N/A","N/A","N/A","N/A","N/A",""
"=""5278""","尚凡","N/A","N/A","N/A","N/A","N/A","N/A","N/A","N/A","N/A",""
"=""5287""","數字","97.1844","僅母公司","N/A","231.6688","母公司","N/A","N/A","N/A","N/A",""
"=""5289""","宜鼎","131.2309","僅母公司","僅母公司","3,262.9266","僅母公司","僅母公司","5,581.3526","僅母公司","僅母公司","1.0796"
"=""5291""","邑昇","76.5440","報導邊界與財務報表一致","N/A","5,027.7150","報導邊界與財務報表一致","N/A","N/A","N/A","N/A","5.4011"
"=""5299""","杰力","78.0380","包含合併財務報表之母子公司","包含合併財務報表之母子公司","162.8030","包含合併財務報表之母子公司","包含合併財務報表之母子公司 ","2,557.1396","包含合併財務報表之母子公司","包含合併財務報表之母子公司 ","0.1390"
"=""5301""","寶得利","N/A","N/A","N/A","N/A","N/A","N/A","N/A","N/A","N/A",""
"=""5302""","太欣","N/A","N/A","N/A","N/A","N/A","N/A","N/A","N/A","N/A",""
"=""5309""","系統電","26.1100","包含母公司及子公司電統能源、鎮江廠及惠州廠","N/A","2,590.1800","包含母公司及子公司電統能源、鎮江廠及惠州廠","N/A","N/A","N/A","N/A","0.7900"
"=""5310""","天剛","N/A","N/A","N/A","N/A","N/A","N/A","N/A","N/A","N/A",""
"=""5312""","寶島科","N/A","N/A","N/A","N/A","N/A","N/A","N/A","N/A","N/A",""
"=""5314""","世紀","6.6390","直接溫室氣體排放","N/A","97.8530","能源間接溫室氣體排放：主要為外購電力。","N/A","N/A","N/A","N/A","0.4000"
"=""5315""","光聯","106.0537","合併財務報表之母子公司","N/A","6,213.6513","合併財務報表之母子公司","N/A","148.5811","母公司","N/A","4.1522"
"=""5321""","美而快","N/A","N/A","N/A","N/A","N/A","N/A","N/A","N/A","N/A",""
"=""5324""","士開","5.5800","母公司營運總部","N/A","45.8800","母公司營運總部","N/A","N/A","N/A","N/A","1.2262"
"=""5328""","華容","N/A","N/A","N/A","N/A","N/A","N/A","N/A","N/A","N/A",""
"=""5340""","建榮","8,926.8314","母公司(楊梅廠)","母公司","17,292.3712","母公司(楊梅廠)","母公司","N/A","N/A","N/A","21.2793"
"=""5344""","立衛","N/A","N/A","N/A","N/A","N/A","N/A","N/A","N/A","N/A",""
"=""5345""","天揚","N/A","N/A","N/A","N/A","N/A","N/A","N/A","N/A","N/A",""
"=""5347""","世界","203,200.2700","合併財務報表之母子公司","合併財務報表之母子公司","545,390.8400","合併財務報表之母子公司","合併財務報表之母子公司","271,586.7600","合併財務報表之母子公司","合併財務報表之母子公司","29.3700"
"=""5348""","正能量智能","N/A","N/A","N/A","N/A","N/A","N/A","N/A","N/A","N/A",""
"=""5351""","鈺創","473.4896","所有廠區","N/A","2,909.9984","所有廠區","N/A","894.4404","所有廠區","N/A","1.6071"
"=""5353""","台林","192.6438","本公司所擁有或控制的排放源，直接溫室氣體排放源主要為冷媒逸散及柴油耗用。","N/A","2,119.4576","本公司間接排放源主要為外購電力所產生的間接溫室氣體排放，包括設備、辦公室、宿舍及公共區域之用電。","N/A","1,819.9022","其他間接排放係非台林自有或可控制的排放源所產生的溫室氣體排放，因無法掌控此類排放源之活動，僅對部分排放源鑑別與量化，包含： - 上游原物料運輸和配送 - 業務或員工出差運輸所產生之排放 - 能資源商品的採購 - 廢棄物處理和運輸","N/A",""
"=""5355""","佳總","273.5580","桃園市桃園區興邦路39之2號、39之4號及41之1號","N/A","7,837.4637","桃園市桃園區興邦路39之2號、39之4號及41之1號","N/A","N/A","N/A","N/A","16.3339"
"=""5356""","協益","938.2900","總公司&觀音廠","N/A","3,246.8600","總公司&觀音廠","N/A","42,154.1100","總公司&觀音廠","N/A","2.7599"
"=""5364""","力麗店","N/A","N/A","N/A","2,409.5353","力麗觀光日潭館、月潭館及花蓮館與子公司力麗明池飯店棲蘭及明池等五個營業場所","N/A","N/A","N/A","N/A",""
"=""5371""","中光電","238.3000","台灣廠區及台灣子公司","台灣廠區及台灣子公司","6,324.3000","台灣廠區及台灣子公司","台灣廠區及台灣子公司","13,508.0000","台灣廠區及台灣子公司","台灣廠區及台灣子公司","0.2400"
"=""5381""","合正","N/A","N/A","N/A","N/A","N/A","N/A","N/A","N/A","N/A",""
"=""5386""","青雲","N/A","N/A","N/A","N/A","N/A","N/A","N/A","N/A","N/A",""
"=""5392""","能率","1.9855","母公司","N/A","10.7221","母公司","N/A","15.9122","母公司","N/A","0.0030"
"=""5398""","慕康生醫","N/A","N/A","N/A","N/A","N/A","N/A","N/A","N/A","N/A",""
"=""5403""","中菲","N/A","N/A","N/A","N/A","N/A","N/A","N/A","N/A","N/A",""
"=""5410""","國眾","N/A","N/A","N/A","N/A","N/A","N/A","N/A","N/A","N/A",""
"=""5425""","台半","4,740.0000","母公司範圍:宜蘭梅洲及利澤二廠 子公司範圍: 陽信長威電子有限公司(山東廠)","母公司範圍:宜蘭梅洲及利澤二廠 子公司範圍: 陽信長威電子有限公司(山東廠)","37,369.0000","母公司範圍:宜蘭梅洲及利澤二廠 子公司範圍: 陽信長威電子有限公司(山東廠)","母公司範圍:宜蘭梅洲及利澤二廠 子公司範圍: 陽信長威電子有限公司(山東廠)","15,765.4314","母公司範圍:利澤廠 子公司範圍: 陽信長威電子有限公司(山東廠)","母公司範圍:利澤廠 子公司範圍: 陽信長威電子有限公司(山東廠)","2.8800"
"=""5426""","振發","216.5400","母公司","N/A","1,597.3200","母公司","N/A","N/A","N/A","N/A",""
"=""5432""","新門","1.7594","新門公司","N/A","67.7997","新門公司","N/A","37.0487","新門公司","N/A","0.4115"
"=""5438""","東友","161.2124","1.桃園市觀音區中山路一段1568-1號2樓 2.台北市內湖區南京東路六段503號12樓","N/A","612.1497","1.桃園市觀音區中山路一段1568-1號2樓 2.台北市內湖區南京東路六段503號12樓","N/A","227.2754","1.桃園市觀音區中山路一段1568-1號2樓 2.台北市內湖區南京東路六段503號12樓","N/A","0.6466"
"=""5439""","高技","N/A","N/A","N/A","N/A","N/A","N/A","N/A","N/A","N/A",""
"=""5443""","均豪","86.8806","僅母公司","僅母公司","1,273.1606","僅母公司","僅母公司","1,022.4048","僅母公司","僅母公司","0.0008"
"=""5450""","南良","3,133.4864","總公司、台南分公司、本廠、蔦松廠、仁愛廠","N/A","3,761.8396","總公司、台南分公司、本廠、蔦松廠、仁愛廠","N/A","N/A","N/A","N/A","4.2784"
"=""5452""","佶優","66.5669","總部土城廠","N/A","132.3818","總部土城廠","N/A","N/A","N/A","N/A","0.2260"
"=""5455""","昇益","N/A","N/A","N/A","N/A","N/A","N/A","N/A","N/A","N/A",""
"=""5457""","宣德","50.9932","桃園市龜山區民生北路一段568號","桃園市龜山區民生北路一段568號","4,861.8230","桃園市龜山區民生北路一段568號","桃園市龜山區民生北路一段568號","7,496.0471","桃園市龜山區民生北路一段568號","桃園市龜山區民生北路一段568號","1.4386"
"=""5460""","同協","29.7434","僅母公司","N/A","344.3160","僅母公司","N/A","N/A","N/A","N/A","1.2742"
"=""5464""","霖宏","313.9020","母公司","N/A","9,857.8260","母公司","N/A","N/A","N/A","N/A","12.3721"
"=""5465""","富驊","0.0000","僅母公司","N/A","35.9500","僅母公司","N/A","36.7700","僅母公司","N/A","0.0421"
"=""5468""","凱鈺","N/A","N/A","N/A","N/A","N/A","N/A","N/A","N/A","N/A",""
"=""5474""","聰泰","N/A","N/A","N/A","N/A","N/A","N/A","N/A","N/A","N/A",""
"=""5475""","德宏","N/A","N/A","N/A","N/A","N/A","N/A","N/A","N/A","N/A",""
"=""5478""","智冠","N/A","N/A","N/A","1,421.7370","包含合併財務報表之母子公司","N/A","17.7750","包含合併財務報表之母子公司","N/A","0.0000"
"=""5481""","新華","0.0000","母公司","母公司","13.8580","母公司","母公司","N/A","N/A","N/A",""
"=""5483""","中美晶","550.8500","母公司，包含：總公司、竹南分公司(竹南廠、二廠)、宜蘭分公司(一廠、三廠)、旭鑫分公司","母公司，包含：總公司、竹南分公司(竹南廠、二廠)、宜蘭分公司(一廠、三廠)、旭鑫分公司","28,268.6630","母公司，包含：總公司、竹南分公司(竹南廠、二廠)、宜蘭分公司(一廠、三廠)、旭鑫分公司","母公司，包含：總公司、竹南分公司(竹南廠、二廠)、宜蘭分公司(一廠、三廠)、旭鑫分公司","279,653.5050","母公司，包含：總公司、竹南分公司(竹南廠、二廠)、宜蘭分公司(一廠、三廠)、旭鑫分公司","母公司，包含：總公司、竹南分公司(竹南廠、二廠)、宜蘭分公司(一廠、三廠)、旭鑫分公司","4.2139"
"=""5487""","通泰","N/A","N/A","N/A","N/A","N/A","N/A","N/A","N/A","N/A",""
"=""5488""","松普","N/A","N/A","N/A","N/A","N/A","N/A","N/A","N/A","N/A",""
"=""5489""","彩富","N/A","N/A","N/A","N/A","N/A","N/A","N/A","N/A","N/A",""
"=""5490""","同亨","0.0190","母公司","N/A","376.5830","母公司","N/A","N/A","N/A","N/A","0.4907"
"=""5493""","三聯","3,836.0000","包含合併財務報表之母子公司","N/A","6,450.0000","包含合併財務報表之母子公司","N/A","5,445.0000","僅母公司","N/A","4.2492"
"=""5498""","凱崴","202.9502","僅母公司","僅母公司","5,499.8955","僅母公司","僅母公司","1,204.1269","僅母公司","僅母公司","5.3397"
"=""5508""","永信建","8.2219","公司總部","N/A","75.9924","公司總部","N/A","29.2210","公司總部(員工通勤、員工差旅)","N/A","0.0102"
"=""5511""","德昌","43.6026","組織邊界設定參考ISO 14064-1：2018、溫室氣體盤查議定書之要求建議，採用「營運控制權法」，對於本公司本次範圍內涵蓋之場所，於管理或營運控制下的設施造成之溫室氣體排放量，組織將全部認列。範圍涵蓋: 德昌營造股份有限公司台中總公司，地址為:台中市北區五權路401-1號","N/A","150.0535","組織邊界設定參考ISO 14064-1：2018、溫室氣體盤查議定書之要求建議，採用「營運控制權法」，對於本公司本次範圍內涵蓋之場所，於管理或營運控制下的設施造成之溫室氣體排放量，組織將全部認列。範圍涵蓋: 德昌營造股份有限公司台中總公司，地址為:台中市北區五權路401-1號","N/A","N/A","N/A","N/A",""
"=""5512""","力麒","23.2400","個體公司","N/A","25.5000","個體公司","N/A","N/A","N/A","N/A","0.0063"
"=""5514""","三豐","6.6000","包含合併財務報表之母子公司","N/A","155.8000","包含合併財務報表之母子公司","N/A","N/A","N/A","N/A","0.3400"
"=""5516""","雙喜","N/A","N/A","N/A","N/A","N/A","N/A","N/A","N/A","N/A",""
"=""5520""","力泰","3,342,063.0000","111年合併財務報表之母公司","N/A","1,895,642.0000","111年合併財務報表之母公司","N/A","N/A","N/A","N/A",""
"=""5523""","豐謙","N/A","N/A","N/A","24.3070","合併財務報之母子公司","N/A","N/A","N/A","N/A",""
"=""5529""","鉅陞","N/A","N/A","N/A","N/A","N/A","N/A","N/A","N/A","N/A",""
"=""5530""","龍巖","N/A","N/A","N/A","N/A","N/A","N/A","N/A","N/A","N/A",""
"=""5536""","聖暉*","75.9532","本公司之組織邊界設定方法為「營運控制權法」，本公司範圍內使用樓層揭露所有排放源皆為本公司完全擁有，並以其方法彙總其設施層級溫室氣體排放量與移除量。排除因應專案需求在客戶廠區不特定的臨時組合屋辦公室，以營運控制權法執行盤查作業原則，設定涵蓋「聖暉工程科技股份有限公司」所屬營運範圍。","聖暉工程科技股份有限公司(總公司：台中市西屯區文心路二段201號19樓、台中市西屯區文心路二段201號20樓之1、6-7；高雄營運處：高雄市鳳山區過埤路99-3號；矽品中科辦公室：台中市大雅區科雅路376巷2-1號；G5專案辦公室：彰化縣縣西鄉慶濱路13號(編號9)。)","91.8240","本公司之組織邊界設定方法為「營運控制權法」，本公司範圍內使用樓層揭露所有排放源皆為本公司完全擁有，並以其方法彙總其設施層級溫室氣體排放量與移除量。排除因應專案需求在客戶廠區不特定的臨時組合屋辦公室，以營運控制權法執行盤查作業原則，設定涵蓋「聖暉工程科技股份有限公司」所屬營運範圍。","聖暉工程科技股份有限公司(總公司：台中市西屯區文心路二段201號19樓、台中市西屯區文心路二段201號20樓之1、6-7；高雄營運處：高雄市鳳山區過埤路99-3號；矽品中科辦公室：台中市大雅區科雅路376巷2-1號；G5專案辦公室：彰化縣縣西鄉慶濱路13號(編號9)。)","303.9383","本公司之組織邊界設定方法為「營運控制權法」，本公司範圍內使用樓層揭露所有排放源皆為本公司完全擁有，並以其方法彙總其設施層級溫室氣體排放量與移除量。排除因應專案需求在客戶廠區不特定的臨時組合屋辦公室，以營運控制權法執行盤查作業原則，設定涵蓋「聖暉工程科技股份有限公司」所屬營運範圍。","聖暉工程科技股份有限公司(總公司：台中市西屯區文心路二段201號19樓、台中市西屯區文心路二段201號20樓之1、6-7；高雄營運處：高雄市鳳山區過埤路99-3號；矽品中科辦公室：台中市大雅區科雅路376巷2-1號；G5專案辦公室：彰化縣縣西鄉慶濱路13號(編號9)。)",""
"=""5543""","桓鼎-KY","N/A","N/A","N/A","N/A","N/A","N/A","N/A","N/A","N/A",""
"=""5548""","安倉","N/A","N/A","N/A","N/A","N/A","N/A","N/A","N/A","N/A",""
"=""5601""","台聯櫃","N/A","N/A","N/A","N/A","N/A","N/A","N/A","N/A","N/A",""
"=""5603""","陸海","15,177.8431","母公司","母公司","181.3502","母公司","母公司","30,454.0039","母公司","母公司","28.1428"
"=""5604""","中連","N/A","N/A","N/A","N/A","N/A","N/A","N/A","N/A","N/A",""
"=""5609""","中菲行","48.4980","中菲行國際物流股份有限公司- 台灣地區空運營運單位 得美行股份有限公司- 台灣地區海運營運單位  ","N/A","98.4960","中菲行國際物流股份有限公司- 台灣地區空運營運單位 得美行股份有限公司- 台灣地區海運營運單位","N/A","59,004.9930","中菲行國際物流股份有限公司- 台灣地區空運營運單位 得美行股份有限公司- 台灣地區海運營運單位","N/A","0.0600"
"=""5701""","劍湖山","552.9097","母公司 ","母公司","5,302.6415","母公司 ","母公司 ","1,304.4077","母公司:僅統計1.上游運輸2.購買商品3.營運產生之廢棄物4.與燃料和能源相關活動等4個項目之間接排放","N/A","10.5887"
"=""5703""","亞都麗緻","349.0000","僅母公司","N/A","1,883.0000","僅母公司","N/A","N/A","N/A","N/A","5.6800"
"=""5704""","老爺知","N/A","N/A","N/A","N/A","N/A","N/A","N/A","N/A","N/A",""
"=""5864""","致和證","1.1700","公司全部營業據點 ","N/A","478.8880","公司全部營業據點","N/A","N/A","N/A","N/A","0.4180"
"=""5878""","台名","N/A","N/A","N/A","N/A","N/A","N/A","N/A","N/A","N/A",""
"=""5902""","德記","105.0000","僅母公司","N/A","126.0000","僅母公司","N/A","N/A","N/A","N/A","0.1122"
"=""5903""","全家","4,647.7800","盤查組織邊界包含328處店舖(超商及商場)、22處辦公室及訓練中心，共計350個據點。","確信範圍包含328處店舖(超商及商場)、22處辦公室及訓練中心，共計350個據點。","26,936.8400","盤查組織邊界包含328處店舖(超商及商場)、22處辦公室及訓練中心，共計350個據點。","確信範圍包含328處店舖(超商及商場)、22處辦公室及訓練中心，共計350個據點。","6,742.3500","盤查組織邊界包含328處店舖(超商及商場)、22處辦公室及訓練中心，共計350個據點。","確信範圍包含328處店舖(超商及商場)、22處辦公室及訓練中心，共計350個據點。","4.5514"
"=""5904""","寶雅","2,182.0000","以營運控制權法執行盤查作業原則，地理位置範圍含下列之辦公室、物流中心及411間分店","範疇1：直接溫室氣體排放","46,451.0000","以營運控制權法執行盤查作業原則，地理位置範圍含下列之辦公室、物流中心及411間分店","範疇2：電力之間接溫室氣體排放","N/A","N/A","N/A","2.2027"
"=""5905""","南仁湖","N/A","N/A","N/A","N/A","N/A","N/A","N/A","N/A","N/A",""
"=""6015""","宏遠證","89.1850","包含合併財務報表之母子公司","N/A","1,116.5540","包含合併財務報表之母子公司","N/A","257.8370","包含合併財務報表之母子公司","N/A","0.9870"
"=""6016""","康和證","88.7420","母公司(總公司及包含分布於北中南三區15 個分公司，共16 個據點，覆蓋率100%)","母公司(總公司及包含分布於北中南三區15 個分公司，共16 個據點，覆蓋率100%)","1,354.8950","母公司(總公司及包含分布於北中南三區15 個分公司，共16 個據點，覆蓋率100%)","母公司(總公司及包含分布於北中南三區15 個分公司，共16 個據點，覆蓋率100%)","283.6820","母公司(總公司及包含分布於北中南三區15 個分公司，共16 個據點，覆蓋率100%)","母公司(總公司及包含分布於北中南三區15 個分公司，共16 個據點，覆蓋率100%)","0.6120"
"=""6020""","大展證","N/A","N/A","N/A","N/A","N/A","N/A","N/A","N/A","N/A",""
"=""6021""","美好證","760.4690","包含合併財務報表之母子公司","N/A","N/A","N/A","N/A","N/A","N/A","N/A","90.5400"
"=""6023""","元大期貨","10.8479","國內全營運據點","國內全營運據點","499.1717","國內全營運據點","國內全營運據點","142.4656","廢棄物處理、國內及海外差旅","國內全營運據點","0.1912"
"=""6026""","福邦證","62.2056","包含合併財務報表之母子公司","N/A","221.0462","包含合併財務報表之母子公司","N/A","99.0780","包含合併財務報表之母子公司","N/A","0.2053"
"=""6101""","寬魚國際","N/A","N/A","N/A","N/A","N/A","N/A","N/A","N/A","N/A",""
"=""6103""","合邦","N/A","N/A","N/A","N/A","N/A","N/A","N/A","N/A","N/A",""
"=""6104""","創惟","0.0000","台北辦公室","N/A","696.8000","台北辦公室","N/A","N/A","N/A","N/A",""
"=""6109""","亞元","N/A","N/A","N/A","N/A","N/A","N/A","88.5200","主要母公司辦公室排放源，皆為外購電力屬間接能源排放。","N/A",""
"=""6111""","大宇資","N/A","N/A","N/A","N/A","N/A","N/A","N/A","N/A","N/A",""
"=""6113""","亞矽","N/A","N/A","N/A","N/A","N/A","N/A","N/A","N/A","N/A",""
"=""6114""","久威","N/A","N/A","N/A","N/A","N/A","N/A","N/A","N/A","N/A",""
"=""6118""","建達","N/A","N/A","N/A","N/A","N/A","N/A","N/A","N/A","N/A",""
"=""6121""","新普","1,949.4630","包含合併財務報表之母子公司","包含合併財務報表之母子公司","26,178.9910","包含合併財務報表之母子公司","包含合併財務報表之母子公司","289,877.0352","包含合併財務報表之母子公司","包含合併財務報表之母子公司","0.3317"
"=""6122""","擎邦","4.2771","僅母公司","N/A","146.9565","僅母公司","N/A","10.2401","僅母公司","N/A",""
"=""6123""","上奇","4.5825","母公司","母公司","58.8567","母公司","母公司","40.3170","母公司","母公司","0.1539"
"=""6124""","業強","N/A","N/A","N/A","N/A","N/A","N/A","N/A","N/A","N/A",""
"=""6125""","廣運","912.9330","母公司","N/A","862.4480","母公司","N/A","N/A","N/A","N/A","0.6400"
"=""6126""","信音","633.6260","合併財務報表之母子公司","合併財務報表之母子公司","4,816.1450","合併財務報表之母子公司","合併財務報表之母子公司","N/A","N/A","N/A","1.5790"
"=""6127""","九豪","82.3400","母公司","N/A","6,085.9750","母公司","N/A","10.0830","母公司","N/A",""
"=""6129""","普誠","78.9706","普誠科技股份有限公司(新北市新店區寶橋路233-1號2樓、新北市新店區寶橋路235巷6弄3號5號6樓、新竹市光復路二段2巷47號6樓-1)。 普誠科技（深圳）有限公司(廣東省深圳市寶安區西鄉街道龍騰社區西鄉大道230號 滿京華藝巒大廈1座1801)。 普誠創智（成都）科技有限公司(成都高新區合作路309號)。 成都启臣微电子股份有限公司(四川省成都市高新区合作路309号普诚科技大楼7楼702、703、广东深圳市宝安区西乡街道 前进二路104号凤凰岗第一工业区A栋信达大厦3楼、深圳市宝安区西乡大道230号满京华艺峦大厦1座1802)","N/A","921.0979","普誠科技股份有限公司(新北市新店區寶橋路233-1號2樓、新北市新店區寶橋路235巷6弄3號5號6樓、新竹市光復路二段2巷47號6樓-1)。 普誠科技（深圳）有限公司(廣東省深圳市寶安區西鄉街道龍騰社區西鄉大道230號 滿京華藝巒大廈1座1801)。 普誠創智（成都）科技有限公司(成都高新區合作路309號)。 成都启臣微电子股份有限公司(四川省成都市高新区合作路309号普诚科技大楼7楼702、703、广东深圳市宝安区西乡街道 前进二路104号凤凰岗第一工业区A栋信达大厦3楼、深圳市宝安区西乡大道230号满京华艺峦大厦1座1802)","N/A","16.5567","普誠科技股份有限公司(新北市新店區寶橋路233-1號2樓、新北市新店區寶橋路235巷6弄3號5號6樓、新竹市光復路二段2巷47號6樓-1)。 普誠科技（深圳）有限公司(廣東省深圳市寶安區西鄉街道龍騰社區西鄉大道230號 滿京華藝巒大廈1座1801)。 普誠創智（成都）科技有限公司(成都高新區合作路309號)。 成都启臣微电子股份有限公司(四川省成都市高新区合作路309号普诚科技大楼7楼702、703、广东深圳市宝安区西乡街道 前进二路104号凤凰岗第一工业区A栋信达大厦3楼、深圳市宝安区西乡大道230号满京华艺峦大厦1座1802)","N/A",""
"=""6130""","上亞科技","N/A","N/A","N/A","N/A","N/A","N/A","N/A","N/A","N/A",""
"=""6134""","萬旭","38.1958","僅母公司","母公司","204.9354","母公司","僅母公司","403.9136","母公司","僅母公司",""
"=""6138""","茂達","N/A","N/A","N/A","1,109.0000","本公司","N/A","N/A","N/A","N/A","0.3988"
"=""6140""","訊達電腦","6.2200","母公司之台北總公司","N/A","89.8100","母公司之台北總公司","N/A","N/A","N/A","N/A",""
"=""6143""","振曜","140.3002","母公司","母公司","1,611.7596","母公司","母公司","354.0933","母公司","母公司","0.2635"
"=""6144""","得利影","N/A","N/A","N/A","N/A","N/A","N/A","N/A","N/A","N/A",""
"=""6146""","耕興","N/A","N/A","N/A","N/A","N/A","N/A","N/A","N/A","N/A",""
"=""6147""","頎邦","8,795.2743","僅母公司 (全台灣六處營運據點)","僅母公司 (全台灣六處營運據點)","145,464.9512","僅母公司 (全台灣六處營運據點)","僅母公司 (全台灣六處營運據點)","40,116.1728","僅母公司 (全台灣六處營運據點)","僅母公司 (全台灣六處營運據點)","7.6913"
"=""6148""","驊宏資","N/A","N/A","N/A","N/A","N/A","N/A","N/A","N/A","N/A",""
"=""6150""","撼訊","44.5780","母公司","N/A","1,409.4250","母公司","N/A","N/A","N/A","N/A",""
"=""6151""","晉倫","163.1452","僅母公司","N/A","2,530.7370","僅母公司","N/A","583.6383","僅母公司","N/A","3.3843"
"=""6154""","順發","N/A","N/A","N/A","4,460.0000","包含合併財務報表之母子公司","N/A","N/A","N/A","N/A",""
"=""6156""","松上","1,274.0300","松上總公司及三家中國子公司(東莞、湖北、蘇州)","松上總公司及三家中國子公司(東莞、湖北、蘇州)","22,257.3000","松上總公司及三家中國子公司(東莞、湖北、蘇州)","松上總公司及三家中國子公司(東莞、湖北、蘇州)","43,911.7800","松上總公司及三家中國子公司(東莞、湖北、蘇州)","松上總公司及三家中國子公司(東莞、湖北、蘇州)","7.1500"
"=""6158""","禾昌","299.2603","母公司+子公司(含宿舍)","N/A","16,638.4667","母公司+子公司(含宿舍)","N/A","N/A","N/A","N/A","9.6500"
"=""6160""","欣技","30.1638","邊界設定以「欣技資訊股份有限公司」母公司為盤查範圍，所有設施，包含台北總公司及汐止工廠。","N/A","518.2396","邊界設定以「欣技資訊股份有限公司」母公司為盤查範圍，所有設施，包含台北總公司及汐止工廠。","N/A","946.5747","邊界設定以「欣技資訊股份有限公司」母公司為盤查範圍，所有設施，包含台北總公司及汐止工廠。","N/A","0.0234"
"=""6161""","捷波","7.3457","包含合併財務報表之母子公司","N/A","55.2198","包含合併財務報表之母子公司","N/A","28,979.9942","包含合併財務報表之母子公司","N/A","21.8201"
"=""6163""","華電網","320.3890","華電聯網汐止總公司＋全台營運據點","N/A","953.7120","華電聯網汐止總公司＋全台營運據點","N/A","852.8180","華電聯網汐止總公司＋全台營運據點","N/A",""
"=""6167""","久正","48.2550","僅母公司","N/A","2,845.3194","僅母公司","N/A","N/A","N/A","N/A",""
"=""6169""","昱泉","N/A","N/A","N/A","52.1568","僅母公司","N/A","9.4908","僅母公司","N/A",""
"=""6170""","統振","N/A","N/A","N/A","N/A","N/A","N/A","N/A","N/A","N/A",""
"=""6171""","大城地產","N/A","N/A","N/A","N/A","N/A","N/A","N/A","N/A","N/A",""
"=""6173""","信昌電","1,586.4086","母公司台灣工廠","母公司台灣工廠","30,440.8490","母公司台灣工廠","母公司台灣工廠","6,539.2073","母公司台灣工廠(外購能源上游排放(包含運輸) -LPG、柴油、汽油、電力、水資源之上游排放及廢棄物處理)","母公司台灣工廠(外購能源上游排放(包含運輸) -LPG、柴油、汽油、電力、水資源之上游排放及廢棄物處理)","12.0184"
"=""6174""","安碁","146.9172","母公司","N/A","2,423.3019","母公司","N/A","N/A","N/A","N/A","5.5240"
"=""6175""","立敦","1,043.9646","立敦集團合併財務報表之母子公司","立敦科技(股)公司","171,330.1757","立敦集團合併財務報表之母子公司","立敦科技(股)公司","31,473.9008","立敦集團合併財務報表之母子公司","立敦科技(股)公司","55.4236"
"=""6179""","亞通","N/A","N/A","N/A","N/A","N/A","N/A","N/A","N/A","N/A",""
"=""6180""","橘子","193.4630","本次遊戲橘子組織邊界設定方法為「營運控制權法」，盤查組織涵蓋遊戲橘子數位科技股份有限公司本身及在台營運子公司。","涵蓋遊戲橘子數位科技股份有限公司本身及在台營運子公司。","4,559.7640","本次遊戲橘子組織邊界設定方法為「營運控制權法」，盤查組織涵蓋遊戲橘子數位科技股份有限公司本身及在台營運子公司。","涵蓋遊戲橘子數位科技股份有限公司本身及在台營運子公司。","3,789.4820","本次遊戲橘子組織邊界設定方法為「營運控制權法」，盤查組織涵蓋遊戲橘子數位科技股份有限公司本身及在台營運子公司。","涵蓋遊戲橘子數位科技股份有限公司本身及在台營運子公司。","0.4850"
"=""6182""","合晶","3,868.7742","以台灣龍潭廠與楊梅廠為邊界範圍","以台灣龍潭廠與楊梅廠為邊界範圍","60,534.5405","以台灣龍潭廠與楊梅廠為邊界範圍","以台灣龍潭廠與楊梅廠為邊界範圍","5,066.9400","以台灣龍潭廠與楊梅廠為邊界範圍","以台灣龍潭廠與楊梅廠為邊界範圍","6.4100"
"=""6185""","幃翔","N/A","N/A","N/A","50.8070","母公司112年/01月~112年/12月台電電費繳費單","N/A","N/A","N/A","N/A",""
"=""6186""","新潤","N/A","N/A","N/A","N/A","N/A","N/A","N/A","N/A","N/A",""
"=""6187""","萬潤","183.5120","母公司路竹廠","N/A","61.9636","母公司路竹廠","N/A","N/A","N/A","N/A","0.2037"
"=""6188""","廣明","327.5800","包含合併財務報表之母子公司","N/A","19,356.3900","包含合併財務報表之母子公司","N/A","1,632.2600","包含合併財務報表之母子公司","N/A","2.0544"
"=""6190""","萬泰科","3,331.3000","僅母公司","N/A","N/A","N/A","N/A","N/A","N/A","N/A","1.1950"
"=""6194""","育富","N/A","N/A","N/A","N/A","N/A","N/A","N/A","N/A","N/A",""
"=""6195""","詩肯","135.1261","8間倉庫(含總部)、59間獨立店門市","N/A","1,436.9000","8間倉庫(含總部)、59間獨立店門市","N/A","N/A","N/A","N/A","1.0354"
"=""6198""","瑞築","N/A","N/A","N/A","N/A","N/A","N/A","N/A","N/A","N/A",""
"=""6199""","天品","N/A","N/A","N/A","N/A","N/A","N/A","N/A","N/A","N/A",""
"=""6203""","海韻電","143.9500","包含合併財務報表之母子公司","N/A","1,293.7504","包含合併財務報表之母子公司","N/A","260,820.2541","包含合併財務報表之母子公司","N/A","0.4300"
"=""6204""","艾華","47.0206","僅母公司","N/A","197.7533","僅母公司","N/A","N/A","N/A","N/A","0.8344"
"=""6207""","雷科","51.9840","高雄總公司、高雄臨廣五廠區、新竹分公司","N/A","1,318.1065","高雄總公司、高雄臨廣五廠區、新竹分公司","N/A","323.3551","高雄總公司、高雄臨廣五廠區、新竹分公司","N/A","1.6690"
"=""6208""","日揚","211.5000","母公司","N/A","3,786.0800","母公司","N/A","N/A","N/A","N/A","1.5585"
"=""6210""","慶生","N/A","N/A","N/A","N/A","N/A","N/A","N/A","N/A","N/A",""
"=""6212""","理銘","N/A","N/A","N/A","N/A","N/A","N/A","N/A","N/A","N/A",""
"=""6217""","中探針","90.5249","新北市板橋區和平路24巷8號 2~6F 新北市板橋區和平路24巷10號 2~6F 新北市板橋區和平路24巷12號 2~6F 新北市板橋區和平路24巷14號 2~6F 新北市板橋區和平路24巷8、10、12、14號入口 1F警衛室 新北市土城區中山路4巷6號","N/A","889.0430","新北市板橋區和平路24巷8號 2~6F 新北市板橋區和平路24巷10號 2~6F 新北市板橋區和平路24巷12號 2~6F 新北市板橋區和平路24巷14號 2~6F 新北市板橋區和平路24巷8、10、12、14號入口 1F警衛室 新北市土城區中山路4巷6號","N/A","81.7099","新北市板橋區和平路24巷8號 2~6F 新北市板橋區和平路24巷10號 2~6F 新北市板橋區和平路24巷12號 2~6F 新北市板橋區和平路24巷14號 2~6F 新北市板橋區和平路24巷8、10、12、14號入口 1F警衛室 新北市土城區中山路4巷6號","N/A","1.2096"
"=""6218""","豪勉","8.7400","母公司","N/A","497.5400","母公司","N/A","N/A","N/A","N/A","0.4820"
"=""6219""","富旺","N/A","N/A","N/A","N/A","N/A","N/A","N/A","N/A","N/A",""
"=""6220""","岳豐","30.1765","台灣母公司(含台北辦事處)","N/A","1,387.8782","台灣母公司(含台北辦事處)","N/A","9,035.1105","台灣母公司(含台北辦事處)","N/A","0.1442"
"=""6221""","晉泰","N/A","N/A","N/A","N/A","N/A","N/A","N/A","N/A","N/A",""
"=""6222""","上揚","N/A","N/A","N/A","N/A","N/A","N/A","N/A","N/A","N/A",""
"=""6223""","旺矽","1,441.2795","以營運控制權法訂定組織邊界，組織邊界為旺矽科技股份有限公司(竹北一廠、竹北二廠、竹北三廠、新埔廠、湖口廠、路竹廠)","資料邊界內所有範疇一之排放源","18,601.9278","以營運控制權法訂定組織邊界，組織邊界為旺矽科技股份有限公司(竹北一廠、竹北二廠、竹北三廠、新埔廠、湖口廠、路竹廠)","資料邊界內所有範疇二之排放源","6,911.8828","以營運控制權法訂定組織邊界，組織邊界為旺矽科技股份有限公司(竹北一廠、竹北二廠、竹北三廠、新埔廠、湖口廠、路竹廠)","資料邊界內之1. 採購商品與服務 、 2. 營運產生之廢棄物(廢棄處理)、3.營運產生之廢棄物(廢棄運輸)","3.9950"
"=""6227""","茂綸","N/A","N/A","N/A","N/A","N/A","N/A","N/A","N/A","N/A",""
"=""6228""","全譜","N/A","N/A","N/A","N/A","N/A","N/A","N/A","N/A","N/A",""
"=""6229""","研通","N/A","N/A","N/A","N/A","N/A","N/A","N/A","N/A","N/A",""
"=""6231""","系微","N/A","N/A","N/A","386.0000","外購電力","N/A","N/A","N/A","N/A","0.3487"
"=""6233""","旺玖","1.3970","僅母公司，包含台北總公司及新竹分公司；子公司無實質營運情形不適用。","N/A","588.2890","僅母公司，包含台北總公司及新竹分公司；子公司無實質營運情形不適用。","N/A","N/A","N/A","N/A",""
"=""6234""","高僑","129.0994","母公司","N/A","1,164.3950","母公司","N/A","N/A","N/A","N/A",""
"=""6236""","中湛","N/A","N/A","N/A","N/A","N/A","N/A","N/A","N/A","N/A",""
"=""6237""","驊訊","2.3674","母公司：驊訊電子企業股份有限公司。子公司：驊訊文創科技股份有限公司。子公司：好音樂文創科技股份有限公司。","N/A","179.5957","母公司：驊訊電子企業股份有限公司。子公司：驊訊文創科技股份有限公司。子公司：好音樂文創科技股份有限公司。","N/A","N/A","N/A","N/A","417.6390"
"=""6240""","松崗","N/A","N/A","N/A","N/A","N/A","N/A","N/A","N/A","N/A",""
"=""6241""","易通展","4.8832","僅母公司","N/A","28.3064","僅母公司","N/A","2,721.8370","僅母公司","N/A","0.0517"
"=""6242""","立康","32.2159","包含合併財務報表之母子公司","N/A","512.7502","包含合併財務報表之母子公司","N/A","N/A","N/A","N/A",""
"=""6244""","茂迪","1,489.0077","茂迪台灣南科廠區","N/A","21,323.6694","茂迪台灣南科廠區","N/A","N/A","N/A","N/A","5.1832"
"=""6245""","立端","7.1810","僅母公司","僅母公司","2,593.4708","僅母公司","僅母公司","1,083.1718","僅母公司","僅母公司","0.4100"
"=""6246""","臺龍","N/A","N/A","N/A","N/A","N/A","N/A","N/A","N/A","N/A",""
"=""6248""","沛波","147.6227","僅母公司","僅母公司","979.8894","僅母公司","僅母公司","N/A","N/A","N/A","0.1441"
"=""6259""","百徽","N/A","N/A","N/A","N/A","N/A","N/A","N/A","N/A","N/A",""
"=""6261""","久元","192.2855","僅母公司","僅母公司","20,836.5491","僅母公司","僅母公司","4,167.8891","僅母公司","僅母公司","566.7002"
"=""6263""","普萊德","45.4200","母公司","母公司(新北市新店區民權路96號5樓-11樓、2樓、96號B1與98號B1與100號B1)","277.9700","母公司","母公司(新北市新店區民權路96號5樓-11樓、2樓、96號B1與98號B1與100號B1)","514.4400","母公司","母公司(新北市新店區民權路96號5樓-11樓、2樓、96號B1與98號B1與100號B1)","0.1753"
"=""6264""","富裔","N/A","未確信","未確信","N/A","未確信","未確信","N/A","未確信","未確信",""
"=""6265""","方土昶","N/A","N/A","N/A","N/A","N/A","N/A","N/A","N/A","N/A",""
"=""6266""","泰詠","170.3374","泰詠電子股份有限公司(新竹、上海、蘇州廠)","N/A","3,278.2828","泰詠電子股份有限公司(新竹、上海、蘇州廠)","N/A","765.4043","泰詠電子股份有限公司(新竹、上海、蘇州廠)","N/A",""
"=""6270""","倍微","N/A","N/A","N/A","56.1130","僅母公司統計外購電度數換算溫室氣體排放量","N/A","N/A","N/A","N/A",""
"=""6274""","台燿","20,076.9607","母公司","母公司","25,476.6391","母公司","母公司","59,791.4568","母公司","母公司","6.0240"
"=""6275""","元山","41.2370","僅母公司","N/A","715.5650","僅母公司","N/A","N/A","N/A","N/A",""
"=""6276""","安鈦克","0.0000","0","N/A","24.2000","母公司","N/A","N/A","N/A","N/A","0.0366"
"=""6279""","胡連","816.6919","涵蓋合併財務報表之母子公司","N/A","19,088.9644","涵蓋合併財務報表之母子公司","N/A","47,758.4584","涵蓋胡連集團各營運據點的數據","N/A","9.2301"
"=""6284""","佳邦","1,206.2600","佳邦科技及子公司(禾邦電子(蘇州)/禾邦電子(中國)/湖南弘電)111年數據","佳邦科技及子公司(禾邦電子(蘇州)/禾邦電子(中國)/湖南弘電)111年數據","24,853.6900","佳邦科技及子公司(禾邦電子(蘇州)/禾邦電子(中國)/湖南弘電)111年數據","佳邦科技及子公司(禾邦電子(蘇州)/禾邦電子(中國)/湖南弘電)111年數據","N/A","N/A","N/A",""
"=""6287""","元隆","47,601.8448","母公司(新竹市東區研發二路14、16、18、20號)","新竹市東區研發二路14、16、18、20號","21,441.0648","母公司(新竹市東區研發二路14、16、18、20號)","新竹市東區研發二路14、16、18、20號","N/A","N/A","N/A","69.9091"
"=""6290""","良維","249.9200","子公司-良穎電子(深圳)有限公司","N/A","19,875.1200","子公司-良穎電子(深圳)有限公司","N/A","N/A","N/A","N/A",""
"=""6291""","沛亨","N/A","N/A","N/A","N/A","N/A","N/A","N/A","N/A","N/A",""
"=""6292""","迅德","25.1930","僅母公司","N/A","189.6320","僅母公司","N/A","N/A","N/A","N/A","0.1580"
"=""6294""","智基","N/A","N/A","N/A","N/A","N/A","N/A","N/A","N/A","N/A",""
"=""6411""","晶焱","N/A","N/A","N/A","183.6564","晶焱科技台灣總公司中和辦公室及竹北辦公室","N/A","N/A","N/A","N/A","0.0696"
"=""6417""","韋僑","42.0000","僅母公司","N/A","3,661.0000","僅母公司","N/A","N/A","N/A","N/A","2.6046"
"=""6418""","詠昇","43.0600","合併財務報表之母子公司","N/A","1,312.0790","合併財務報表之母子公司","N/A","N/A","N/A","N/A","1.6366"
"=""6419""","京晨科","N/A","N/A","N/A","N/A","N/A","N/A","N/A","N/A","N/A",""
"=""6425""","易發","N/A","N/A","N/A","N/A","N/A","N/A","N/A","N/A","N/A",""
"=""6432""","今展科","105.4090","母公司","N/A","N/A","N/A","N/A","N/A","N/A","N/A",""
"=""6435""","大中","N/A","N/A","N/A","252.6300","包含合併財務報表之母子公司","N/A","N/A","N/A","N/A","0.0951"
"=""6441""","廣錠","18.6031","母公司+蘆竹廠+汐止廠","N/A","447.6685","母公司+蘆竹廠+汐止廠","N/A","N/A","N/A","N/A","0.6837"
"=""6457""","紘康","9.8377","紘康母公司","N/A","147.0085","紘康母公司","N/A","0.3974","紘康母公司","N/A","0.3117"
"=""6461""","益得","173,965.6000","母公司","N/A","3,784.9100","母公司","N/A","N/A","N/A","N/A",""
"=""6462""","神盾","N/A","N/A","N/A","N/A","N/A","N/A","N/A","N/A","N/A",""
"=""6465""","威潤","N/A","N/A","N/A","N/A","N/A","N/A","N/A","N/A","N/A",""
"=""6469""","大樹","N/A","N/A","N/A","N/A","N/A","N/A","N/A","N/A","N/A",""
"=""6470""","宇智","32.2285","新竹/湖口/台北","N/A","553.0734","新竹/湖口/台北","N/A","N/A","N/A","N/A",""
"=""6482""","弘煜科","N/A","N/A","N/A","N/A","N/A","N/A","N/A","N/A","N/A",""
"=""6485""","點序","N/A","N/A","N/A","N/A","N/A","N/A","N/A","N/A","N/A",""
"=""6486""","互動","170.9935","本公司採用營運控制權法，對於本公司所管理或營運控制下的設施造成之溫室氣體排放量，組織將100% 認列。","本公司採用營運控制權法，對於本公司所管理或營運控制下的設施造成之溫室氣體排放量，組織將100% 認列。","572.2467","本公司採用營運控制權法，對於本公司所管理或營運控制下的設施造成之溫室氣體排放量，組織將100% 認列。","本公司採用營運控制權法，對於本公司所管理或營運控制下的設施造成之溫室氣體排放量，組織將100% 認列。","289.6780","本公司採用營運控制權法，對於本公司所管理或營運控制下的設施造成之溫室氣體排放量，組織將100% 認列。","本公司採用營運控制權法，對於本公司所管理或營運控制下的設施造成之溫室氣體排放量，組織將100% 認列。","0.4606"
"=""6488""","環球晶","22,149.8408","台灣區: 環球晶圓總部&竹南廠、中德分公司 海外區: GlobalWafers Japan Co., Ltd.、昆山中辰矽晶、MEMC Electronic Materials S.p.A、MEMC Korea Company、MEMC LLC、MEMC Japan Ltd.、GlobiTech Incorporated.、MEMC Electronic Materials Sdn. Bhd.、Topsil GlobalWafers A/S","台灣區：環球晶圓總部&竹南廠、中德分公司 海外區：GlobalWafers Japan Co., Ltd.、昆山中辰矽晶、MEMC Electronic Materials S.p.A、MEMC Korea Company、MEMC Japan Ltd.","516,901.8833","台灣區：環球晶圓總部&竹南廠、中德分公司 海外區：GlobalWafers Japan Co., Ltd.、昆山中辰矽晶、MEMC Electronic Materials S.p.A、MEMC Korea Company、MEMC LLC、MEMC Japan Ltd.、GlobiTech Incorporated.、MEMC Electronic Materials Sdn. Bhd.、Topsil GlobalWafers A/S","台灣區：環球晶圓總部&竹南廠、中德分公司 海外區：GlobalWafers Japan Co., Ltd.、昆山中辰矽晶、MEMC Electronic Materials S.p.A、MEMC Korea Company、MEMC Japan Ltd.","451,692.6680","台灣區：環球晶圓總部&竹南廠、中德分公司 海外區：GlobalWafers Japan Co., Ltd.、昆山中辰矽晶、MEMC Electronic Materials S.p.A、MEMC Korea Company、MEMC Japan Ltd.、MEMC Electronic Materials Sdn. Bhd.、Topsil GlobalWafers A/S","台灣區：環球晶圓總部&竹南廠、中德分公司 海外區：GlobalWafers Japan Co., Ltd.、昆山中辰矽晶、MEMC Electronic Materials S.p.A、MEMC Korea Company、MEMC Japan Ltd.","7.6300"
"=""6492""","生華科","N/A","N/A","N/A","N/A","N/A","N/A","N/A","N/A","N/A",""
"=""6494""","九齊","0.0000","母公司","N/A","214.0000","母公司","N/A","N/A","N/A","N/A","0.1605"
"=""6496""","科懋","15.1237","本公司+科進+科明公務車汽油耗用","N/A","575.2398","本公司+科進+科明辦公室及生產設施用電度數","N/A","N/A","N/A","N/A","0.7652"
"=""6499""","益安","N/A","N/A","N/A","132.0000","本公司士林及五股辦公室","N/A","N/A","N/A","N/A",""
"=""6506""","雙邦","6,908.9500","母公司","N/A","8,876.1500","母公司","N/A","N/A","N/A","N/A","10.7090"
"=""6508""","惠光","123.0200","僅母公司","N/A","3,903.4900","僅母公司","N/A","N/A","N/A","N/A",""
"=""6509""","聚和","8,009.8356","台灣大發廠","台灣大發廠","6,117.9496","台灣大發廠","台灣大發廠","18,543.3955","台灣大發廠","台灣大發廠","3.7594"
"=""6510""","精測","1,890.4375","本公司桃園、新竹、台中、高雄等四大營運據點之盤查邊界，包含直接溫室氣體排放及間接溫室氣體排放。","本公司組織邊界範圍內所有排放源。","14,695.3848","本公司桃園、新竹、台中、高雄等四大營運據點之盤查邊界，包含直接溫室氣體排放及間接溫室氣體排放。","本公司組織邊界範圍內所有排放源。","4,858.4878","本公司桃園、新竹、台中、高雄等四大營運據點之盤查邊界，包含直接溫室氣體排放及間接溫室氣體排放。","本公司組織邊界範圍內所有排放源。","5.7501"
"=""6512""","啟發電","74.2080","僅為啟發電子於新竹縣竹北市辦公區域","N/A","N/A","N/A","N/A","N/A","N/A","N/A",""
"=""6516""","勤崴國際","7.8791","勤崴國際科技股份有限公司所在地台北市中正區羅斯福路二段100號4F","N/A","114.3942","勤崴國際科技股份有限公司所在地台北市中正區羅斯福路二段100號4F","N/A","12.0027","勤崴國際科技股份有限公司所在地台北市中正區羅斯福路二段100號4F","N/A","0.3437"
"=""6517""","保勝光學","N/A","N/A","N/A","2,026.1220","保勝光學股份有限公司","N/A","N/A","N/A","N/A",""
"=""6523""","達爾膚","N/A","N/A","N/A","N/A","N/A","N/A","N/A","N/A","N/A",""
"=""6527""","明達醫","N/A","N/A","N/A","N/A","N/A","N/A","N/A","N/A","N/A",""
"=""6530""","創威","N/A","N/A","N/A","N/A","N/A","N/A","N/A","N/A","N/A",""
"=""6532""","瑞耘","21.2197","本瑞耘科技兩處廠區  新豐廠-新竹縣湖口鄉大同路19號 新竹廠-新竹縣湖口鄉光復南路58號","N/A","1,598.2392","本瑞耘科技兩處廠區  新豐廠-新竹縣湖口鄉大同路19號 新竹廠-新竹縣湖口鄉光復南路58號","N/A","N/A","N/A","N/A","2.3341"
"=""6535""","順藥","N/A","N/A","N/A","11.5857","包含合併財務報表之母子公司","N/A","2,913.2913","僅母公司","N/A","0.1858"
"=""6538""","倉和","59.9442","僅母公司","N/A","1,636.1997","僅母公司","N/A","344.7554","僅母公司","N/A",""
"=""6542""","隆中","9.0560","母公司","N/A","168.1360","母公司","N/A","N/A","N/A","N/A","0.4735"
"=""6546""","正基","264.5900","正基科技溫室氣體盤查組織範疇涵蓋新竹湖口舊廠、新竹竹北新廠及子公司速連通訊內湖總部。","N/A","234.4900","正基科技溫室氣體盤查組織範疇涵蓋新竹湖口舊廠、新竹竹北新廠及子公司速連通訊內湖總部。","N/A","N/A","N/A","N/A","0.2300"
"=""6547""","高端疫苗","1,538.4600","母子公司","N/A","3,821.5800","母子公司","N/A","N/A","N/A","N/A","13.7437"
"=""6548""","長科*","3,590.0000","包含合併財務報表之母子公司","包含合併財務報表之母子公司","44,169.0000","包含合併財務報表之母子公司","包含合併財務報表之母子公司","49,852.0000","包含合併財務報表之母子公司","包含合併財務報表之母子公司","4.1240"
"=""6556""","勝品","71.9700","母公司、子公司泰勝","N/A","1,492.9300","母公司、子公司泰勝","N/A","N/A","N/A","N/A",""
"=""6560""","欣普羅","N/A","N/A","N/A","N/A","N/A","N/A","N/A","N/A","N/A",""
"=""6561""","是方","213.6700","114051 台北市內湖區瑞光路 68 號 2 樓 114062 台北市內湖區瑞光路 188 巷37 號 114067 台北市內湖區陽光街 250 號 114664 台北市內湖區瑞光路 76 巷45 號 中國(上海)自由貿易試驗區基隆路55 號6 層B09 室","報導期間：2023 年01 月01 日至2023 年12 月31 日。 報導溫室氣體的類型，包括CO2、CH4、N2O 和HFCs。","25,350.6117","114051 台北市內湖區瑞光路 68 號 2 樓 114062 台北市內湖區瑞光路 188 巷37 號 114067 台北市內湖區陽光街 250 號 114664 台北市內湖區瑞光路 76 巷45 號 中國(上海)自由貿易試驗區基隆路55 號6 層B09 室","報導期間：2023 年01 月01 日至2023 年12 月31 日。 報導溫室氣體的類型，包括CO2、CH4、N2O 和HFCs。","5,032.3386","114051 台北市內湖區瑞光路 68 號 2 樓 114062 台北市內湖區瑞光路 188 巷37 號 114067 台北市內湖區陽光街 250 號 114664 台北市內湖區瑞光路 76 巷45 號 中國(上海)自由貿易試驗區基隆路55 號6 層B09 室","報導期間：2023 年01 月01 日至2023 年12 月31 日。 報導溫室氣體的類型，包括CO2、CH4、N2O 和HFCs。","9.4376"
"=""6568""","宏觀","N/A","N/A","N/A","N/A","N/A","N/A","N/A","N/A","N/A",""
"=""6569""","醫揚","31.6625","營運控制法","醫揚科技股份有限公司之集團組織邊界範圍內所有排放源","192.3380","營運控制法","醫揚科技股份有限公司之集團組織邊界範圍內所有排放源","9,239.5260","營運控制法","醫揚科技股份有限公司之集團組織邊界範圍內所有排放源","6.3391"
"=""6570""","維田","14.5850","僅母公司 組織邊界設定方法為「控制權法」。 該控制權法以「營運控制法」為準。","僅母公司_合理保證","269.1200","僅母公司 組織邊界設定方法為「控制權法」。 該控制權法以「營運控制法」為準。","僅母公司_合理保證","200.0820","僅母公司 組織邊界設定方法為「控制權法」。 該控制權法以「營運控制法」為準。","僅母公司_有限保證","2.2680"
"=""6574""","霈方","N/A","N/A","N/A","N/A","N/A","N/A","N/A","N/A","N/A",""
"=""6576""","逸達","1.8860","母公司","N/A","229.9310","母公司","N/A","N/A","N/A","N/A","1.1890"
"=""6577""","勁豐","76.0000","僅包含台北辦公室及桃園青埔廠。","僅包含台北辦公室及桃園青埔廠。","586.0643","僅包含台北辦公室及桃園青埔廠。","僅包含台北辦公室及桃園青埔廠。","122.9147","僅包含台北辦公室及桃園青埔廠。","僅包含台北辦公室及桃園青埔廠。","0.3105"
"=""6578""","達邦蛋白","1,600.0000","僅母公司","N/A","1,140.0000","僅母公司","N/A","N/A","N/A","N/A","7.1354"
"=""6584""","南俊國際","499.7895","僅母公司(雲科一、二及三廠)","N/A","3,293.8444","僅母公司(雲科一、二及三廠)","N/A","509.1040","僅母公司(雲科一、二及三廠)","N/A","3.1544"
"=""6588""","東典","197.9400","母公司","N/A","2,484.5000","母公司","N/A","N/A","N/A","N/A","24.8300"
"=""6589""","台康生技","1,093.3688","汐止總公司、竹北分公司及德國子公司","N/A","10,350.7997","汐止總公司、竹北分公司及德國子公司","N/A","2,402.4110","汐止總公司、竹北分公司及德國子公司","N/A","10.1181"
"=""6590""","普鴻","N/A","N/A","N/A","N/A","N/A","N/A","N/A","N/A","N/A",""
"=""6593""","台灣銘板","109.2956","林口廠+新莊廠=總和","林口廠+新莊廠","1,197.6338","林口廠+新莊廠=總和","林口廠+新莊廠","266.5667","林口廠+新莊廠=總和","林口廠+新莊廠","0.0020"
"=""6596""","寬宏藝術","N/A","N/A","N/A","N/A","N/A","N/A","N/A","N/A","N/A",""
"=""6603""","富強鑫","N/A","N/A","N/A","N/A","N/A","N/A","N/A","N/A","N/A",""
"=""6609""","瀧澤科","105.4828","台灣瀧澤科技股份有限公司(平鎮廠) 324 台灣桃園市平鎮區延平路三段505號","N/A","1,487.3846","台灣瀧澤科技股份有限公司(平鎮廠) 324 台灣桃園市平鎮區延平路三段505號","N/A","N/A","N/A","N/A",""
"=""6612""","奈米醫材","3.9396","母公司","N/A","373.1264","母公司","N/A","N/A","N/A","N/A","3.8873"
"=""6613""","朋億*","66.7647","母公司","母公司","84.5096","母公司","母公司","162.8048","母公司","母公司","0.0746"
"=""6615""","慧智","0.1914","僅母公司","N/A","297.4360","僅母公司","N/A","N/A","N/A","N/A","0.6470"
"=""6616""","特昇-KY","N/A","N/A","N/A","N/A","N/A","N/A","N/A","N/A","N/A",""
"=""6617""","共信-KY","N/A","N/A","N/A","N/A","N/A","N/A","N/A","N/A","N/A",""
"=""6624""","萬年清","N/A","N/A","N/A","N/A","N/A","N/A","N/A","N/A","N/A",""
"=""6629""","泰金-KY","603.7500","合併財務報表之母子公司","N/A","5,780.8700","合併財務報表之母子公司","N/A","N/A","N/A","N/A","53.8977"
"=""6637""","醫影","N/A","N/A","N/A","N/A","N/A","N/A","N/A","N/A","N/A",""
"=""6640""","均華","N/A","N/A","N/A","N/A","N/A","N/A","N/A","N/A","N/A",""
"=""6642""","富致","N/A","N/A","N/A","N/A","N/A","N/A","N/A","N/A","N/A",""
"=""6643""","M31","1,509.7777","母公司","母公司","1,541.0617","母公司","母公司","123.5701","母公司 ","母公司","1.8926"
"=""6649""","台生材","82.0648","本公司一樓","N/A","421.7574","本公司一樓","N/A","N/A","N/A","N/A","6.9170"
"=""6651""","全宇昕","19.8950","全宇昕科技","全宇昕科技","376.3976","全宇昕科技","全宇昕科技","369.3248","全宇昕科技","全宇昕科技","0.5690"
"=""6654""","天正國際","N/A","N/A","N/A","N/A","N/A","N/A","N/A","N/A","N/A",""
"=""6661""","威健生技","N/A","N/A","N/A","N/A","N/A","N/A","N/A","N/A","N/A",""
"=""6662""","樂斯科","N/A","N/A","N/A","1,166,525.0000","本公司","N/A","N/A","N/A","N/A",""
"=""6664""","群翊","301.1864","僅母公司","N/A","461.1554","僅母公司","N/A","161.1582","僅母公司","N/A","0.4010"
"=""6667""","信紘科","39.9588","母公司","母公司","679.3220","母公司","母公司","N/A","N/A","N/A","0.3107"
"=""6679""","鈺太","14.8858","僅母公司","N/A","108.5737","僅母公司","N/A","45.5643","僅母公司","N/A","0.0671"
"=""6680""","鑫創電子","0.3630","新北市中和區中正路738號2樓之3、4 倉庫：新北市中和區建一路166號2樓之2 組裝線：新北市中和區建一路166號10樓之2","N/A","85.4523","新北市中和區中正路738號2樓之3、4","N/A","18.4758","新北市中和區中正路738號2樓之3、4","N/A",""
"=""6683""","雍智科技","45.7080","母公司與中國大陸上海子公司上海芯埕有限公司","N/A","917.2315","母公司與中國大陸上海子公司上海芯埕有限公司","N/A","N/A","N/A","N/A","0.6828"
"=""6684""","安格","0.0311","2023年6月起台北辦公室搬遷至自南港辦公室，因為商辦大樓其水電費由大樓管理中心依坪數進行攤算，且展匯自2023年4月起成為安格子公司，故此數據為安格集團合併之排放量。","N/A","232.3402","2023年6月起台北辦公室搬遷至自南港辦公室，因為商辦大樓其水電費由大樓管理中心依坪數進行攤算，且展匯自2023年4月起成為安格子公司，故此數據為安格集團合併之排放量。","N/A","N/A","N/A","N/A",""
"=""6690""","安碁資訊","218.2400","含合併財務報表之母子公司 ","含合併財務報表之母子公司 ","710.3800","含合併財務報表之母子公司 ","含合併財務報表之母子公司 ","N/A","N/A","N/A","0.5034"
"=""6692""","進能服","151.4123","主要係以進能服母公司4個營運據點(台北、桃園、台中及高雄辦公室)與4個工務所為盤查邊界","N/A","143.2149","主要係以進能服母公司4個營運據點(台北、桃園、台中及高雄辦公室)與4個工務所為盤查邊界","N/A","N/A","N/A","N/A","0.1793"
"=""6693""","廣閎科","26.1926","母公司-新竹縣竹北市台元二街8號8樓、6號8樓之3","母公司-新竹縣竹北市台元二街8號8樓、6號8樓之3","288.0890","母公司-新竹縣竹北市台元二街8號8樓、6號8樓之3","母公司-新竹縣竹北市台元二街8號8樓、6號8樓之3","191.6319","母公司-新竹縣竹北市台元二街8號8樓、6號8樓之3","母公司-新竹縣竹北市台元二街8號8樓、6號8樓之3","0.5261"
"=""6697""","東捷資訊","44.9600","包含合併財務報表之母子公司","N/A","418.2200","包含合併財務報表之母子公司","N/A","N/A","N/A","N/A","0.3400"
"=""6703""","軒郁","0.0710","包含合併財務報表之母子公司","N/A","83.0710","包含合併財務報表之母子公司 ","N/A","131.3800","包含合併財務報表之母子公司","N/A","0.0280"
"=""6708""","天擎","N/A","N/A","N/A","N/A","N/A","N/A","N/A","N/A","N/A",""
"=""6712""","長聖","N/A","N/A","N/A","N/A","N/A","N/A","N/A","N/A","N/A",""
"=""6716""","應廣","N/A","N/A","N/A","112.0000","應廣科技新竹總公司","N/A","N/A","N/A","N/A","0.1059"
"=""6721""","信實","931.5234","本公司採營運控制權法鑑別組織範圍。集團母公司以及100%控股子公司，與合併財報範圍一致。","N/A","152.1416","本公司採營運控制權法鑑別組織範圍。集團母公司以及100%控股子公司，與合併財報範圍一致。","N/A","267.3774","本公司採營運控制權法鑑別組織範圍。集團母公司以及100%控股子公司，與合併財報範圍一致。","N/A","0.3633"
"=""6727""","亞泰金屬","N/A","N/A","N/A","N/A","N/A","N/A","N/A","N/A","N/A",""
"=""6728""","上洋","718.6968","合併財務報表之母子公司","N/A","5,084.0500","合併財務報表之母子公司","N/A","N/A","N/A","N/A","2.1232"
"=""6732""","昇佳電子","62.6589","昇佳電子(新竹總部)","昇佳電子(新竹總部)","376.2333","昇佳電子(新竹總部)","昇佳電子(新竹總部)","118.5166","昇佳電子(新竹總部)","昇佳電子(新竹總部)","0.0966"
"=""6733""","博晟生醫","N/A","N/A","N/A","N/A","N/A","N/A","N/A","N/A","N/A",""
"=""6735""","美達科技","N/A","N/A","N/A","N/A","N/A","N/A","N/A","N/A","N/A",""
"=""6741""","91APP*-KY","52.0250","本公司及台灣子公司","N/A","291.8920","本公司及台灣子公司","N/A","N/A","N/A","N/A",""
"=""6747""","亨泰光","0.1595","僅本公司五股工廠","N/A","839.0294","僅本公司五股工廠","N/A","149.4627","僅本公司五股工廠","N/A",""
"=""6751""","智聯服務","3.5300","含合併財務報表之母子公司 ","含合併財務報表之母子公司 ","73.6900","含合併財務報表之母子公司 ","含合併財務報表之母子公司 ","N/A","N/A","N/A","0.0444"
"=""6752""","叡揚","147.0363","母公司","N/A","312.5295","母公司","N/A","N/A","N/A","N/A","0.2890"
"=""6761""","穩得","26.5044","母公司","N/A","281.0191","母公司","N/A","N/A","N/A","N/A","0.2073"
"=""6762""","達亞","125.2680","本公司地理邊界為範圍，鑑別現有廠房為資料邊界, 112年因擴建新廠活動，112年排放量統計包含地理邊界內之南上廠及擴建之南山廠","N/A","1,615.9690","本公司地理邊界為範圍，鑑別現有廠房為資料邊界, 112年因擴建新廠活動，112年排放量統計包含地理邊界內之南上廠及擴建之南山廠","N/A","N/A","N/A","N/A","3.4274"
"=""6763""","綠界科技","N/A","N/A","N/A","43,538.2200","僅母公司","N/A","N/A","N/A","N/A","28.1071"
"=""6767""","台微醫","N/A","N/A","N/A","N/A","N/A","N/A","N/A","N/A","N/A",""
"=""6785""","昱展新藥","N/A","N/A","N/A","N/A","N/A","N/A","24.9740","本公司並無從事藥物生產製造業務，溫室氣體以台中辦公室及實驗室用電及用水產生之碳排放為主。 ","N/A",""
"=""6788""","華景電","85.6254","母公司","N/A","354.3282","母公司","N/A","N/A","N/A","N/A",""
"=""6791""","虎門科技","N/A","N/A","N/A","N/A","N/A","N/A","N/A","N/A","N/A",""
"=""6803""","崑鼎","0.0000","崑鼎公司(母公司)","崑鼎公司(母公司)","123.5984","崑鼎公司(母公司)","崑鼎公司(母公司)","215,377.9109","崑鼎公司(母公司組織總部員工通勤、能資源上游排放、投資:所有合併報表財務子公司。)","崑鼎公司(母公司組織總部員工通勤、能資源上游排放、投資:所有合併報表財務子公司。)","28.3500"
"=""6804""","明係","114.5464","僅母公司。","N/A","674.4880","僅母公司。","N/A","239.0520","僅母公司。","N/A","0.3057"
"=""6811""","宏碁資訊","1.8100","含合併財務報表之母子公司","含合併財務報表之母子公司","249.3500","含合併財務報表之母子公司","含合併財務報表之母子公司","N/A","N/A","N/A","0.0333"
"=""6821""","聯寶","37.2942","合併財務報表之母子公司","N/A","109.7667","合併財務報表之母子公司","N/A","7.9104","合併財務報表之母子公司","N/A","0.2922"
"=""6823""","濾能","89.3797","母公司","N/A","142.2899","母公司","N/A","147.7626","母公司","N/A","0.4905"
"=""6829""","千附精密","346.4950","千附精密公司","N/A","5,134.8532","千附精密公司","N/A","2,430.4600","千附精密公司","N/A","5.8600"
"=""6840""","東研信超","N/A","N/A","N/A","N/A","N/A","N/A","N/A","N/A","N/A",""
"=""6841""","長佳智能","N/A","N/A","N/A","N/A","N/A","N/A","N/A","N/A","N/A",""
"=""6843""","進典","61.6398","幼獅1~2廠","N/A","342.7570","幼獅1~2廠","N/A","N/A","N/A","N/A","0.4248"
"=""6844""","諾貝兒","N/A","N/A","N/A","N/A","N/A","N/A","N/A","N/A","N/A",""
"=""6846""","綠茵","50.9700","前述範疇一資料涵蓋範圍包含合併財務報表之母子公司","N/A","644.0700","前述範疇二資料涵蓋範圍包含合併財務報表之母子公司","N/A","N/A","N/A","N/A","0.8683"
"=""6855""","數泓科","N/A","N/A","N/A","N/A","N/A","N/A","N/A","N/A","N/A",""
"=""6856""","鑫傳","52.3988","母公司及合併財務報表之子公司(鑫傳、鑫祺、鑫隆、人誠、永敘)","母公司及合併財務報表之子公司(鑫傳、鑫祺、鑫隆、人誠、永敘)","334.8153","母公司及合併財務報表之子公司(鑫傳、鑫祺、鑫隆、人誠、永敘)","母公司及合併財務報表之子公司(鑫傳、鑫祺、鑫隆、人誠、永敘)","74.8972","母公司及合併財務報表之子公司(鑫傳、鑫祺、鑫隆、人誠、永敘)","母公司及合併財務報表之子公司(鑫傳、鑫祺、鑫隆、人誠、永敘)","0.9770"
"=""6859""","伯特光","N/A","N/A","N/A","N/A","N/A","N/A","N/A","N/A","N/A",""
"=""6865""","偉康科技","N/A","N/A","N/A","N/A","N/A","N/A","N/A","N/A","N/A",""
"=""6870""","騰雲","N/A","N/A","N/A","N/A","N/A","N/A","N/A","N/A","N/A",""
"=""6874""","倍力","3.1370","台北總公司及高雄分公司","N/A","58.6660","台北總公司及高雄分公司","N/A","N/A","N/A","N/A","0.0387"
"=""6875""","國邑*","N/A","N/A","N/A","117.3000","本公司並無從事藥物生產製造業務，溫室氣體以辦公室及實驗室用電及用水產生之碳排放為主。","N/A","N/A","N/A","N/A",""
"=""6877""","鏵友益","N/A","N/A","N/A","N/A","N/A","N/A","N/A","N/A","N/A",""
"=""6881""","潤德","19.3959","與本公司公告之財務報告範圍一致","N/A","73.7621","辦公室（不含工地）","N/A","N/A","N/A","N/A","0.0612"
"=""6894""","衛司特","N/A","N/A","N/A","N/A","N/A","N/A","N/A","N/A","N/A",""
"=""6895""","宏碩系統","N/A","N/A","N/A","N/A","N/A","N/A","N/A","N/A","N/A",""
"=""6899""","創為精密","314.3747","母公司","N/A","4,072.4652","母公司","N/A","6,519.1356","母公司","N/A","12.7406"
"=""6903""","巨漢","692.9946","僅母公司","N/A","48.2562","僅母公司","N/A","N/A","N/A","N/A","0.2584"
"=""6904""","伯鑫","439.7442","僅母公司","N/A","846.1989","僅母公司","N/A","N/A","N/A","N/A",""
"=""6922""","宸曜","39.8187","宸曜科技股份有限公司台北總部(新北市中和區中正路868-3號15樓等)、台中辦公室(台中市西區台灣大道二段186號6樓之2)","N/A","289.2339","宸曜科技股份有限公司台北總部(新北市中和區中正路868-3號15樓等)、台中辦公室(台中市西區台灣大道二段186號6樓之2)","N/A","N/A","N/A","N/A","0.3918"
"=""6929""","佑全","N/A","N/A","N/A","N/A","N/A","N/A","N/A","N/A","N/A",""
"=""6953""","家碩","N/A","N/A","N/A","N/A","N/A","N/A","N/A","N/A","N/A",""
"=""7402""","邑錡","54.8750","本公司(內湖、三重及安鴻辦公室)","N/A","55.5050","本公司(內湖、三重及安鴻辦公室)","N/A","N/A","N/A","N/A","0.2036"
"=""7556""","意德士科技","29.8362","合併公司之台北及新竹營運據點","N/A","459.0089","合併公司之台北及新竹營運據點","N/A","N/A","N/A","N/A","0.9464"
"=""8024""","佑華","N/A","N/A","N/A","N/A","N/A","N/A","N/A","N/A","N/A",""
"=""8027""","鈦昇","93.7432","僅母公司:橫山路61號、69號、69-8號","N/A","690.4349","僅母公司:橫山路61號、69號、69-8號","N/A","N/A","N/A","N/A","0.6795"
"=""8032""","光菱","468.8732","母公司(汐止/高雄/新竹/台中)","N/A","89.2579","母公司(汐止/高雄/新竹/台中)","N/A","N/A","N/A","N/A",""
"=""8034""","榮群","11.7000","新竹總公司","N/A","224.6000","新竹總公司","N/A","N/A","N/A","N/A","0.3500"
"=""8038""","長園科","N/A","N/A","N/A","N/A","N/A","N/A","N/A","N/A","N/A",""
"=""8040""","九暘","14.7120","新竹以及汐止辦公區域","N/A","357.9010","新竹以及汐止辦公區域","N/A","N/A","N/A","N/A","0.0570"
"=""8042""","金山電","540.0000","包含母公司及三個海外實體公司","N/A","13,926.4100","包含母公司及三個海外實體子公司","N/A","2,399.7500","包含母公司及三個海外實體子公司","N/A","4.5307"
"=""8043""","蜜望實","97.7600","僅母公司","N/A","141.1400","僅母公司","N/A","N/A","N/A","N/A","0.0300"
"=""8044""","網家","N/A","N/A","N/A","7,938.8200","母公司","N/A","N/A","N/A","N/A",""
"=""8047""","星雲","N/A","N/A","N/A","N/A","N/A","N/A","N/A","N/A","N/A",""
"=""8048""","德勝","N/A","N/A","N/A","288.5070","僅母公司","N/A","N/A","N/A","N/A","0.1610"
"=""8049""","晶采","12.0433","母公司","N/A","805.4868","母公司","N/A","N/A","N/A","N/A","0.3915"
"=""8050""","廣積","130.2209","母公司","N/A","3,604.3435","母公司","N/A","819.3619","母公司","N/A","0.9170"
"=""8054""","安國","N/A","N/A","N/A","N/A","N/A","N/A","N/A","N/A","N/A",""
"=""8059""","凱碩","15.6800","母公司","母公司","132.7200","母公司","母公司","N/A","N/A","N/A","0.2667"
"=""8064""","東捷","348.3548","僅母公司","僅母公司","2,358.5879","僅母公司","僅母公司","282.0705","僅母公司","僅母公司","1.8364"
"=""8066""","來思達","N/A","N/A","N/A","N/A","N/A","N/A","N/A","N/A","N/A",""
"=""8067""","志旭","N/A","N/A","N/A","97.1060","志旭國際辦公室及志旭日本辦公室用電排碳","N/A","283,209.0000","志旭國際人員汽車使用汽油排碳量","N/A",""
"=""8068""","全達","N/A","N/A","N/A","N/A","N/A","N/A","N/A","N/A","N/A",""
"=""8069""","元太","3,677.2235","母公司包含台灣地區新竹廠、林口廠；韓國地區辦事處;子公司包含美國廠區、揚州廠區及其他子公司","全球廠區","30,071.6461","母公司包含台灣地區新竹廠、林口廠；韓國地區辦事處;子公司包含美國廠區、揚州廠區及其他子公司","全球廠區","72,232.7000","母公司包含台灣地區新竹廠、林口廠；韓國地區辦事處;子公司包含美國廠區、揚州廠區及其他子公司","全球廠區","1.2400"
"=""8071""","能率網通","N/A","N/A","N/A","N/A","N/A","N/A","N/A","N/A","N/A",""
"=""8074""","鉅橡","N/A","N/A","N/A","N/A","N/A","N/A","N/A","N/A","N/A",""
"=""8076""","伍豐","21.0000","母公司","N/A","286.0000","母公司","N/A","N/A","N/A","N/A","0.1626"
"=""8077""","洛碁","N/A","N/A","N/A","N/A","N/A","N/A","N/A","N/A","N/A",""
"=""8080""","印鉐","N/A","N/A","N/A","N/A","N/A","N/A","N/A","N/A","N/A",""
"=""8083""","瑞穎","N/A","N/A","N/A","N/A","N/A","N/A","N/A","N/A","N/A",""
"=""8084""","巨虹","N/A","N/A","N/A","N/A","N/A","N/A","N/A","N/A","N/A",""
"=""8085""","福華","N/A","N/A","N/A","N/A","N/A","N/A","N/A","N/A","N/A",""
"=""8086""","宏捷科","46,277.1880","本公司之組織邊界設定採營運控制(權)，目前組織邊界之設定，以宏捷科技南科大利廠為主要組織邊界。","宏捷科技南科大利廠","18,785.0520","宏捷科技南科大利廠","宏捷科技南科大利廠","4,625.8348","宏捷科技南科大利廠","宏捷科技南科大利廠","0.0170"
"=""8087""","華鎂鑫","5.0916","麗升公司(母公司)","N/A","20.5432","麗升公司(母公司)","N/A","N/A","N/A","N/A",""
"=""8088""","品安","N/A","N/A","N/A","N/A","N/A","N/A","N/A","N/A","N/A",""
"=""8089""","康全電訊","N/A","N/A","N/A","N/A","N/A","N/A","N/A","N/A","N/A",""
"=""8091""","翔名","N/A","N/A","N/A","N/A","N/A","N/A","N/A","N/A","N/A",""
"=""8092""","建暐","N/A","N/A","N/A","N/A","N/A","N/A","N/A","N/A","N/A",""
"=""8093""","保銳","2.0000","僅母公司","僅母公司","0.2000","僅母公司","僅母公司","0.1000","僅母公司","僅母公司","0.0010"
"=""8096""","擎亞","N/A","N/A","N/A","N/A","N/A","N/A","N/A","N/A","N/A",""
"=""8097""","常珵","N/A","N/A","N/A","N/A","N/A","N/A","N/A","N/A","N/A",""
"=""8099""","大世科","154.7168","大世科與台灣子公司所屬各地辦公室。","N/A","1,011.4744","大世科與台灣子公司所屬各地辦公室。","N/A","226.7083","大世科與台灣子公司所屬各地辦公室。","N/A","0.3332"
"=""8107""","大億金茂","1.0838","母公司","N/A","406.0746","母公司","N/A","N/A","N/A","N/A",""
"=""8109""","博大","95.1359","僅母公司","N/A","1,186.5485","僅母公司","N/A","N/A","N/A","N/A",""
"=""8111""","立碁","180.0268","僅母公司","僅母公司 ","1,987.2634","僅母公司","僅母公司","88.7793","僅母公司","僅母公司","3.9900"
"=""8121""","越峰","3,549.0000","個體公司、昆山廠及廣州廠","N/A","44,200.0000","個體公司、昆山廠及廣州廠","N/A","1,325.3400","個體公司、昆山廠及廣州廠 (上游運輸及配送、員工通勤、下游運輸及配送)","N/A","18.7100"
"=""8147""","正淩","12.7387","母公司","母公司","2,121.2217","母公司","母公司","N/A","N/A","N/A","2.8472"
"=""8155""","博智","4,051.5350","本公司採用營運控制，邊界內所涵蓋之所有排放源，組織擁有100%溫室氣體排放移除之控制權。","本公司報告邊界範圍內產生之所有溫室氣體為盤查範圍。","21,019.2840","本公司採用營運控制，邊界內所涵蓋之所有排放源，組織擁有100%溫室氣體排放移除之控制權。","本公司報告邊界範圍內產生之所有溫室氣體為盤查範圍。","5,639.1294","本公司採用營運控制，邊界內所涵蓋之所有排放源，組織擁有100%溫室氣體排放移除之控制權。 ","本公司報告邊界範圍內產生之所有溫室氣體為盤查範圍。","8.6690"
"=""8171""","天宇","159.5827","組織邊界的各據點內所擁有的排放源，移動源包含公務車(汽油)、公務車(柴油)。 逸散源包含滅火器、工作時數(員工)、冷媒(冰水主機、冰箱、冷凍櫃、冷氣機、飲水機)、冷媒(冰箱、冷氣機、飲水機)、冷媒(冰水主機、冰箱、冷氣機、乾燥機、飲水機)。","N/A","236.8137","使用外購電力產生有關的間接溫室氣體排放。","N/A","N/A","N/A","N/A","0.4334"
"=""8176""","智捷","0.0000","母公司無生產及燃料源","N/A","89.5490","母公司電178,440度, 水1094度","N/A","0.0000","母公司無生產及燃料源","N/A","0.0000"
"=""8182""","加高","74.5997","母公司(高雄廠及台北辦公室)","母公司(高雄廠及台北辦公室)","5,486.5625","母公司(高雄廠及台北辦公室)","母公司(高雄廠及台北辦公室)","N/A","N/A","N/A","2.0530"
"=""8183""","精星","34.3387","本次組織邊界係設定於台灣精星科技股份有限公司的營運範圍所產生之溫室氣體排放。營運範圍登記住址為新竹縣湖口鄉鳳凰村實踐路12號，廠地面積為6628 m2，建築物面積為11137.94 m2","N/A","1,611.8537","本次組織邊界係設定於台灣精星科技股份有限公司的營運範圍所產生之溫室氣體排放。營運範圍登記住址為新竹縣湖口鄉鳳凰村實踐路12號，廠地面積為6628 m2，建築物面積為11137.94 m2","N/A","10.3556","本次組織邊界係設定於台灣精星科技股份有限公司的營運範圍所產生之溫室氣體排放。營運範圍登記住址為新竹縣湖口鄉鳳凰村實踐路12號，廠地面積為6628 m2，建築物面積為11137.94 m2","N/A","3.3930"
"=""8227""","巨有科技","13.7400","組織邊界：採營運權控制法，範圍為本個別公司，地點為台北市內湖區內湖路一段88號8樓、92號8樓之1、92號8樓及92號7樓。","N/A","256.6600","組織邊界：採營運權控制法，範圍為本個別公司，地點為台北市內湖區內湖路一段88號8樓、92號8樓之1、92號8樓及92號7樓。","N/A","N/A","N/A","N/A","0.2450"
"=""8234""","新漢","272.1796","母公司(含工廠)、宜蘭&高雄辦公室。 各子公司與三重&台中辦公室。","合理保證","3,876.5921","母公司(含工廠)、宜蘭&高雄辦公室。 各子公司與三重&台中辦公室。","合理保證","549.4184","母公司(含工廠)、宜蘭&高雄辦公室。 各子公司與三重&台中辦公室。","有限保證","0.8149"
"=""8240""","華宏","1,314.5090","母公司","母公司","8,470.2231","母公司","母公司","636,324.7288","母公司","母公司","2.6725"
"=""8255""","朋程","67,675.0000","母公司","母公司","15,110.0000","母公司","母公司","5,905.0000","母公司","母公司",""
"=""8277""","商丞","11.9330","包含合併財務報表之母子公司","N/A","296.3280","包含合併財務報表之母子公司","N/A","44.6780","包含合併財務報表之母子公司","N/A","1.1540"
"=""8279""","生展","2,396.7280","僅母公司","僅母公司","6,860.8438","僅母公司","僅母公司","2,049.5092","僅母公司","僅母公司","6.1500"
"=""8284""","三竹","3.0604","僅母公司","N/A","468.4980","僅母公司","N/A","N/A","N/A","N/A","0.1782"
"=""8289""","泰藝","274.0051","泰藝電子股份有限公司, 新北市樹林區樹潭街5號(以下稱工廠、廠內、公司等)","N/A","2,022.0534","泰藝電子股份有限公司, 新北市樹林區樹潭街5號","N/A","N/A","N/A","N/A",""
"=""8291""","尚茂","N/A","N/A","N/A","N/A","N/A","N/A","N/A","N/A","N/A",""
"=""8299""","群聯","228.3663","資料涵蓋範圍為群聯電子母公司所有廠房及租賃辦公室之使用，但扣除尚未正式營運滿一年、未使用之設施及據點及外包管理範圍。","資料涵蓋範圍為群聯電子母公司所有廠房及租賃辦公室之使用，但扣除尚未正式營運滿一年、未使用之設施及據點及外包管理範圍。","15,447.9343","資料涵蓋範圍為群聯電子母公司所有廠房及租賃辦公室之使用，但扣除尚未正式營運滿一年、未使用之設施及據點及外包管理範圍。","資料涵蓋範圍為群聯電子母公司所有廠房及租賃辦公室之使用，但扣除尚未正式營運滿一年、未使用之設施及據點及外包管理範圍。","4,905.0443","資料涵蓋範圍為群聯電子母公司所有廠房及租賃辦公室之使用，但扣除尚未正式營運滿一年、未使用之設施及據點及外包管理範圍。","資料涵蓋範圍為群聯電子母公司所有廠房及租賃辦公室之使用，但扣除尚未正式營運滿一年、未使用之設施及據點及外包管理範圍。","0.3250"
"=""8342""","益張","207.5815","僅母公司2022/1/1~2022/12/31","僅母公司2022/1/1~2022/12/31","2,038.4100","僅母公司2022/1/1~2022/12/31","僅母公司2022/1/1~2022/12/31","N/A","N/A","N/A","1.6135"
"=""8349""","恒耀國際","135.8600","本公司合併財務申報之母公司-涵蓋本公司於台灣的總公司(3F辦公室)、4樓辦公室、仁德廠、保安廠、勝利廠52號及勝利廠56號","確信涵蓋的場所及範圍如下： 本公司合併財務申報之母公司，涵蓋： (1) 本公司於台灣的總公司(3F辦公室)/範圍：辦公室作業 (2) 4樓辦公室/範圍：辦公室作業 (3) 仁德廠/範圍：OEM級汽車、工業用扣件及其他C類零件開發、設計與製造 (4) 保安廠/範圍：OEM級汽車、工業用扣件及其他C類零件開發、設計與製造 (5) 勝利廠52號/範圍：OEM級汽車、工業用扣件及其他C類零件開發、設計與製造 (6) 勝利廠56號/範圍：OEM級汽車、工業用扣件及其他C類零件開發、設計與製造","11,420.7283","本公司合併財務申報之母公司-涵蓋本公司於台灣的總公司(3F辦公室)、4樓辦公室、仁德廠、保安廠、勝利廠52號及勝利廠56號","確信涵蓋的場所及範圍如下： 本公司合併財務申報之母公司，涵蓋： (1) 本公司於台灣的總公司(3F辦公室)/範圍：辦公室作業 (2) 4樓辦公室/範圍：辦公室作業 (3) 仁德廠/範圍：OEM級汽車、工業用扣件及其他C類零件開發、設計與製造 (4) 保安廠/範圍：OEM級汽車、工業用扣件及其他C類零件開發、設計與製造 (5) 勝利廠52號/範圍：OEM級汽車、工業用扣件及其他C類零件開發、設計與製造 (6) 勝利廠56號/範圍：OEM級汽車、工業用扣件及其他C類零件開發、設計與製造","89,403.5152","本公司合併財務申報之母公司-涵蓋本公司於台灣的總公司(3F辦公室)、4樓辦公室、仁德廠、保安廠、勝利廠52號及勝利廠56號","確信涵蓋的場所及範圍如下： 本公司合併財務申報之母公司，涵蓋： (1) 本公司於台灣的總公司(3F辦公室)/範圍：辦公室作業 (2) 4樓辦公室/範圍：辦公室作業 (3) 仁德廠/範圍：OEM級汽車、工業用扣件及其他C類零件開發、設計與製造 (4) 保安廠/範圍：OEM級汽車、工業用扣件及其他C類零件開發、設計與製造 (5) 勝利廠52號/範圍：OEM級汽車、工業用扣件及其他C類零件開發、設計與製造 (6) 勝利廠56號/範圍：OEM級汽車、工業用扣件及其他C類零件開發、設計與製造","2.5568"
"=""8354""","冠好","N/A","N/A","N/A","N/A","N/A","N/A","N/A","N/A","N/A",""
"=""8358""","金居","3,129.6783","僅母公司.","僅母公司.","101,227.5076","僅母公司.","僅母公司.","N/A","N/A","N/A","16.9200"
"=""8383""","千附","318.9400","千附實業公司","N/A","636.2200","千附實業公司","N/A","N/A","N/A","N/A","0.7646"
"=""8390""","金益鼎","N/A","N/A","N/A","N/A","N/A","N/A","N/A","N/A","N/A",""
"=""8401""","白紗科","N/A","N/A","N/A","N/A","N/A","N/A","N/A","N/A","N/A",""
"=""8403""","盛弘","N/A","N/A","N/A","89.4000","母公司辦公室(桃園市桃園區經國路168號B2、B3、23F)、桃園市桃園區民生路107號","N/A","N/A","N/A","N/A","0.0386"
"=""8409""","商之器","161.9939","本公司及各分公司之營運據點","N/A","91.6085","本公司及各分公司之營運據點","N/A","N/A","N/A","N/A","11.4970"
"=""8410""","森田","5,743.1140","本公司","N/A","6,672.4787","本公司","N/A","7,911.8682","本公司","N/A","10.5300"
"=""8415""","大國鋼","23.2234"," 僅母公司","僅 母公司","12.6945","僅母公司"," 僅母公司","N/A","N/A","N/A","0.0042"
"=""8416""","實威","N/A","N/A","N/A","195.8402","以台灣母公司為主","N/A","N/A","N/A","N/A",""
"=""8421""","旭源","365.2096","旭源包裝科技股份有限公司-嘉義分公司 嘉義縣大林鎮大美里大埔美園區二路7號","旭源包裝科技股份有限公司-嘉義分公司 嘉義縣大林鎮大美里大埔美園區二路7號","3,329.9640","旭源包裝科技股份有限公司-嘉義分公司 嘉義縣大林鎮大美里大埔美園區二路7號","旭源包裝科技股份有限公司-嘉義分公司 嘉義縣大林鎮大美里大埔美園區二路7號","1,025.4023","旭源包裝科技股份有限公司-嘉義分公司 嘉義縣大林鎮大美里大埔美園區二路7號","旭源包裝科技股份有限公司-嘉義分公司 嘉義縣大林鎮大美里大埔美園區二路7號",""
"=""8423""","保綠-KY","443.8681","僅母公司","N/A","1,101.6770","僅母公司","N/A","N/A","N/A","N/A",""
"=""8424""","惠普","6,539.1506","惠普股份有限公司","惠普股份有限公司","7,434.3322","惠普股份有限公司","惠普股份有限公司","46,751.3920","惠普股份有限公司","惠普股份有限公司","14.6780"
"=""8426""","紅木-KY","N/A","N/A","N/A","N/A","N/A","N/A","N/A","N/A","N/A",""
"=""8431""","匯鑽科","204.7300","深圳廠區","深圳廠區","9,627.4000","深圳廠區","深圳廠區","N/A","N/A","N/A","10.6500"
"=""8432""","東生華","0.0009","僅母公司","N/A","56.0806","僅母公司","N/A","84.0120","僅母公司","N/A","0.1727"
"=""8433""","弘帆","N/A","N/A","N/A","N/A","N/A","N/A","N/A","N/A","N/A",""
"=""8435""","鉅邁","12.7200","僅母公司","N/A","141.3970","僅母公司","N/A","N/A","N/A","N/A","0.0336"
"=""8436""","大江","3,646.0000","大江生醫股份有限公司農科廠區及美膚廠區 登記地址為屏東縣長治鄉神農路12號、屏東縣長治鄉農科路21號","大江生醫股份有限公司農科廠區及美膚廠區 登記地址為屏東縣長治鄉神農路12號、屏東縣長治鄉農科路21號","9,669.0000","大江生醫股份有限公司農科廠區及美膚廠區 登記地址為屏東縣長治鄉神農路12號、屏東縣長治鄉農科路21號","大江生醫股份有限公司農科廠區及美膚廠區 登記地址為屏東縣長治鄉神農路12號、屏東縣長治鄉農科路21號","5,298.0000","大江生醫股份有限公司農科廠區及美膚廠區 登記地址為屏東縣長治鄉神農路12號、屏東縣長治鄉農科路21號","大江生醫股份有限公司農科廠區及美膚廠區 登記地址為屏東縣長治鄉神農路12號、屏東縣長治鄉農科路21號","1.6600"
"=""8437""","大地-KY","N/A","N/A","N/A","N/A","N/A","N/A","N/A","N/A","N/A",""
"=""8440""","綠電","275.9598","台北總公司，楊梅廠及楊梅二廠","N/A","863.3682","台北總公司，楊梅廠及楊梅二廠","N/A","1,737.3294","台北總公司，楊梅廠及楊梅二廠","N/A",""
"=""8444""","綠河-KY","6,996.1340","以子公司泰國GPT公司與GP公司為主","N/A","51,253.4900","以子公司泰國GPT公司與GP公司為主","N/A","N/A","N/A","N/A","12.5145"
"=""8446""","華研","167.0756","包含合併財務報表之母子公司","N/A","169.5707","包含合併財務報表之母子公司","N/A","N/A","N/A","N/A",""
"=""8450""","霹靂","21.2800","母公司","N/A","588.7200","母公司","N/A","N/A","N/A","N/A","3.8854"
"=""8455""","大拓-KY","N/A","N/A","N/A","N/A","N/A","N/A","N/A","N/A","N/A",""
"=""8472""","夠麻吉","N/A","N/A","N/A","N/A","N/A","N/A","N/A","N/A","N/A",""
"=""8477""","創業家","N/A","N/A","N/A","N/A","N/A","N/A","N/A","N/A","N/A",""
"=""8489""","三貝德","N/A","N/A","N/A","N/A","N/A","N/A","N/A","N/A","N/A",""
"=""8905""","裕國","9,014.8431","北區三廠、台中廠、南投廠、仁武廠","N/A","12,049.6974","北區三廠、台中廠、南投廠、仁武廠","N/A","N/A","N/A","N/A","7.4811"
"=""8906""","花王","230.6535","僅母公司","N/A","744.5200","僅母公司","N/A","114.5041","僅母公司","N/A",""
"=""8908""","欣雄","N/A","N/A","N/A","N/A","N/A","N/A","N/A","N/A","N/A",""
"=""8916""","光隆","3,153.5433","柴油、汽油、天然氣、稻殼柴、液化石油氣、冷媒、化糞池、CO2滅火器","總公司、中壢廠、宜蘭廠、上海辦公室、共隆廠、湄公一廠、湄公二廠、博興廠、泰德廠、大阪辦公室、首爾辦公室","7,207.2778","外購電力","總公司、中壢廠、宜蘭廠、上海辦公室、共隆廠、湄公一廠、湄公二廠、博興廠、泰德廠、大阪辦公室、首爾辦公室","12,740.6804","主料上游運輸、購買能源、購買主料、廢棄物處置","總公司、中壢廠、宜蘭廠、上海辦公室、共隆廠、湄公一廠、湄公二廠、博興廠、泰德廠、大阪辦公室、首爾辦公室","1.3441"
"=""8917""","欣泰","196.1708","五股、土城公司、員工宿舍及營業區域內整壓、配氣站等屬公司產權，所使用之各排放源","N/A","299.4804","五股、土城公司、員工宿舍及營業區域內整壓、配氣站等屬公司產權，所使用之能源間接排放","N/A","235.7614","五股、土城公司廢棄物處理及營業區域內其他間接排放(天然氣漏損)","N/A",""
"=""8921""","沈氏","728.5021","母公司","N/A","3,574.2065","母公司","N/A","1,034.7768","母公司","N/A","4,302.7086"
"=""8923""","時報","N/A","N/A","N/A","N/A","N/A","N/A","N/A","N/A","N/A",""
"=""8924""","大田","N/A","N/A","N/A","13,173.4942","包含合併財務報表之母子公司之全年度用電度數統計","N/A","N/A","N/A","N/A","3.0162"
"=""8927""","北基","130.3958","母公司(總部及各營運站點)","N/A","1,888.5229","母公司(總部及各營運站點)","N/A","N/A","N/A","N/A","0.2851"
"=""8928""","鉅明","N/A","N/A","N/A","6,652.3950","鉅明所有廠區","N/A","N/A","N/A","N/A","2.5618"
"=""8929""","富堡","208.5626","本次盤查組織邊界採用營運控制權法，公司邊界設定為： 桃園總部：桃園市蘆竹區南山路二段205巷14號。 北營所：台北市中正區忠孝東路2段130號2F之3 中營所：台中市中區光復路30號 高營所：高雄市新興區中正三路55號28樓A12","N/A","843.8339","本次盤查組織邊界採用營運控制權法，公司邊界設定為： 桃園總部：桃園市蘆竹區南山路二段205巷14號。 北營所：台北市中正區忠孝東路2段130號2F之3 中營所：台中市中區光復路30號 高營所：高雄市新興區中正三路55號28樓A12","N/A","N/A","N/A","N/A",""
"=""8930""","青鋼","68.7745","母公司","母公司","509.8756","母公司","母公司","114.2936","母公司","N/A","0.3789"
"=""8931""","大汽電","566,334.0000","全公司","全公司","4,046.0000","全公司","全公司","107,192.0000","全公司","全公司","245.7500"
"=""8932""","智通","16.9221","僅龍潭廠區","N/A","1,042.4388","僅龍潭廠區","N/A","N/A","N/A","N/A","2.7000"
"=""8933""","愛地雅","143.3145","僅母公司","N/A","677.3297","母公司","N/A","158.9179","母公司","N/A","0.4107"
"=""8935""","邦泰","206.8570","台中市潭子區豐興路二段龍興巷23-6號","N/A","1,493.9943","台中市潭子區豐興路二段龍興巷23-6號","N/A","113.7414","台中市潭子區豐興路二段龍興巷23-6號","N/A","3.9901"
"=""8936""","國統","2,650.3461","合併財務報表之母子公司","N/A","9,361.5513","合併財務報表之母子公司","N/A","2,515.4925","合併財務報表之母子公司","N/A","0.0068"
"=""8937""","合騏","N/A","N/A","N/A","N/A","N/A","N/A","N/A","N/A","N/A",""
"=""8938""","明安","4,256.4000","僅母公司","N/A","10,571.4600","僅母公司","N/A","N/A","N/A","N/A","1.0400"
"=""8941""","關中","6.0740","僅母公司","N/A","49.3910","僅母公司","N/A","N/A","N/A","N/A",""
"=""8942""","森鉅","279.2000","母公司:公司車之汽油;柴油等.","N/A","18,358.0000","母公司:外購電力(台電帳單)等.","N/A","N/A","N/A","N/A","3.3550"
"=""9949""","琉園","0.0000","僅母公司(臺灣地區之辦公室+倉庫)","N/A","38.0000","僅母公司(臺灣地區之辦公室+倉庫)","N/A","N/A","N/A","N/A","0.2676"
"=""9950""","萬國通","N/A","N/A","N/A","N/A","N/A","N/A","N/A","N/A","N/A",""
"=""9951""","皇田","237.9646","僅母公司","N/A","3,051.6712","僅母公司","N/A","519.7282","僅母公司","N/A","1.4334"
"=""9960""","邁達康","N/A","N/A","N/A","N/A","N/A","N/A","N/A","N/A","N/A",""
"=""9962""","有益","3,122.6841","母公司","母公司","1,572.6317","母公司","母公司","N/A","N/A","N/A","1.3420"