"報告年度:2023","議題:水資源管理"
"公司代號","公司名稱","用水量(公噸(t))-用水量(公噸(t))","資料範圍-資料範圍","用水密集度-密集度(公噸/單位)","用水密集度-單位","驗證標準-取得驗證"
"=""1240""","茂生農經","N/A","N/A","N/A","N/A","N/A"
"=""1259""","安心","961,489.1578","母公司","161.8653","公噸/百萬元營業額","N/A"
"=""1264""","德麥","9,566.0000","母公司","2.8878","公噸/百萬元營業額","N/A"
"=""1268""","漢來美食","482,438.0000","漢來美食全台各分公司及中央工廠","98.1000","公噸/百萬元營業額","N/A"
"=""1336""","台翰","65,612.0000","台灣總部、越南廠區、菲律賓廠區、東莞廠區","28.0000","公噸/百萬元營業額","N/A"
"=""1565""","精華","N/A","N/A","N/A","N/A","N/A"
"=""1569""","濱川","376,913.4500","母公司、蘇州濱川精密工業有限公司、蘇州豐川電子科技有限公司及重慶豐川電子科技有限公司","109.4100","公噸/百萬元營業額","N/A"
"=""1570""","力肯","4,759.0000","僅母公司","12.1051","公噸/百萬元營業額","N/A"
"=""1580""","新麥","1,514.0000","台北總公司、台中區及高雄區","N/A","N/A","N/A"
"=""1584""","精剛","48,432.9000","本廠、二廠、精煉廠","17.7500","公噸/百萬元營業額","N/A"
"=""1586""","和勤","N/A","N/A","N/A","N/A","N/A"
"=""1591""","駿吉-KY","N/A","N/A","N/A","N/A","N/A"
"=""1593""","祺驊","N/A","N/A","N/A","N/A","N/A"
"=""1595""","川寶","3,746.0000","僅母公司","N/A","N/A","N/A"
"=""1599""","宏佳騰","1.2386","本廠生活用水","N/A","N/A","N/A"
"=""1742""","台蠟","7,492.0000","母公司","61.0099","公噸/百萬元營業額","N/A"
"=""1777""","生泰","71.9600","2023.01.01~2023.12.31","0.1771","公噸/產品","N/A"
"=""1781""","合世","N/A","N/A","N/A","N/A","N/A"
"=""1784""","訊聯","8,116.0000","包含合併財務報表之母子公司","7.1995","公噸/百萬元營業額","N/A"
"=""1785""","光洋科","N/A","N/A","N/A","N/A","N/A"
"=""1788""","杏昌","N/A","N/A","N/A","N/A","N/A"
"=""1796""","金穎生技","172,766.0000","僅母公司新營廠及南科廠","217.9600","公噸/百萬元營業額","N/A"
"=""1799""","易威","450.0000","2023年本公司溫室氣體盤查報告書組織邊界設定參考 ISO 14064-1：2018 標準與世界永續發展協會/世界資源研究院 (WBCSD/WRI)溫室氣體盤查議定書之要求，以臺灣本土地理邊界為範圍，採用營運控制權法，對於本公司所管理或營運控制下的設施造成之溫室氣體排放量，組織將 100% 認列。組織排放邊界的設定，範圍涵蓋總公司〈新竹市科學園區研發二路 10 號 1 樓〉的直接與間接排放源進行鑑別。","1.6567","公噸/百萬元營業額","N/A"
"=""1813""","寶利徠","39,422.0000","母公司","2.1100","其他(公噸/每萬元營收)","N/A"
"=""1815""","富喬","637,400.5200","母公司","0.0127","公噸/產品","N/A"
"=""2035""","唐榮公司","513,658.0000","高雄市小港區沿海二路4號","3.4895","公噸/產品","N/A"
"=""2061""","風青","N/A","N/A","N/A","N/A","N/A"
"=""2063""","世鎧","20,944.0000","世鎧全廠","14.6604","公噸/百萬元營業額","N/A"
"=""2064""","晉椿","28,002.0000","母公司","0.0242","其他(公噸/千元營業額)","ISO 46001"
"=""2065""","世豐","80,723.0000","僅母公司","34.7404","公噸/百萬元營業額","N/A"
"=""2066""","世德","8,889.0000","台灣廠區","5.8946","公噸/百萬元營業額","N/A"
"=""2067""","嘉鋼","N/A","N/A","N/A","N/A","N/A"
"=""2070""","精湛","3,153.0000","母公司","6.9900","公噸/百萬元營業額","N/A"
"=""2073""","雄順","69,441.0000","本公司所轄之廠區，包括本廠(一廠及二廠)、三廠、六廠","134.3631","公噸/百萬元營業額","N/A"
"=""2221""","大甲","33,730.0000","僅母公司","45.5800","公噸/百萬元營業額","其他(ISO 14001)"
"=""2230""","泰茂","N/A","N/A","N/A","N/A","N/A"
"=""2235""","謚源","N/A","N/A","N/A","N/A","N/A"
"=""2596""","綠意","N/A","N/A","N/A","N/A","N/A"
"=""2640""","大車隊","5,906.0000","母公司","N/A","N/A","N/A"
"=""2641""","正德","62.0000","母公司+船舶","0.4637","公噸/百萬元營業額","N/A"
"=""2643""","捷迅","N/A","N/A","N/A","N/A","N/A"
"=""2718""","晶悅","N/A","N/A","N/A","N/A","N/A"
"=""2719""","燦星旅","N/A","N/A","N/A","N/A","N/A"
"=""2724""","藝舍-KY","N/A","N/A","N/A","N/A","N/A"
"=""2726""","雅茗-KY","N/A","N/A","N/A","N/A","N/A"
"=""2729""","瓦城","1,111,789.0000","總部、廠房及全台門店","194.4876","公噸/百萬元營業額","N/A"
"=""2732""","六角","66,862.0000","六角總部、所屬直營門市及中央廚房","50.5300","公噸/百萬元營業額","N/A"
"=""2734""","易飛網","N/A","N/A","N/A","N/A","N/A"
"=""2736""","富野","0.0000","尚於建置中","0.0000","其他","其他"
"=""2740""","天蔥","21,708.0236","包含合併財務報表之母子公司","132.6831","公噸/百萬元營業額","N/A"
"=""2743""","山富","N/A","N/A","N/A","N/A","N/A"
"=""2745""","五福","2,432.0000","高雄總公司及台北公司，人均用水量之平均值","9.9672","其他(資料範圍之員工人數)","N/A"
"=""2752""","豆府","N/A","N/A","N/A","N/A","N/A"
"=""2754""","亞洲藏壽司","416,828.0000","僅母公司","N/A","N/A","N/A"
"=""2755""","揚秦","35,524.2000","僅母公司","16.5056","公噸/百萬元營業額","N/A"
"=""2756""","聯發國際","N/A","N/A","N/A","N/A","N/A"
"=""2916""","滿心","N/A","N/A","N/A","N/A","N/A"
"=""2924""","宏太-KY","N/A","N/A","N/A","N/A","N/A"
"=""2926""","誠品生活","N/A","N/A","N/A","N/A","N/A"
"=""2937""","集雅社","14,264.7428","合併 ","3.2856","公噸/百萬元營業額","N/A"
"=""2941""","米斯特","N/A","N/A","N/A","N/A","N/A"
"=""2947""","振宇五金","N/A","N/A","N/A","N/A","N/A"
"=""2948""","寶陞","N/A","N/A","N/A","N/A","N/A"
"=""2949""","欣新網","N/A","N/A","N/A","N/A","N/A"
"=""3064""","泰偉","N/A","N/A","N/A","N/A","N/A"
"=""3066""","李洲","N/A","N/A","N/A","N/A","N/A"
"=""3067""","全域","N/A","N/A","N/A","N/A","N/A"
"=""3071""","協禧","38,888.8000","台灣總部(高雄市新光路38號34-35樓)、中國昆山廠(江蘇省昆山市張浦鎮江豐路133號)、中國增達廠(廣東省惠州市博羅縣上興三路7號)","16.2356","公噸/百萬元營業額","N/A"
"=""3073""","天方能源","N/A","N/A","N/A","N/A","N/A"
"=""3078""","僑威","154,672.0000","2023/1/1~12/31僑威總公司及廣州貴冠廠之請款單據","14.2031","公噸/百萬元營業額","N/A"
"=""3081""","聯亞","48,662.0000","本公司各廠區(一、二廠)","0.0402","公噸/產品","N/A"
"=""3083""","網龍","0.0910","母公司","0.0003","公噸/百萬元營業額","N/A"
"=""3085""","新零售","N/A","N/A","N/A","N/A","N/A"
"=""3086""","華義","1.6600","母公司及分公司","0.0310","公噸/產品","N/A"
"=""3088""","艾訊","10,603.0000","母公司","N/A","N/A","N/A"
"=""3093""","港建*","1,564.0000","母公司","N/A","N/A","N/A"
"=""3095""","及成","N/A","N/A","N/A","N/A","N/A"
"=""3105""","穩懋","918,342.0000","母公司","4.1900","公噸/產品","其他(ISO14001)"
"=""3114""","好德","942.0000","母公司","0.4239","公噸/百萬元營業額","N/A"
"=""3115""","富榮綱","N/A","N/A","N/A","N/A","N/A"
"=""3118""","進階","10,568.0000","本公司台北區域。","N/A","N/A","N/A"
"=""3122""","笙泉","1.6000","用水量統計","0.0043","公噸/百萬元營業額","N/A"
"=""3128""","昇銳","7,359.0000","包含合併報表內母子公司","N/A","N/A","N/A"
"=""3131""","弘塑","4,108.0000","僅母公司","N/A","N/A","N/A"
"=""3141""","晶宏","0.3930","母公司","0.0003","公噸/百萬元營業額","N/A"
"=""3147""","大綜","1,869.0000","總公司及各地辦事處","N/A","N/A","N/A"
"=""3152""","璟德","64,340.0000","個別財報全部廠區","43.2300","公噸/百萬元營業額","N/A"
"=""3162""","精確","257.0000","自來水","0.0715","公噸/百萬元營業額","N/A"
"=""3163""","波若威","N/A","N/A","N/A","N/A","N/A"
"=""3169""","亞信","1.9850","112年水費單據","N/A","N/A","N/A"
"=""3171""","新洲","67,847.0000","僅母公司","N/A","N/A","N/A"
"=""3176""","基亞","1,871.2100","母公司","N/A","N/A","N/A"
"=""3178""","公準","66,553.0000","母公司","44.2404","公噸/百萬元營業額","N/A"
"=""3188""","鑫龍騰","N/A","N/A","N/A","N/A","N/A"
"=""3191""","雲科","N/A","N/A","N/A","N/A","N/A"
"=""3202""","樺晟","N/A","N/A","N/A","N/A","N/A"
"=""3205""","佰研","N/A","N/A","N/A","N/A","N/A"
"=""3206""","志豐","43,535.0000","母公司-志豐電子股份有限公司 子公司-東莞志豐電子有限公司、蘇州百豐電子有限公司","32,577.0000","公噸/百萬元營業額","N/A"
"=""3207""","耀勝","N/A","N/A","N/A","N/A","N/A"
"=""3211""","順達","123.0210","大陸子公司","0.0034","公噸/產品","N/A"
"=""3213""","茂訊","2,169.0000","112年","N/A","N/A","N/A"
"=""3217""","優群","2,638.9100","母公司","0.0068","公噸/百萬元營業額","N/A"
"=""3218""","大學光","3,075.0000","母公司。","0.9600","公噸/百萬元營業額","N/A"
"=""3219""","倚強科","N/A","N/A","N/A","N/A","N/A"
"=""3221""","台嘉碩","48,954.0000","母公司","25.6644","公噸/百萬元營業額","N/A"
"=""3224""","三顧","923.0000","母公司","N/A","N/A","N/A"
"=""3226""","至寶電","N/A","N/A","N/A","N/A","N/A"
"=""3227""","原相","15,211.0000","母公司","28.6500","其他(人均/噸)","N/A"
"=""3228""","金麗科","2,475.5000","僅母公司(112/1~112/12)","N/A","N/A","N/A"
"=""3230""","錦明","N/A","N/A","N/A","N/A","N/A"
"=""3232""","昱捷","N/A","N/A","N/A","N/A","N/A"
"=""3234""","光環","N/A","N/A","113.6400","公噸/百萬元營業額","N/A"
"=""3236""","千如","41,260.0000","台灣楊梅一廠、台灣楊梅二廠、上海廠、廣州廠、馬來西亞廠","20.7100","公噸/百萬元營業額","N/A"
"=""3252""","海灣","N/A","N/A","N/A","N/A","N/A"
"=""3259""","鑫創","1,111.0000","母公司","4.0306","公噸/百萬元營業額","N/A"
"=""3260""","威剛","16,470.0000","台北總公司、中和一廠、中和二廠 ","0.4889","公噸/百萬元營業額","N/A"
"=""3264""","欣銓","384,125.0000","欣銓總部、子公司(新加坡、韓國、南京及全智科技)","27.1900","公噸/百萬元營業額","N/A"
"=""3265""","台星科","394,456.0000","包含合併財務報表之母子公司 ","107.5451","公噸/百萬元營業額","N/A"
"=""3268""","海德威","N/A","N/A","N/A","N/A","N/A"
"=""3272""","東碩","19,508.5000","東碩集團","6.4369","公噸/百萬元營業額","N/A"
"=""3276""","宇環","302,015.0000","子公司-志昱","234.1824","公噸/百萬元營業額","N/A"
"=""3284""","太普高","N/A","N/A","N/A","N/A","N/A"
"=""3285""","微端","1,169.0000","母公司","0.0016","公噸/百萬元營業額","N/A"
"=""3287""","廣寰科","N/A","N/A","N/A","N/A","N/A"
"=""3288""","點晶","34,939.0000","母公司","35.6215","公噸/百萬元營業額","N/A"
"=""3289""","宜特","68,974.0000","竹科一廠/竹科二廠/埔頂廠/德安廠/常憶廠/台元廠/台北內湖廠","20.1443","公噸/百萬元營業額","N/A"
"=""3290""","東浦","N/A","N/A","N/A","N/A","N/A"
"=""3293""","鈊象","15,365.0000","新北市五股區五工路130號","13.8299","其他(員工人數)","N/A"
"=""3294""","英濟","964.0000","母公司台灣民雄廠區","N/A","N/A","N/A"
"=""3297""","杭特","6,284.9100","包含合併財務報表之母子公司","38.7505","公噸/百萬元營業額","N/A"
"=""3303""","岱稜","44,775.0000","台灣台南所有廠區","0.1107","其他(度/千米平方面積)","N/A"
"=""3306""","鼎天","1,497.0000","鼎天國際股份有限公司","1.1596","公噸/百萬元營業額","N/A"
"=""3310""","佳穎","5,643.6067","佳穎精密-桃園市大園區和平西路2段110號 (僅母公司)","N/A","N/A","N/A"
"=""3313""","斐成","N/A","N/A","N/A","N/A","N/A"
"=""3317""","尼克森","1,773.1511","母公司","0.7195","公噸/百萬元營業額","N/A"
"=""3322""","建舜電","N/A","N/A","N/A","N/A","N/A"
"=""3323""","加百裕","8,697.0000","龍潭廠","1.2073","公噸/百萬元營業額","N/A"
"=""3324""","雙鴻","2,643.0000","涵蓋台北營運總部（母公司）","20.7903","公噸/百萬元營業額","N/A"
"=""3325""","旭品","145,327.0000","母子公司","N/A","N/A","N/A"
"=""3332""","幸康","7.4420","彰化福興廠","0.0053","公噸/百萬元營業額","N/A"
"=""3339""","泰谷","127,799.0000","母公司","127,799.0000","公噸/百萬元營業額","N/A"
"=""3349""","寶德","N/A","N/A","N/A","N/A","N/A"
"=""3354""","律勝","18,000.0000","母公司","0.1711","其他(千元營業額)","N/A"
"=""3357""","臺慶科","94,103.0000","母公司台灣廠","3.0400","公噸/百萬元營業額","N/A"
"=""3360""","尚立","N/A","N/A","N/A","N/A","N/A"
"=""3362""","先進光","25,052.0000","母公司,營運邊界","0.0063","公噸/百萬元營業額","N/A"
"=""3363""","上詮","7,978.1007","盤查範圍為：300新竹市東區展業二路18號 地下1樓、1樓、3樓、4樓、7樓 涵蓋時間為：2022年1月1日至2022年12月31日 此資料範圍已扣除租賃樓層用水量","4.9228","公噸/百萬元營業額","N/A"
"=""3372""","典範","351,196.0000","112年全年度","407.5700","公噸/百萬元營業額","N/A"
"=""3373""","熱映","1,885.0000","僅母公司","0.0281","其他(母公司僅生活用水，以月均人數計算。)","N/A"
"=""3374""","精材","910,012.0000","僅母公司","142.4817","公噸/百萬元營業額","N/A"
"=""3379""","彬台","N/A","N/A","N/A","N/A","N/A"
"=""3388""","崇越電","1,314.6700","台北辦公室","0.5043","公噸/百萬元營業額","N/A"
"=""3390""","旭軟","N/A","N/A","N/A","N/A","N/A"
"=""3402""","漢科","3.6600","僅母公司，資料來源為台灣自來水公司112年度用水量","N/A","N/A","N/A"
"=""3426""","台興","N/A","N/A","N/A","N/A","N/A"
"=""3430""","奇鈦科","37,668.0000","僅母公司","0.0084","其他(百萬公升/ 年度產量公噸)","N/A"
"=""3434""","哲固","1,816.0000","112年度","N/A","N/A","N/A"
"=""3438""","類比科","4,084.0000","個體公司","4.6409","公噸/百萬元營業額","N/A"
"=""3441""","聯一光電","606.0000","母公司","N/A","N/A","N/A"
"=""3444""","利機","N/A","N/A","N/A","N/A","N/A"
"=""3455""","由田","9,360.0000","自來水","N/A","N/A","N/A"
"=""3465""","進泰電子","63,366.0000","所有合併個體","51.3900","公噸/百萬元營業額","N/A"
"=""3466""","德晉","N/A","N/A","N/A","N/A","N/A"
"=""3479""","安勤","288.6000","台中營業據點","N/A","N/A","N/A"
"=""3483""","力致","N/A","N/A","N/A","N/A","N/A"
"=""3484""","崧騰","101.1310","母公司及合併財報子公司","N/A","N/A","N/A"
"=""3489""","森寶","2,571.0000","僅包含母公司數據","0.4540","其他(出租面積(平方米))","N/A"
"=""3490""","單井","1,096.0000","僅母公司","4.4193","公噸/百萬元營業額","N/A"
"=""3491""","昇達科","7,322.0000","母公司","9.9900","公噸/百萬元營業額","N/A"
"=""3492""","長盛","19,591.0000","包含合併財務報表之母子公司。","0.0271","其他(用水量(度)/每單位(千元)營收)","N/A"
"=""3498""","陽程","10.4990","僅母公司。","0.0087","公噸/百萬元營業額","N/A"
"=""3499""","環天科","N/A","N/A","N/A","N/A","N/A"
"=""3508""","位速","N/A","N/A","N/A","N/A","N/A"
"=""3511""","矽瑪","74,627.0000","母公司","N/A","N/A","N/A"
"=""3512""","皇龍","N/A","N/A","N/A","N/A","N/A"
"=""3516""","亞帝歐","N/A","N/A","N/A","N/A","N/A"
"=""3520""","華盈","9,346.1563","華盈集團","11.1753","公噸/百萬元營業額","N/A"
"=""3521""","鴻翊","N/A","N/A","N/A","N/A","N/A"
"=""3522""","御頂","100,301.3900","御頂全集團","136.6180","公噸/百萬元營業額","其他(ISO14064-1)"
"=""3523""","迎輝","N/A","N/A","N/A","N/A","N/A"
"=""3526""","凡甲","52,553.0000","包含合併財務報表之母子公司","1,034.5800","其他(kg/m2)","N/A"
"=""3527""","聚積","10,177.0000","僅母公司","5.7683","公噸/百萬元營業額","N/A"
"=""3529""","力旺","6,105.9907","母公司","2.0018","公噸/百萬元營業額","N/A"
"=""3531""","先益","4,708.0000","母公司","3.9629","公噸/百萬元營業額","N/A"
"=""3537""","堡達","N/A","N/A","N/A","N/A","N/A"
"=""3540""","曜越","N/A","N/A","N/A","N/A","N/A"
"=""3541""","西柏","N/A","N/A","N/A","N/A","N/A"
"=""3546""","宇峻","0.4845","母公司","0.0010","其他(公噸／人數)","N/A"
"=""3548""","兆利","70,937.7400","台灣廠區及大陸廠區","8.6299","公噸/百萬元營業額","N/A"
"=""3551""","世禾","N/A","N/A","52.9466","公噸/百萬元營業額","N/A"
"=""3552""","同致","6,950.0000","桃園廠","21.1000","其他","N/A"
"=""3555""","博士旺","N/A","N/A","N/A","N/A","N/A"
"=""3556""","禾瑞亞","N/A","N/A","N/A","N/A","N/A"
"=""3558""","神準","37,463.0000","母公司華亞廠","2.6027","公噸/百萬元營業額","N/A"
"=""3564""","其陽","N/A","N/A","N/A","N/A","N/A"
"=""3567""","逸昌","10,035.0000","全廠區","25.1181","公噸/百萬元營業額","N/A"
"=""3570""","大塚","N/A","N/A","N/A","N/A","N/A"
"=""3577""","泓格","6,814.0000","泓格總公司（自來水2,561公噸、地下水4,253公噸）","N/A","N/A","N/A"
"=""3580""","友威科","N/A","N/A","N/A","N/A","N/A"
"=""3581""","博磊","N/A","N/A","N/A","N/A","N/A"
"=""3587""","閎康","16,939.9592","閎康科技府份有限公司、閎康科技股份有限公司竹科分公司、閎康科技股份有限公司南科分公司","N/A","N/A","N/A"
"=""3594""","磐儀","N/A","N/A","N/A","N/A","N/A"
"=""3597""","映興","N/A","N/A","6.1280","公噸/百萬元營業額","N/A"
"=""3609""","三一東林","N/A","N/A","N/A","N/A","N/A"
"=""3611""","鼎翰","N/A","N/A","N/A","N/A","N/A"
"=""3615""","安可","72,260.0000","母公司","N/A","N/A","N/A"
"=""3623""","富晶通","71,393.0000","112年度","194.0000","公噸/百萬元營業額","N/A"
"=""3624""","光頡","393,419.0000","母公司","0.0380","公噸/產品","N/A"
"=""3625""","西勝","N/A","N/A","N/A","N/A","N/A"
"=""3628""","盈正","5,676.0000","台北高雄辦公室與屏東廠。","16.5000","其他(仟公升/人)","N/A"
"=""3629""","地心引力","N/A","N/A","N/A","N/A","N/A"
"=""3630""","新鉅科","51,225.0000","母公司","46.3039","公噸/百萬元營業額","N/A"
"=""3631""","晟楠","N/A","N/A","N/A","N/A","N/A"
"=""3632""","研勤","N/A","N/A","N/A","N/A","N/A"
"=""3646""","艾恩特","N/A","N/A","N/A","N/A","N/A"
"=""3663""","鑫科","11,873.0000","水號:75-480240680","31.2100","公噸/產品","N/A"
"=""3664""","安瑞-KY","N/A","N/A","N/A","N/A","N/A"
"=""3666""","光耀","N/A","N/A","N/A","N/A","N/A"
"=""3672""","康聯訊","N/A","N/A","N/A","N/A","N/A"
"=""3675""","德微","81,306.0000","包含合併財務報表之母子公司","0.3843","公噸/產品","N/A"
"=""3680""","家登","57,979.6694","家登精密工業股份有限公司總公司、樹谷廠、南科廠、復興廠","0.0166","公噸/百萬元營業額","N/A"
"=""3684""","榮昌","1,509.0000","榮昌科技股份有限公司","2.0267","公噸/百萬元營業額","N/A"
"=""3685""","元創精密","22,665.0000","合併財務報表之母子公司","14.9219","其他(公噸/仟元營業額)","N/A"
"=""3687""","歐買尬","588.0000","僅母公司","N/A","N/A","N/A"
"=""3689""","湧德","8,938.0000","總公司","N/A","N/A","N/A"
"=""3691""","碩禾","17,123.0000","僅母公司(本公司新豐廠及湖口廠)","N/A","N/A","N/A"
"=""3693""","營邦","12,142.5000","母公司","1.5992","公噸/百萬元營業額","N/A"
"=""3707""","漢磊","784,200.0000","母公司","248.3000","公噸/百萬元營業額","N/A"
"=""3709""","鑫聯大投控","N/A","N/A","N/A","N/A","N/A"
"=""3710""","連展投控","459.1017","投控/連展/連訊/連騰(含廠區深圳/天津/昆山/天鑫/江西)","0.0998","公噸/百萬元營業額","N/A"
"=""3713""","新晶投控","N/A","N/A","N/A","N/A","N/A"
"=""4102""","永日","22,417.0000","僅母公司","47.1720","公噸/百萬元營業額","N/A"
"=""4105""","東洋","153,435.0000","六堵廠、中壢廠與內湖廠、製劑研發中心共四個主要營運據點","0.0223","其他(百萬公升/百萬元營業額)","N/A"
"=""4107""","邦特","36,015.0000","2023宜蘭廠自行盤查時間範圍111/12/21~112/12/20  ","18.5262","公噸/百萬元營業額","N/A"
"=""4109""","加捷生醫","8,443.0000","全廠區","N/A","N/A","N/A"
"=""4111""","濟生","173,535.0000","總公司","163.5580","公噸/百萬元營業額","N/A"
"=""4113""","聯上","N/A","N/A","N/A","N/A","N/A"
"=""4114""","健喬","165,991.0000","包含健喬總公司、健喬廠、健康廠、七星廠、優良廠，取水量用途包含製程自來水用量、包裝用水、辦公室行政用水。","32.2909","公噸/百萬元營業額","N/A"
"=""4116""","明基醫","8,809.0000","明基醫內湖總公司、龜山廠、臺中廠","20.3665","公噸/百萬元營業額","N/A"
"=""4120""","友華","N/A","N/A","N/A","N/A","N/A"
"=""4121""","優盛","9,874.0000","台北總公司及大陸廠區","N/A","N/A","N/A"
"=""4123""","晟德","49,654.0000","本公司台北總部以及新竹廠區。","N/A","N/A","N/A"
"=""4126""","太醫","64,039.0000","銅科廠","27.6005","公噸/百萬元營業額","N/A"
"=""4127""","天良","N/A","N/A","N/A","N/A","N/A"
"=""4128""","中天","30,557.0000","合併報表之母子公司（未包含南港辦公室及部份棉花田門市, 因大樓管理單位無法提供用水資料或水費已含於租金中無法拆分，無法納入統計)","18.1185","公噸/百萬元營業額","N/A"
"=""4129""","聯合","32,843.0000","全公司","12.9272","公噸/百萬元營業額","N/A"
"=""4130""","健亞","N/A","N/A","N/A","N/A","N/A"
"=""4131""","浩泰","N/A","N/A","N/A","N/A","N/A"
"=""4138""","曜亞","N/A","N/A","N/A","N/A","N/A"
"=""4139""","馬光-KY","N/A","N/A","N/A","N/A","N/A"
"=""4147""","中裕","17,951.0000","中裕新藥竹北廠","N/A","N/A","N/A"
"=""4153""","鈺緯","N/A","N/A","N/A","N/A","N/A"
"=""4154""","樂威科-KY","N/A","N/A","N/A","N/A","N/A"
"=""4157""","太景*-KY","N/A","N/A","N/A","N/A","N/A"
"=""4160""","訊聯基因","3,733.0000","包含合併財務報表之母子公司","6.3004","公噸/百萬元營業額","N/A"
"=""4161""","聿新科","10,701.0000","總公司與新竹科學園區新竹分公司","12.9160","公噸/百萬元營業額","N/A"
"=""4162""","智擎","971.4400","全公司","N/A","N/A","N/A"
"=""4163""","鐿鈦","60,135.0000","精科廠、35路廠、中科后里廠","24.6000","公噸/百萬元營業額","N/A"
"=""4167""","松瑞藥","85,550.0000","竹南廠、南科廠與南科針劑廠","8.0300","公噸/百萬元營業額","N/A"
"=""4168""","醣聯","N/A","N/A","N/A","N/A","N/A"
"=""4171""","瑞基","2,588.0000","2023年度","11.4787","公噸/百萬元營業額","N/A"
"=""4173""","久裕","N/A","N/A","N/A","N/A","N/A"
"=""4174""","浩鼎","N/A","N/A","N/A","N/A","N/A"
"=""4175""","杏一","19,262.0000","用水量為總公司、全國各門市及物流總倉之總和。","N/A","N/A","N/A"
"=""4183""","福永生技","5,142.0000","母公司","N/A","N/A","N/A"
"=""4188""","安克","417.8900","台北公司及楊梅工廠","N/A","N/A","N/A"
"=""4192""","杏國","N/A","N/A","N/A","N/A","N/A"
"=""4198""","欣大健康","N/A","N/A","N/A","N/A","N/A"
"=""4205""","中華食","608,397.0000","高雄廠、屏東廠、台中營業所、台北營業所","311.3598","公噸/百萬元營業額","N/A"
"=""4207""","環泰","458,961.0000","台灣地區 桃園&彰化廠","241.6856","公噸/百萬元營業額","N/A"
"=""4303""","信立","6.5550","母公司","0.0405","公噸/百萬元營業額","N/A"
"=""4304""","勝昱","N/A","N/A","N/A","N/A","N/A"
"=""4305""","世坤","13,847.0000","母公司","14.7100","公噸/百萬元營業額","N/A"
"=""4401""","東隆興","683,822.0000","母公司","0.2627","其他(公噸/千元營業額)","其他( ISO14001)"
"=""4402""","福大","268.0000","僅母公司","N/A","N/A","N/A"
"=""4406""","新昕纖","N/A","N/A","N/A","N/A","N/A"
"=""4413""","飛寶企業","N/A","N/A","N/A","N/A","N/A"
"=""4416""","三圓","N/A","N/A","N/A","N/A","N/A"
"=""4417""","金洲","23,670.0000","母公司","0.0100","公噸/百萬元營業額","N/A"
"=""4419""","元勝","68,023.0000","包含合併財報之子母公司","171.7848","公噸/百萬元營業額","N/A"
"=""4420""","光明","24,810.0000","光明絲織廠股份有限公司龜山廠(桃園市龜山區宏洲街29號)","36.0087","公噸/百萬元營業額","N/A"
"=""4430""","耀億","3,813.0000","2023/01/01-2023/12/31 ","N/A","N/A","N/A"
"=""4432""","銘旺實","N/A","N/A","N/A","N/A","N/A"
"=""4433""","興采","N/A","N/A","N/A","N/A","N/A"
"=""4442""","竣邦-KY","N/A","N/A","N/A","N/A","N/A"
"=""4502""","健信","N/A","N/A","N/A","N/A","N/A"
"=""4503""","金雨","3,426.0000","母公司","12.6400","公噸/百萬元營業額","N/A"
"=""4506""","崇友","3,201.0000","本公司楊梅廠","0.6177","公噸/百萬元營業額","N/A"
"=""4510""","高鋒","N/A","N/A","N/A","N/A","N/A"
"=""4513""","福裕","452.0000","母公司","N/A","N/A","N/A"
"=""4523""","永彰","14,334.6000","母公司","24.6718","公噸/百萬元營業額","N/A"
"=""4527""","方方土霖","5,223.0000","僅母公司","3.2583","公噸/百萬元營業額","N/A"
"=""4528""","江興鍛","137,984.0000","112年","N/A","N/A","N/A"
"=""4529""","淳紳","N/A","N/A","N/A","N/A","N/A"
"=""4530""","宏易","9,018.5000","母公司(就醬子烤吧)","72.9995","公噸/百萬元營業額","N/A"
"=""4533""","協易機","15,197.0000","僅母公司。","10.1600","公噸/百萬元營業額","N/A"
"=""4534""","慶騰","N/A","N/A","N/A","N/A","N/A"
"=""4535""","至興","129,854.0000","台灣營運據點","104.6500","公噸/百萬元營業額","N/A"
"=""4538""","大詠城","1,552.0000","112年","N/A","N/A","N/A"
"=""4541""","晟田","86,386.0000","本公司(個別公司)","72.0040","公噸/百萬元營業額","N/A"
"=""4542""","科嶠","N/A","N/A","N/A","N/A","N/A"
"=""4543""","萬在","23,563.0000","母公司","0.0282","其他(公噸/千元營業額)","N/A"
"=""4549""","桓達","6,017.0000","本公司總部、土城廠以及宜蘭廠","6.4629","公噸/百萬元營業額","N/A"
"=""4550""","長佳","N/A","N/A","N/A","N/A","N/A"
"=""4554""","橙的","N/A","N/A","N/A","N/A","N/A"
"=""4556""","旭然","N/A","N/A","N/A","N/A","N/A"
"=""4558""","寶緯","N/A","N/A","N/A","N/A","N/A"
"=""4561""","健椿","12,908.0000","彰化縣線西鄉彰濱東七路16號、彰化縣線西鄉線工路3號","N/A","N/A","N/A"
"=""4563""","百德","2,954.0000","母公司","2.2535","公噸/百萬元營業額","N/A"
"=""4568""","科際精密","51,008.0000","包含合併財務報表之母子公司","48.9000","公噸/百萬元營業額","N/A"
"=""4577""","達航科技","25,778.0000","112年達航個體資料","N/A","N/A","N/A"
"=""4580""","捷流閥業","2,022.2580","捷流公司土城廠","0.0008","公噸/產品","N/A"
"=""4584""","君帆","12,255.0000","母公司","35.3701","公噸/百萬元營業額","N/A"
"=""4609""","唐鋒","N/A","N/A","N/A","N/A","N/A"
"=""4702""","中美實","1,152.0000","僅母公司","2.2500","公噸/百萬元營業額","N/A"
"=""4706""","大恭","29,273.0000","僅母公司【自來水】","7.1942","公噸/產品","N/A"
"=""4707""","磐亞","80,040.0000","僅本公司","3.0322","公噸/產品","N/A"
"=""4711""","永純","9,373.5185","永純化工個體公司","14.4188","公噸/百萬元營業額","N/A"
"=""4714""","永捷","11.5465","包含子公司","0.0690","公噸/百萬元營業額","N/A"
"=""4716""","大立","10,830.0000","大立高分子工業股份有限公司永安廠區","1.6200","公噸/產品","N/A"
"=""4721""","美琪瑪","104,175.0000","7.	母公司","11.0800","公噸/產品","其他(3.	確信準則3000號)"
"=""4726""","永昕","45,370.0000","目前統計範圍為本公司位於竹南GMP一廠及二廠","N/A","N/A","N/A"
"=""4728""","雙美","57,837.0000","全公司","N/A","N/A","N/A"
"=""4729""","熒茂","60,749.0000","2023/2~2024/2","N/A","N/A","N/A"
"=""4735""","豪展","19,890.0000","海外子公司","23.0000","公噸/百萬元營業額","N/A"
"=""4741""","泓瀚","10.1330","112/1/1~112/12/31","0.0086","其他(公噸/產量)","N/A"
"=""4743""","合一","18,249.0000","母公司（未包含南港辦公室, 因大樓管理單位無法提供用水資料無法納入統計)	。子公司棉花田有機農場取用地下水，未統計用水量。 ","251.4918","公噸/百萬元營業額","N/A"
"=""4744""","皇將","N/A","N/A","N/A","N/A","N/A"
"=""4745""","合富-KY","N/A","N/A","N/A","N/A","N/A"
"=""4747""","強生製藥","13,182.0000","母公司","N/A","N/A","N/A"
"=""4754""","國碳科","N/A","N/A","N/A","N/A","N/A"
"=""4760""","勤凱科技","4,557.0000","自來水112年度繳費單","N/A","N/A","N/A"
"=""4767""","誠泰科技","2,447.0000","高科廠和路竹廠","0.0270","其他(公噸/人均)","N/A"
"=""4768""","晶呈科技","1,380.0000","晶呈科技(母公司)竹南一廠","N/A","N/A","其他(確信準則3000號)"
"=""4804""","大略-KY","N/A","N/A","N/A","N/A","N/A"
"=""4806""","昇華","N/A","N/A","N/A","N/A","N/A"
"=""4903""","聯光通","5,581.0000","202301~202312","995.6783","公噸/產品","N/A"
"=""4905""","台聯電","1,751.0000","包含合併財務報表之母子公司","15.2740","公噸/百萬元營業額","N/A"
"=""4907""","富宇","N/A","N/A","N/A","N/A","N/A"
"=""4908""","前鼎","11,951.0000","本公司新竹廠區(本公司無子公司，僅有新竹廠)","12.7000","公噸/百萬元營業額","N/A"
"=""4909""","新復興","117,249.0000","台灣新屋廠區","N/A","N/A","N/A"
"=""4911""","德英","7,347.0000","自來水單據","N/A","N/A","N/A"
"=""4923""","力士","N/A","N/A","N/A","N/A","N/A"
"=""4924""","欣厚-KY","N/A","N/A","N/A","N/A","N/A"
"=""4931""","新盛力","13,996.5714","僅母公司","N/A","N/A","N/A"
"=""4933""","友輝","76,203.0000","桃園總公司+竹南分公司","6.0275","公噸/百萬元營業額","N/A"
"=""4939""","亞電","N/A","N/A","N/A","N/A","N/A"
"=""4945""","陞達科技","698.4909","本公司所屬辦公室係租賃單一樓層之其中一戶，然大樓之各樓層皆無獨立水錶，僅限於整棟單一水錶之用水總量資訊。本資料來源為公司所屬大樓112年份台北自來水事業處繳費憑證之”總用水度數”之加總，本次計算係採 : 用水量=大樓用水總量*公司所屬樓層面積與大樓總樓層面積之佔比。","1.6546","公噸/百萬元營業額","N/A"
"=""4946""","辣椒","N/A","N/A","N/A","N/A","N/A"
"=""4951""","精拓科","8,482.6385","母公司及合併財報子公司","20.7617","公噸/百萬元營業額","N/A"
"=""4953""","緯軟","5,452.0000","範圍涵蓋所有母子公司","0.6167","公噸/百萬元營業額","N/A"
"=""4966""","譜瑞-KY","6,320.0000","譜瑞(美國)總部、譜瑞(上海)、譜瑞(南京)、譜瑞(重慶) 及本公司台灣分公司等主要辦公室。","N/A","N/A","N/A"
"=""4971""","IET-KY","8,707.0160","重要子公司IET-US所有廠區營運之用水量","N/A","N/A","N/A"
"=""4972""","湯石照明","47.1830","集團各公司","0.0581","公噸/百萬元營業額","N/A"
"=""4973""","廣穎電通","5,733.0000","母公司","N/A","N/A","N/A"
"=""4974""","亞泰","59,506.0000","深圳亞泰","16.8140","公噸/百萬元營業額","N/A"
"=""4979""","華星光","35,368.0000","母公司","11.9628","公噸/百萬元營業額","N/A"
"=""4987""","科誠","154.0000","僅母公司","0.2036","公噸/百萬元營業額","N/A"
"=""4991""","環宇-KY","N/A","N/A","N/A","N/A","N/A"
"=""4995""","晶達","5,688.0000","母公司","N/A","N/A","N/A"
"=""5009""","榮剛","306.0000","母公司,排除租賃資產","0.0036","公噸/產品","N/A"
"=""5011""","久陽","29,753.0000","母公司","0.0006","公噸/百萬元營業額","N/A"
"=""5013""","強新","208,731.0000","母公司","2.0676","公噸/產品","N/A"
"=""5014""","建錩","N/A","N/A","N/A","N/A","N/A"
"=""5015""","華祺","N/A","N/A","N/A","N/A","N/A"
"=""5016""","松和","N/A","N/A","N/A","N/A","N/A"
"=""5201""","凱衛","1,812,000.0000","臺北市松山區光復北路11巷29號2樓 ","7,970.0000","公噸/百萬元營業額","N/A"
"=""5202""","力新","612.7420","台北辦公室及新竹研發中心","N/A","N/A","N/A"
"=""5205""","中茂","N/A","N/A","N/A","N/A","N/A"
"=""5206""","坤悅","N/A","N/A","N/A","N/A","N/A"
"=""5209""","新鼎","1,779.0000","台北總公司/高雄分公司(橋頭及楠梓兩地辦公室) ","1.0928","公噸/百萬元營業額","N/A"
"=""5210""","寶碩","N/A","N/A","N/A","N/A","N/A"
"=""5211""","蒙恬","N/A","N/A","N/A","N/A","N/A"
"=""5212""","凌網","N/A","N/A","N/A","N/A","N/A"
"=""5213""","亞昕","N/A","N/A","N/A","N/A","N/A"
"=""5220""","萬達光電","53,867.0000","母公司","69.2521","公噸/百萬元營業額","N/A"
"=""5227""","立凱-KY","46,585.0000","子公司台灣立凱電能科技股份有限公司","N/A","N/A","N/A"
"=""5228""","鈺鎧","42,098.0000","112年全年度","95.2400","公噸/百萬元營業額","N/A"
"=""5230""","雷笛克光學","N/A","N/A","N/A","N/A","N/A"
"=""5236""","凌陽創新","13,097.0270","母公司(本公司尚無子公司)","7.9400","公噸/百萬元營業額","N/A"
"=""5245""","智晶","123,578.0000","母公司","139.4786","公噸/百萬元營業額","N/A"
"=""5251""","天鉞電","N/A","N/A","N/A","N/A","N/A"
"=""5263""","智崴","10.5930","註 1：資料範疇包含智崴高雄總部及製造中心(桃園廠)；台北辦公室之數據資料蒐集不易，故未揭露相關數據。 註2：取水來源為地表水(雨水)及第三方的水(自來水，即為臺灣自來水公司供應的淡水≤1,000 mg/L 總溶解固體)，並無取自地下水及海水。 註3：排水依終點區分雨水回收用於植栽灌溉，排放至地表；自來水用於生活用水，使用後經由污水下水道排放至園區或工業區廢水處理廠。 註4：本公司組織之地表水項目為雨水，雨水收集量係透過屋頂樓面積與氣象局公告年均降雨量進行推估計算。 註5：取水量、排水量及耗水量皆非位於具水資源壓力的地區；本表資料透過世界資源研究所的「渡槽水風險地圖集」或世界自然基金會 (WWF) 的「水風險過濾器」進行水資源壓力地區測試評估。","0.0391","其他(百萬公升 / 人 )","N/A"
"=""5272""","笙科","N/A","N/A","N/A","N/A","N/A"
"=""5274""","信驊","2,579.0000","新竹總部與台北辦事處","301.2500","公噸/產品","N/A"
"=""5276""","達輝-KY","N/A","N/A","N/A","N/A","N/A"
"=""5278""","尚凡","N/A","N/A","N/A","N/A","N/A"
"=""5287""","數字","N/A","N/A","N/A","N/A","N/A"
"=""5289""","宜鼎","13,312.0000","僅母公司","1.6000","公噸/百萬元營業額","N/A"
"=""5291""","邑昇","N/A","N/A","0.3333","公噸/產品","N/A"
"=""5299""","杰力","1,159.0000","母公司","0.6687","公噸/百萬元營業額","其他(ISO14064-3)"
"=""5301""","寶得利","N/A","N/A","N/A","N/A","N/A"
"=""5302""","太欣","N/A","N/A","N/A","N/A","N/A"
"=""5309""","系統電","14,140.0000","包含母公司及子公司電統能源、鎮江廠及惠州廠","4.3127","公噸/百萬元營業額","N/A"
"=""5310""","天剛","N/A","N/A","N/A","N/A","N/A"
"=""5312""","寶島科","N/A","N/A","N/A","N/A","N/A"
"=""5314""","世紀","N/A","N/A","N/A","N/A","N/A"
"=""5315""","光聯","118,703.0000","母公司","76.2382","公噸/百萬元營業額","N/A"
"=""5321""","美而快","N/A","N/A","N/A","N/A","N/A"
"=""5324""","士開","1.4500","母公司營運總部","0.0350","公噸/百萬元營業額","N/A"
"=""5328""","華容","N/A","N/A","N/A","N/A","N/A"
"=""5340""","建榮","175,520.0000","母公司(楊梅廠)","142.4505","公噸/百萬元營業額","N/A"
"=""5344""","立衛","N/A","N/A","N/A","N/A","N/A"
"=""5345""","天揚","N/A","N/A","N/A","N/A","N/A"
"=""5347""","世界","7,743,665.0000","各廠2023用水平衡圖(R8版)","9.0300","其他(單位晶圓面積耗水量（公升／平方公分）)","ISO 46001"
"=""5348""","正能量智能","N/A","N/A","N/A","N/A","N/A"
"=""5351""","鈺創","66,811.0000","所有廠區","25.0983","公噸/百萬元營業額","N/A"
"=""5353""","台林","34,993.0000","2023年","N/A","N/A","ISO 46001"
"=""5355""","佳總","154,049.0000","桃園市桃園區興邦路39之2號、39之4號及41之1號","310.2218","公噸/百萬元營業額","N/A"
"=""5356""","協益","28,737.0000","2023/1/1~2023/12/31","18.9510","公噸/百萬元營業額","N/A"
"=""5364""","力麗店","39,158.0000","力麗觀光日潭館、月潭館及花蓮館與子公司力麗明池飯店棲蘭及明池等五個營業場所","N/A","N/A","N/A"
"=""5371""","中光電","69,405.0000","台灣廠區及台灣子公司","2.6000","公噸/百萬元營業額","其他(14064-1)"
"=""5381""","合正","N/A","N/A","N/A","N/A","N/A"
"=""5386""","青雲","N/A","N/A","N/A","N/A","N/A"
"=""5392""","能率","279.9900","母公司","0.0297","公噸/百萬元營業額","N/A"
"=""5398""","慕康生醫","N/A","N/A","N/A","N/A","N/A"
"=""5403""","中菲","6.1290","辦公室所在位置之水 風 險評估","0.0170","其他(取水量/組織特定度量值)","N/A"
"=""5410""","國眾","3,327.0000","水費帳單","102.4000","公噸/百萬元營業額","N/A"
"=""5425""","台半","736,000.0000","全數生產據點(宜蘭、利澤、天津、山東)及台北、新竹辦公室","N/A","N/A","N/A"
"=""5426""","振發","59.8000","母公司","N/A","N/A","N/A"
"=""5432""","新門","N/A","N/A","N/A","N/A","N/A"
"=""5438""","東友","N/A","N/A","N/A","N/A","N/A"
"=""5439""","高技","284.3600","112年1月至112年12月","6.5370","公噸/百萬元營業額","N/A"
"=""5443""","均豪","18,369.0000","僅母公司","10.1441","其他(千元營業額)","N/A"
"=""5450""","南良","90,466.0000","總公司、台南分公司、本廠、蔦松廠、仁愛廠","53.1322","公噸/百萬元營業額","N/A"
"=""5452""","佶優","N/A","N/A","N/A","N/A","N/A"
"=""5455""","昇益","N/A","N/A","N/A","N/A","N/A"
"=""5457""","宣德","47,609.0000","桃園市龜山區民生北路一段568號","13.9411","公噸/百萬元營業額","N/A"
"=""5460""","同協","2,383.0000","僅母公司","N/A","N/A","N/A"
"=""5464""","霖宏","237,800.0000","母公司","289.2944","公噸/百萬元營業額","N/A"
"=""5465""","富驊","N/A","N/A","N/A","N/A","N/A"
"=""5468""","凱鈺","N/A","N/A","N/A","N/A","N/A"
"=""5474""","聰泰","1,985.3930","財務報表之母公司","N/A","N/A","N/A"
"=""5475""","德宏","N/A","N/A","N/A","N/A","N/A"
"=""5478""","智冠","15,116.0000","包含合併財務報表之母子公司","0.0000","其他( 營業額計算/元)","N/A"
"=""5481""","新華","N/A","N/A","N/A","N/A","N/A"
"=""5483""","中美晶","285,609.4000","母公司，包含：總公司、竹南分公司(竹南廠、二廠)、宜蘭分公司(一廠、三廠)、旭鑫分公司","41.7608","公噸/百萬元營業額","N/A"
"=""5487""","通泰","N/A","N/A","N/A","N/A","N/A"
"=""5488""","松普","137.0000","202301-202312","N/A","N/A","N/A"
"=""5489""","彩富","N/A","N/A","N/A","N/A","N/A"
"=""5490""","同亨","6,216.0000","母公司","8.1008","公噸/百萬元營業額","N/A"
"=""5493""","三聯","183,981.0000","包含合併財務報表之母子公司","N/A","N/A","N/A"
"=""5498""","凱崴","20,973.0000","桃園廠","N/A","N/A","N/A"
"=""5508""","永信建","516.0000","公司總部","0.0627","公噸/百萬元營業額","N/A"
"=""5511""","德昌","1,316.0000","範圍涵蓋: 德昌營造股份有限公司台中總公司，地址為：台中市北區五權路401-1號","14.4600","其他(公噸/人)","N/A"
"=""5512""","力麒","479.0000","個體公司","0.8600","公噸/百萬元營業額","N/A"
"=""5514""","三豐","4,004.7000","包含合併財務報表之母子公司","8.3800","公噸/百萬元營業額","N/A"
"=""5516""","雙喜","N/A","N/A","N/A","N/A","N/A"
"=""5520""","力泰","N/A","N/A","N/A","N/A","N/A"
"=""5523""","豐謙","340.0000","合併財務報表之母子公司。","0.1020","公噸/百萬元營業額","N/A"
"=""5529""","鉅陞","N/A","N/A","N/A","N/A","N/A"
"=""5530""","龍巖","N/A","N/A","0.0099","其他(公噸/營業額仟元)","N/A"
"=""5536""","聖暉*","831.0000","基於保護水資源及企業永續經營，聖暉每年由總公司自主盤點水資源，總部大樓水源由台灣自來水公司直接供應，無地下水或其它方式之水源，用水僅提供員工及訪客使用，因此水源方對環境尚未有顯著影響，使用後污水則均由下水道經污水處理後排放至河川及海洋。","N/A","N/A","N/A"
"=""5543""","桓鼎-KY","N/A","N/A","N/A","N/A","N/A"
"=""5548""","安倉","N/A","N/A","N/A","N/A","N/A"
"=""5601""","台聯櫃","N/A","N/A","N/A","N/A","N/A"
"=""5603""","陸海","N/A","N/A","N/A","N/A","N/A"
"=""5604""","中連","N/A","N/A","N/A","N/A","N/A"
"=""5609""","中菲行","N/A","N/A","N/A","N/A","N/A"
"=""5701""","劍湖山","308,678.0000","母公司","1.1400","公噸/百萬元營業額","N/A"
"=""5703""","亞都麗緻","52,677.0000","僅母公司","1.3900","公噸/百萬元營業額","N/A"
"=""5704""","老爺知","N/A","N/A","N/A","N/A","N/A"
"=""5864""","致和證","8,122.0000","各分公司營業據點","0.0010","公噸/百萬元營業額","N/A"
"=""5878""","台名","N/A","N/A","0.0157","公噸/百萬元營業額","N/A"
"=""5902""","德記","0.7810","僅母公司","0.0004","公噸/百萬元營業額","N/A"
"=""5903""","全家","3,946.0880","2023年實際統計店舖用水量數目為969店，共計用水903.550千立方公尺。利用單店平均用水量推算4,234店用水量為3,946.09千立方公尺。","0.0400","公噸/百萬元營業額","N/A"
"=""5904""","寶雅","195,225.0000","總用水度數為南北總公司、南北物流及各營業據點之用水度數總額，部份分店因為MALL店或房東未收取水費故無用水資料","8.8422","公噸/百萬元營業額","N/A"
"=""5905""","南仁湖","N/A","N/A","N/A","N/A","N/A"
"=""6015""","宏遠證","10,000.0000","包含合併財務報表之母子公司","8.1890","公噸/百萬元營業額","N/A"
"=""6016""","康和證","13,939.0229","母公司(總公司及包含分布於北中南三區15 個分公司，共16 個據點，覆蓋率100%)","4.9370","公噸/百萬元營業額","其他(ISO14064-3)"
"=""6020""","大展證","N/A","N/A","N/A","N/A","N/A"
"=""6021""","美好證","N/A","N/A","N/A","N/A","N/A"
"=""6023""","元大期貨","182,980.0000","全台營運據點","53.6142","公噸/百萬元營業額","其他(ISO14046)"
"=""6026""","福邦證","4.4600","1.112年1-12月用水量 2.112年用水量，已完成確信查核","0.0188","其他(公噸/人數)","N/A"
"=""6101""","寬魚國際","N/A","N/A","N/A","N/A","N/A"
"=""6103""","合邦","N/A","N/A","N/A","N/A","N/A"
"=""6104""","創惟","4,080.0000","台北辦公室","N/A","N/A","N/A"
"=""6109""","亞元","N/A","N/A","N/A","N/A","N/A"
"=""6111""","大宇資","N/A","N/A","N/A","N/A","N/A"
"=""6113""","亞矽","903.0000","112年度","N/A","N/A","N/A"
"=""6114""","久威","N/A","N/A","N/A","N/A","N/A"
"=""6118""","建達","N/A","N/A","N/A","N/A","N/A"
"=""6121""","新普","476.7800","包含合併財務報表之母子公司","0.0056","公噸/百萬元營業額","N/A"
"=""6122""","擎邦","N/A","N/A","N/A","N/A","N/A"
"=""6123""","上奇","N/A","N/A","N/A","N/A","N/A"
"=""6124""","業強","N/A","N/A","N/A","N/A","N/A"
"=""6125""","廣運","10,913.0000","母公司","3.9199","公噸/百萬元營業額","N/A"
"=""6126""","信音","N/A","N/A","0.0367","公噸/百萬元營業額","N/A"
"=""6127""","九豪","99,419.0000","母公司","N/A","N/A","N/A"
"=""6129""","普誠","9,930.2000","普誠科技股份有限公司(新北市新店區寶橋路233-1號2樓、新北市新店區寶橋路235巷6弄3號5號6樓、新竹市光復路二段2巷47號6樓-1)。 普誠科技（深圳）有限公司(廣東省深圳市寶安區西鄉街道龍騰社區西鄉大道230號 滿京華藝巒大廈1座1801)。 普誠創智（成都）科技有限公司(成都高新區合作路309號)。 成都启臣微电子股份有限公司(四川省成都市高新区合作路309号普诚科技大楼7楼702、703、广东深圳市宝安区西乡街道 前进二路104号凤凰岗第一工业区A栋信达大厦3楼、深圳市宝安区西乡大道230号满京华艺峦大厦1座1802)","N/A","N/A","N/A"
"=""6130""","上亞科技","N/A","N/A","N/A","N/A","N/A"
"=""6134""","萬旭","N/A","N/A","N/A","N/A","N/A"
"=""6138""","茂達","6,783.0000","本公司","23.3100","其他(員工人數)","N/A"
"=""6140""","訊達電腦","0.0473","母公司之台北總公司","N/A","N/A","N/A"
"=""6143""","振曜","15,460.0000","母公司","2.3254","公噸/百萬元營業額","N/A"
"=""6144""","得利影","N/A","N/A","N/A","N/A","N/A"
"=""6146""","耕興","9,196.0000","含本公司龜山華亞實驗室、龜山文化三路實驗室、新竹實驗室之用水量","N/A","N/A","N/A"
"=""6147""","頎邦","2,550,605.0000","僅母公司 (全台灣六處營運據點)","127.1717","公噸/百萬元營業額","N/A"
"=""6148""","驊宏資","N/A","N/A","N/A","N/A","N/A"
"=""6150""","撼訊","2,833.0000","母公司","0.0005","其他(百萬公升／百萬元營收)","N/A"
"=""6151""","晉倫","9,201.0000","僅母公司","11.5590","公噸/百萬元營業額","N/A"
"=""6154""","順發","N/A","N/A","N/A","N/A","N/A"
"=""6156""","松上","323,867.3800","松上總公司及三家中國子公司(東莞、湖北、蘇州)","98.3500","公噸/百萬元營業額","N/A"
"=""6158""","禾昌","107,272.9000","母公司+子公司(含宿舍)","N/A","N/A","N/A"
"=""6160""","欣技","N/A","N/A","N/A","N/A","N/A"
"=""6161""","捷波","N/A","N/A","N/A","N/A","N/A"
"=""6163""","華電網","N/A","N/A","N/A","N/A","N/A"
"=""6167""","久正","N/A","N/A","N/A","N/A","N/A"
"=""6169""","昱泉","N/A","N/A","N/A","N/A","N/A"
"=""6170""","統振","N/A","N/A","N/A","N/A","N/A"
"=""6171""","大城地產","N/A","N/A","N/A","N/A","N/A"
"=""6173""","信昌電","248,975.2763","母公司台灣工廠","93.4294","其他(百萬產值)","N/A"
"=""6174""","安碁","20,841.0000","母公司","44.7890","公噸/百萬元營業額","N/A"
"=""6175""","立敦","67,644.3783","立敦集團合併財務報表之母子公司","18.3916","公噸/百萬元營業額","N/A"
"=""6179""","亞通","N/A","N/A","N/A","N/A","N/A"
"=""6180""","橘子","23,001.1900","母公司及子公司之所有在台營運據點","2.3500","公噸/百萬元營業額","N/A"
"=""6182""","合晶","1,939,212.0000","自來水公司","0.0002","公噸/百萬元營業額","N/A"
"=""6185""","幃翔","525.0000","母公司112年/01月~112年/12月自來水費繳費單","2.1981","公噸/百萬元營業額","N/A"
"=""6186""","新潤","N/A","N/A","N/A","N/A","N/A"
"=""6187""","萬潤","3,860.0000","母公司路竹廠","0.0330","其他(取水量(百萬公升)/員工人數)","N/A"
"=""6188""","廣明","159,546.0000","包含合併報表之母子公司","N/A","N/A","N/A"
"=""6190""","萬泰科","21,093.0000","台北公司與中壢工廠","7.5656","公噸/百萬元營業額","N/A"
"=""6194""","育富","N/A","N/A","N/A","N/A","N/A"
"=""6195""","詩肯","5,836.0000","8間倉庫(含總部)、59間獨立店門市","3.8439","公噸/百萬元營業額","N/A"
"=""6198""","瑞築","N/A","N/A","N/A","N/A","N/A"
"=""6199""","天品","N/A","N/A","N/A","N/A","N/A"
"=""6203""","海韻電","14.3200","包含合併財務報表之母子公司","0.0043","公噸/百萬元營業額","N/A"
"=""6204""","艾華","985.0000","僅母公司","3.3576","公噸/百萬元營業額","N/A"
"=""6207""","雷科","2,773.2838","高雄總公司、高雄臨廣五廠區、新竹分公司、威克半導體","0.0033","公噸/百萬元營業額","N/A"
"=""6208""","日揚","26,873.0000","母公司","10.4768","公噸/百萬元營業額","N/A"
"=""6210""","慶生","133,048.0000","慶生電子股份有限公司-全廠區(2023年度)","439.1023","公噸/百萬元營業額","N/A"
"=""6212""","理銘","N/A","N/A","N/A","N/A","N/A"
"=""6217""","中探針","N/A","N/A","N/A","N/A","N/A"
"=""6218""","豪勉","N/A","N/A","N/A","N/A","N/A"
"=""6219""","富旺","N/A","N/A","N/A","N/A","N/A"
"=""6220""","岳豐","3,839.0600","台灣母公司(不含台北辦事處)","0.3903","公噸/百萬元營業額","N/A"
"=""6221""","晉泰","N/A","N/A","N/A","N/A","N/A"
"=""6222""","上揚","N/A","N/A","N/A","N/A","N/A"
"=""6223""","旺矽","163,629.4104","旺矽科技股份有限公司 (竹北一廠、竹北二廠、竹北三廠、新埔廠、湖口廠、路竹廠)","24.2525","公噸/百萬元營業額","N/A"
"=""6227""","茂綸","N/A","N/A","N/A","N/A","N/A"
"=""6228""","全譜","N/A","N/A","N/A","N/A","N/A"
"=""6229""","研通","N/A","N/A","N/A","N/A","N/A"
"=""6231""","系微","5.1115","台北總公司　民生用水","0.0046","公噸/百萬元營業額","N/A"
"=""6233""","旺玖","4.5480","僅母公司，包含台北總公司及新竹分公司；子公司無實質營運情形不適用。","0.0126","公噸/百萬元營業額","N/A"
"=""6234""","高僑","N/A","N/A","N/A","N/A","N/A"
"=""6236""","中湛","N/A","N/A","N/A","N/A","N/A"
"=""6237""","驊訊","2,017.0000","母公司：驊訊電子企業股份有限公司。子公司：驊訊文創科技股份有限公司。子公司：好音樂文創科技股份有限公司。","4.8295","公噸/百萬元營業額","N/A"
"=""6240""","松崗","N/A","N/A","N/A","N/A","N/A"
"=""6241""","易通展","8,314.4000","僅母公司","12.9407","公噸/百萬元營業額","N/A"
"=""6242""","立康","13,083.0000","包含合併財務報表之母子公司","N/A","N/A","N/A"
"=""6244""","茂迪","260,140.0000","台灣南科廠區","0.0007","公噸/產品","N/A"
"=""6245""","立端","11,662.0000","僅母公司","N/A","N/A","N/A"
"=""6246""","臺龍","N/A","N/A","N/A","N/A","N/A"
"=""6248""","沛波","3,402.0000","僅母公司","N/A","N/A","其他(TWSAE3000)"
"=""6259""","百徽","N/A","N/A","N/A","N/A","N/A"
"=""6261""","久元","N/A","N/A","N/A","N/A","N/A"
"=""6263""","普萊德","3,117.0000","母公司","18.5500","其他(公噸/員工人數)","N/A"
"=""6264""","富裔","N/A","未確信","N/A","其他","其他"
"=""6265""","方土昶","N/A","N/A","N/A","N/A","N/A"
"=""6266""","泰詠","21,139.0000","依台灣自來水公司帳單資料","N/A","N/A","N/A"
"=""6270""","倍微","1,668.0000","本公司為專業電子通路商，整體營業活動均屬普通民生用水，故無單獨申請營業水表的需求，水費計算由辦公大樓管理委員會就全體廠戶公共用水平均攤計於維修保養費，經換算廠辦大樓帳單總用水量(因管委會公用水表合併，攤計基礎變更，故與前一年度產生較大差異數)","N/A","N/A","N/A"
"=""6274""","台燿","297,530.0000","母公司","39.3462","公噸/百萬元營業額","N/A"
"=""6275""","元山","4,027.0000","僅母公司","N/A","N/A","N/A"
"=""6276""","安鈦克","N/A","N/A","N/A","N/A","N/A"
"=""6279""","胡連","140,665.3101","涵蓋合併財務報表之母子公司 ","19.1882","公噸/百萬元營業額","N/A"
"=""6284""","佳邦","287,840.0000","佳邦科技及子公司(禾邦電子(蘇州)/禾邦電子(中國)/湖南弘電)","N/A","N/A","N/A"
"=""6287""","元隆","N/A","N/A","435.4543","公噸/百萬元營業額","N/A"
"=""6290""","良維","248,973.0000","子公司-良穎電子(深圳)有限公司","N/A","N/A","N/A"
"=""6291""","沛亨","N/A","N/A","N/A","N/A","N/A"
"=""6292""","迅德","2,541.0000","僅母公司","1.8692","公噸/百萬元營業額","N/A"
"=""6294""","智基","N/A","N/A","N/A","N/A","N/A"
"=""6411""","晶焱","N/A","N/A","N/A","N/A","N/A"
"=""6417""","韋僑","43,109.0000","僅母公司，含自來水39,898公噸及地下水3,211公噸，總計43,109公噸之取用水量。","30.3220","公噸/百萬元營業額","N/A"
"=""6418""","詠昇","28,650.0000","合併財務報表之母子公司","34.6014","公噸/百萬元營業額","N/A"
"=""6419""","京晨科","N/A","N/A","N/A","N/A","N/A"
"=""6425""","易發","N/A","N/A","N/A","N/A","N/A"
"=""6432""","今展科","N/A","N/A","N/A","N/A","N/A"
"=""6435""","大中","2,993.0000","包含合併財務報表之母子公司","30.5400","其他(公噸/員工人數)","N/A"
"=""6441""","廣錠","5,247.0000","蘆竹廠+汐止廠","7.6823","公噸/百萬元營業額","N/A"
"=""6457""","紘康","0.0916","紘康母公司","0.0002","公噸/百萬元營業額","N/A"
"=""6461""","益得","30,971.0000","母公司","N/A","N/A","N/A"
"=""6462""","神盾","N/A","N/A","N/A","N/A","N/A"
"=""6465""","威潤","N/A","N/A","N/A","N/A","N/A"
"=""6469""","大樹","N/A","N/A","N/A","N/A","N/A"
"=""6470""","宇智","N/A","N/A","N/A","N/A","N/A"
"=""6482""","弘煜科","N/A","N/A","N/A","N/A","N/A"
"=""6485""","點序","N/A","N/A","N/A","N/A","N/A"
"=""6486""","互動","5,544.0000","統計資料包含五股總公司、內湖分公司、林口倉庫、高雄辦公室、高雄金陵倉庫，有關台中辦公室、台中西林倉庫及上海華琦等處，因管理費已包含水費，難以取得用水量。 ","N/A","N/A","N/A"
"=""6488""","環球晶","18,874,042.6686","台灣區：環球晶圓總部&竹南廠、中德分公司 海外區：GlobalWafers Japan Co., Ltd.、昆山中辰矽晶、MEMC Electronic Materials S.p.A、MEMC Korea Company、MEMC LLC、MEMC Japan Ltd.、GlobiTech Incorporated.、MEMC Electronic Materials Sdn. Bhd.、Topsil GlobalWafers A/S","0.2670","公噸/百萬元營業額","N/A"
"=""6492""","生華科","N/A","N/A","N/A","N/A","N/A"
"=""6494""","九齊","252.0000","母公司","0.1890","公噸/百萬元營業額","N/A"
"=""6496""","科懋","4,682.0000","本公司+科進+科明","6.0682","公噸/百萬元營業額","N/A"
"=""6499""","益安","N/A","N/A","N/A","N/A","N/A"
"=""6506""","雙邦","78,981.0000","母公司","53.5828","公噸/百萬元營業額","N/A"
"=""6508""","惠光","22,509.0000","母公司","N/A","N/A","N/A"
"=""6509""","聚和","226.7500","台灣大發廠","60.3746","公噸/百萬元營業額","N/A"
"=""6510""","精測","215,212.0000","本公司桃園、新竹、高雄等營運據點。","74.6113","公噸/百萬元營業額","N/A"
"=""6512""","啟發電","744.0000","僅為啟發電子於新竹縣竹北市辦公區域","N/A","N/A","N/A"
"=""6516""","勤崴國際","988.2200","勤崴國際科技股份有限公司所在地台北市羅斯福路二段100號4F辦公室","N/A","N/A","N/A"
"=""6517""","保勝光學","17.9610","保勝光學股份有限公司","6.3000","其他(度/人)","N/A"
"=""6523""","達爾膚","N/A","N/A","N/A","N/A","N/A"
"=""6527""","明達醫","N/A","N/A","N/A","N/A","N/A"
"=""6530""","創威","N/A","N/A","N/A","N/A","N/A"
"=""6532""","瑞耘","29,484.0000","瑞耘科技位於台灣的新竹廠及新豐廠(母公司)","42.4950","公噸/百萬元營業額","N/A"
"=""6535""","順藥","876.4332","母公司","14.0519","公噸/百萬元營業額","N/A"
"=""6538""","倉和","20,190.0000","僅母公司","N/A","N/A","N/A"
"=""6542""","隆中","1,011.8200","母公司","2.7042","公噸/百萬元營業額","N/A"
"=""6546""","正基","4,160.0000","正基個體","N/A","N/A","N/A"
"=""6547""","高端疫苗","43,608.0000","母子公司","111.8154","公噸/百萬元營業額","N/A"
"=""6548""","長科*","1,136,000.0000","包含合併財務報表之母子公司","98.0000","公噸/百萬元營業額","N/A"
"=""6556""","勝品","7,678.0000","統計資料僅限桃園廠區(含子公司泰勝)，台中辦公室為一般商辦大樓，水資源使用於生活用水，用水量之統計由大樓管理處統一管理，故不列入計算。","N/A","N/A","N/A"
"=""6560""","欣普羅","N/A","N/A","N/A","N/A","N/A"
"=""6561""","是方","88,481.0000","114051 台北市內湖區瑞光路 68 號 2 樓 114062 台北市內湖區瑞光路 188 巷37 號 114067 台北市內湖區陽光街 250 號 114664 台北市內湖區瑞光路 76 巷45 號","27.2860","公噸/百萬元營業額","N/A"
"=""6568""","宏觀","N/A","N/A","N/A","N/A","N/A"
"=""6569""","醫揚","N/A","N/A","N/A","N/A","N/A"
"=""6570""","維田","N/A","N/A","N/A","N/A","N/A"
"=""6574""","霈方","4,026.0000","總公司、工廠、門市","6.9534","公噸/百萬元營業額","N/A"
"=""6576""","逸達","718.6900","母公司","3.6800","公噸/百萬元營業額","N/A"
"=""6577""","勁豐","3,844.0000","僅台北辦公室及桃園青埔廠。","1.5205","公噸/百萬元營業額","N/A"
"=""6578""","達邦蛋白","13,011.0000","僅母公司","33.8828","公噸/百萬元營業額","N/A"
"=""6584""","南俊國際","74,295.7036","母公司( 雲科一、二及三廠)","61.7774","公噸/百萬元營業額","N/A"
"=""6588""","東典","17,778.4200","母公司","164.6150","公噸/百萬元營業額","N/A"
"=""6589""","台康生技","96,136.9300","汐止總公司及竹北分公司","N/A","N/A","N/A"
"=""6590""","普鴻","N/A","N/A","N/A","N/A","N/A"
"=""6593""","台灣銘板","N/A","N/A","N/A","N/A","N/A"
"=""6596""","寬宏藝術","N/A","N/A","N/A","N/A","N/A"
"=""6603""","富強鑫","16,822.0000","112/1~112/12","N/A","N/A","N/A"
"=""6609""","瀧澤科","31,816.0000","112/1/1-112/12/31","14.4795","公噸/百萬元營業額","N/A"
"=""6612""","奈米醫材","N/A","N/A","N/A","N/A","N/A"
"=""6613""","朋億*","1,372.8400","母公司","8.5300","其他(員工平均人數)","N/A"
"=""6615""","慧智","1,880.0000","僅母公司","4.0870","公噸/百萬元營業額","N/A"
"=""6616""","特昇-KY","N/A","N/A","N/A","N/A","N/A"
"=""6617""","共信-KY","N/A","N/A","N/A","N/A","N/A"
"=""6624""","萬年清","N/A","N/A","N/A","N/A","N/A"
"=""6629""","泰金-KY","325.1030","合併財務報表子公司","2.7444","公噸/百萬元營業額","其他(根據能源部法律驗證)"
"=""6637""","醫影","N/A","N/A","N/A","N/A","N/A"
"=""6640""","均華","N/A","N/A","N/A","N/A","N/A"
"=""6642""","富致","9,182.0000","僅母公司","N/A","N/A","N/A"
"=""6643""","M31","4,036.0000","母公司","2.4960","公噸/百萬元營業額","其他(AA1000)"
"=""6649""","台生材","3,653.0000","醫療廠自來水入水口","50.1524","公噸/百萬元營業額","N/A"
"=""6651""","全宇昕","1,511.6300","全宇昕科技","1.1240","公噸/百萬元營業額","N/A"
"=""6654""","天正國際","N/A","N/A","N/A","N/A","N/A"
"=""6661""","威健生技","N/A","N/A","N/A","N/A","N/A"
"=""6662""","樂斯科","19,826.0000","本公司","N/A","N/A","N/A"
"=""6664""","群翊","4,262.0000","僅母公司","1.8350","公噸/百萬元營業額","N/A"
"=""6667""","信紘科","45,982.1800","母公司(承租戶)","19.8642","公噸/百萬元營業額","N/A"
"=""6679""","鈺太","748.0000","僅母公司鈺太科技股份有限公司","0.4066","公噸/百萬元營業額","N/A"
"=""6680""","鑫創電子","N/A","N/A","N/A","N/A","N/A"
"=""6683""","雍智科技","6.7300","台灣地區母公司","4.8000","公噸/百萬元營業額","N/A"
"=""6684""","安格","931.0000","2023年6月起台北辦公室搬遷至自南港辦公室，因為商辦大樓其水電費由管理中心依坪數進行攤算，且展匯自2023年4月起成為安格子公司，故此數據為安格集團合併之排放量。","N/A","N/A","N/A"
"=""6690""","安碁資訊","5,586.8468","包含合併財務報表之母子公司 ","3.0288","公噸/百萬元營業額","N/A"
"=""6692""","進能服","2,029.0000","主要係以進能服4個營業據點台北、桃園、台中和高雄之辦公室廁所、飲水機為主，本公司四大營業處均為向辦公大樓承租，無獨立水錶，故僅能依每層戶數推估用水量。","1.7856","其他(詳年報說明)","N/A"
"=""6693""","廣閎科","1,944.1000","母公司-新竹縣竹北市台元二街8號8樓、6號8樓之3","2.0215","公噸/百萬元營業額","N/A"
"=""6697""","東捷資訊","N/A","N/A","N/A","N/A","N/A"
"=""6703""","軒郁","1,434.0000","包含合併財務報表之母子公司","0.4822","公噸/百萬元營業額","N/A"
"=""6708""","天擎","N/A","N/A","N/A","N/A","N/A"
"=""6712""","長聖","N/A","N/A","N/A","N/A","N/A"
"=""6716""","應廣","0.0445","應廣科技新竹總公司","0.0000","公噸/百萬元營業額","N/A"
"=""6721""","信實","N/A","N/A","N/A","N/A","N/A"
"=""6727""","亞泰金屬","N/A","N/A","N/A","N/A","N/A"
"=""6728""","上洋","996,746.0000","財務報表母子公司","364.7076","公噸/百萬元營業額","N/A"
"=""6732""","昇佳電子","2,957.6000","昇佳電子(新竹總部)","0.0006","其他(百萬公升／樓地板面積 (m2))","其他(IASE3000)"
"=""6733""","博晟生醫","N/A","N/A","N/A","N/A","N/A"
"=""6735""","美達科技","N/A","N/A","N/A","N/A","N/A"
"=""6741""","91APP*-KY","4,045.0000","本公司及台灣子公司","7.0000","其他(平均員工總數)","N/A"
"=""6747""","亨泰光","N/A","N/A","N/A","N/A","N/A"
"=""6751""","智聯服務","889.7470","包含合併財務報表之母子公司","0.5118","公噸/百萬元營業額","N/A"
"=""6752""","叡揚","4,464.5400","母公司","2.8619","公噸/百萬元營業額","N/A"
"=""6761""","穩得","3,143.0000","母公司","2.1185","公噸/百萬元營業額","N/A"
"=""6762""","達亞","7,640.0000","本公司地理邊界為範圍，鑑別現有廠房為資料邊界, 112年因擴建新廠活動，112年排放量統計包含地理邊界內之南上廠及擴建之南山廠","0.0014","公噸/產品","N/A"
"=""6763""","綠界科技","3,288.2353","僅母公司","2.1228","公噸/百萬元營業額","N/A"
"=""6767""","台微醫","N/A","N/A","N/A","N/A","N/A"
"=""6785""","昱展新藥","N/A","N/A","N/A","N/A","N/A"
"=""6788""","華景電","4,220.0000","母公司","N/A","N/A","N/A"
"=""6791""","虎門科技","N/A","N/A","N/A","N/A","N/A"
"=""6803""","崑鼎","1,768.0000","組織總部","15.1000","其他(立方米/人)","N/A"
"=""6804""","明係","13,000.2000","僅母公司。","0.0039","其他(公噸/千元營業額)","N/A"
"=""6811""","宏碁資訊","2,632.3674","含合併財務報表之母子公司","0.3486","公噸/百萬元營業額","N/A"
"=""6821""","聯寶","N/A","N/A","N/A","N/A","N/A"
"=""6823""","濾能","N/A","N/A","N/A","N/A","N/A"
"=""6829""","千附精密","34,152.0000","千附精密公司","25.2978","公噸/百萬元營業額","N/A"
"=""6840""","東研信超","N/A","N/A","N/A","N/A","N/A"
"=""6841""","長佳智能","N/A","N/A","N/A","N/A","N/A"
"=""6843""","進典","4,035.9588","幼獅1~2廠","4.2401","公噸/百萬元營業額","N/A"
"=""6844""","諾貝兒","N/A","N/A","N/A","N/A","N/A"
"=""6846""","綠茵","1,991.0000","包含合併財務報表之母子公司","N/A","N/A","N/A"
"=""6855""","數泓科","11,663.0000","僅個別(母)公司","24.2900","公噸/百萬元營業額","N/A"
"=""6856""","鑫傳","1,950.3986","母公司及合併財務報表之子公司(鑫傳、鑫祺、鑫隆、人誠、永敘)","4.9230","公噸/百萬元營業額","N/A"
"=""6859""","伯特光","N/A","N/A","N/A","N/A","N/A"
"=""6865""","偉康科技","N/A","N/A","N/A","N/A","N/A"
"=""6870""","騰雲","N/A","N/A","N/A","N/A","N/A"
"=""6874""","倍力","909.0000","台北總公司及高雄分公司","0.5690","公噸/百萬元營業額","N/A"
"=""6875""","國邑*","N/A","N/A","N/A","N/A","N/A"
"=""6877""","鏵友益","N/A","N/A","N/A","N/A","N/A"
"=""6881""","潤德","1,500.5300","辦公室（不含工地）","0.9859","公噸/百萬元營業額","N/A"
"=""6894""","衛司特","N/A","N/A","N/A","N/A","N/A"
"=""6895""","宏碩系統","N/A","N/A","N/A","N/A","N/A"
"=""6899""","創為精密","32,966.0000","母公司","38.1500","公噸/百萬元營業額","N/A"
"=""6903""","巨漢","N/A","N/A","N/A","N/A","N/A"
"=""6904""","伯鑫","6,776.0000","母公司","10.2116","公噸/百萬元營業額","N/A"
"=""6922""","宸曜","N/A","N/A","N/A","N/A","N/A"
"=""6929""","佑全","N/A","N/A","N/A","N/A","N/A"
"=""6953""","家碩","N/A","N/A","N/A","N/A","N/A"
"=""7402""","邑錡","724.0000","本公司(內湖、三重及安鴻辦公室)","1.3353","公噸/百萬元營業額","N/A"
"=""7556""","意德士科技","4,017.0000","涵蓋新竹營業點及廠區","7.7766","公噸/百萬元營業額","N/A"
"=""8024""","佑華","N/A","N/A","N/A","N/A","N/A"
"=""8027""","鈦昇","10,820.0000","僅母公司:橫山路61號、69號、69-8號","9.3761","公噸/百萬元營業額","N/A"
"=""8032""","光菱","1,735.2100","台灣母公司","N/A","N/A","N/A"
"=""8034""","榮群","2,205.0000","新竹總公司","3.2637","公噸/百萬元營業額","N/A"
"=""8038""","長園科","N/A","N/A","N/A","N/A","N/A"
"=""8040""","九暘","3.6400","新竹及汐止","0.0330","其他(人數)","N/A"
"=""8042""","金山電","170,421.0000","母公司及海外實體子公司","53.3730","公噸/百萬元營業額","N/A"
"=""8043""","蜜望實","0.1621","僅母公司","0.0000","公噸/百萬元營業額","N/A"
"=""8044""","網家","46,878.0000","母公司","1.1400","其他(公升/百萬營收)","N/A"
"=""8047""","星雲","N/A","N/A","N/A","N/A","N/A"
"=""8048""","德勝","1,871.0000","僅母公司","1.0444","公噸/百萬元營業額","N/A"
"=""8049""","晶采","0.5191","2023年1月1日至12月31日","N/A","N/A","N/A"
"=""8050""","廣積","0.2943","母公司","0.0001","公噸/百萬元營業額","N/A"
"=""8054""","安國","N/A","N/A","N/A","N/A","N/A"
"=""8059""","凱碩","1,180.0000","母公司","2.1206","公噸/百萬元營業額","N/A"
"=""8064""","東捷","31,026.0000","母公司南科廠","19.0619","公噸/百萬元營業額","N/A"
"=""8066""","來思達","N/A","N/A","N/A","N/A","N/A"
"=""8067""","志旭","N/A","N/A","N/A","N/A","N/A"
"=""8068""","全達","N/A","N/A","N/A","N/A","N/A"
"=""8069""","元太","473,232.7000","全球廠區","17.4000","公噸/百萬元營業額","N/A"
"=""8071""","能率網通","N/A","N/A","N/A","N/A","N/A"
"=""8074""","鉅橡","40,883.0000","僅母公司","2.3304","公噸/產品","N/A"
"=""8076""","伍豐","2,980.0000","母公司","1.5784","公噸/百萬元營業額","N/A"
"=""8077""","洛碁","N/A","N/A","N/A","N/A","N/A"
"=""8080""","印鉐","N/A","N/A","N/A","N/A","N/A"
"=""8083""","瑞穎","N/A","N/A","N/A","N/A","N/A"
"=""8084""","巨虹","N/A","N/A","N/A","N/A","N/A"
"=""8085""","福華","N/A","N/A","N/A","N/A","N/A"
"=""8086""","宏捷科","166,457.0000","宏捷科技南科大利廠","2.0460","公噸/產品","N/A"
"=""8087""","華鎂鑫","N/A","N/A","N/A","N/A","N/A"
"=""8088""","品安","N/A","N/A","N/A","N/A","N/A"
"=""8089""","康全電訊","1,515.0000","臺灣總公司","N/A","N/A","N/A"
"=""8091""","翔名","30,796.0000","僅母公司","18.8772","公噸/百萬元營業額","N/A"
"=""8092""","建暐","N/A","N/A","N/A","N/A","N/A"
"=""8093""","保銳","0.5000","公司用水量","N/A","N/A","N/A"
"=""8096""","擎亞","1,653.0000","辦公室每月水費統計數字","N/A","N/A","N/A"
"=""8097""","常珵","N/A","N/A","N/A","N/A","N/A"
"=""8099""","大世科","N/A","N/A","0.0099","公噸/百萬元營業額","N/A"
"=""8107""","大億金茂","1,388.0000","母公司","N/A","N/A","N/A"
"=""8109""","博大","N/A","N/A","N/A","N/A","N/A"
"=""8111""","立碁","5,583.0000","僅母公司","0.0310","公噸/產品","N/A"
"=""8121""","越峰","313,720.0000","桃園廠、昆山廠及廣州廠","23.8400","公噸/產品","其他(ISAE 3000)"
"=""8147""","正淩","1.3020","母公司","0.0017","公噸/百萬元營業額","N/A"
"=""8155""","博智","657,500.0000","自來水水表紀錄+地下水電子式水表紀錄。","0.2270","公噸/百萬元營業額","N/A"
"=""8171""","天宇","2,106.0000","台北廠+竹北廠","15.3723","其他(公噸/員工人數)","N/A"
"=""8176""","智捷","1,094.0000","生活用水及空調設備","N/A","N/A","N/A"
"=""8182""","加高","72.4510","母公司","N/A","N/A","N/A"
"=""8183""","精星","2,960.3000","本次組織邊界係設定於台灣精星科技股份有限公司的營運範圍所產生之溫室氣體排放。營運範圍登記住址為新竹縣湖口鄉鳳凰村實踐路12號，廠地面積為6628 m2，建築物面積為11137.94 m2","11.8400","其他(  (自來水度數/人數))","N/A"
"=""8227""","巨有科技","N/A","N/A","N/A","N/A","N/A"
"=""8234""","新漢","9,282.0000","工廠(不含母公司與子公司)","0.0016","公噸/百萬元營業額","N/A"
"=""8240""","華宏","47,889.0000","母公司","13.0800","公噸/百萬元營業額","N/A"
"=""8255""","朋程","241,092.0000","母公司","0.0009","其他(百萬公升/K-pcs)","N/A"
"=""8277""","商丞","2,729.9000","包含合併財務報表之母子公司","10.2180","公噸/百萬元營業額","N/A"
"=""8279""","生展","65,287.0000","僅母公司","35.5400","公噸/百萬元營業額","N/A"
"=""8284""","三竹","4,312.6370","僅母公司","1.6298","公噸/百萬元營業額","N/A"
"=""8289""","泰藝","12.1050","工廠內耗用","N/A","N/A","N/A"
"=""8291""","尚茂","11,935.0000","僅本公司","N/A","N/A","N/A"
"=""8299""","群聯","108,935.0000","僅母公司","2.2590","公噸/百萬元營業額","N/A"
"=""8342""","益張","4.9142","僅母公司2022/1/1~2022/12/31","0.0035","公噸/百萬元營業額","N/A"
"=""8349""","恒耀國際","33,279.0000","本公司使用水源主要來自台灣自來水公司提供之自來水。","7.3600","公噸/百萬元營業額","N/A"
"=""8354""","冠好","N/A","N/A","N/A","N/A","N/A"
"=""8358""","金居","437,564.0000","112.1~112.12自來水用水量.僅母公司.","28.5000","公噸/產品","N/A"
"=""8383""","千附","9,485.0000","千附實業公司","7.5932","公噸/百萬元營業額","N/A"
"=""8390""","金益鼎","N/A","N/A","2.7100","公噸/百萬元營業額","N/A"
"=""8401""","白紗科","N/A","N/A","N/A","N/A","N/A"
"=""8403""","盛弘","672.0000","桃園市桃園區經國路168號B2、B3、23F","0.2904","公噸/百萬元營業額","N/A"
"=""8409""","商之器","15,187.0000","總公司","N/A","N/A","N/A"
"=""8410""","森田","44,681.0000","本公司","0.0020","公噸/產品","N/A"
"=""8415""","大國鋼","141.0000","母公司及子公司大帝國","0.0163","公噸/百萬元營業額","N/A"
"=""8416""","實威","N/A","N/A","N/A","N/A","N/A"
"=""8421""","旭源","15,964.0000","自來水-水費單 旭源包裝科技股份有限公司-嘉義分公司 嘉義縣大林鎮大美里大埔美園區二路7號","N/A","N/A","N/A"
"=""8423""","保綠-KY","N/A","N/A","0.2137","公噸/百萬元營業額","N/A"
"=""8424""","惠普","N/A","N/A","0.1011","其他(千元營業額)","N/A"
"=""8426""","紅木-KY","N/A","N/A","N/A","N/A","N/A"
"=""8431""","匯鑽科","211.1630","資料涵蓋範圍為深圳及泰國廠區","N/A","N/A","N/A"
"=""8432""","東生華","65,710.0000","僅母公司","966.3235","其他(員工人數)","N/A"
"=""8433""","弘帆","N/A","N/A","N/A","N/A","N/A"
"=""8435""","鉅邁","9,886.0000","母公司 ","2.1538","公噸/產品","N/A"
"=""8436""","大江","324,405.0000","大江生醫股份有限公司農科廠區及美膚廠區 登記地址為屏東縣長治鄉神農路12號、屏東縣長治鄉農科路21號","40.4700","公噸/百萬元營業額","N/A"
"=""8437""","大地-KY","N/A","N/A","N/A","N/A","N/A"
"=""8440""","綠電","2,552.0000","台北總公司，楊梅廠及楊梅二廠。","N/A","N/A","N/A"
"=""8444""","綠河-KY","173,680.0000","以子公司泰國GPT公司與GP公司為主","0.1750","公噸/產品","N/A"
"=""8446""","華研","N/A","N/A","N/A","N/A","N/A"
"=""8450""","霹靂","1.1240","母公司","71.5924","公噸/百萬元營業額","N/A"
"=""8455""","大拓-KY","N/A","N/A","N/A","N/A","N/A"
"=""8472""","夠麻吉","N/A","N/A","N/A","N/A","N/A"
"=""8477""","創業家","N/A","N/A","N/A","N/A","N/A"
"=""8489""","三貝德","N/A","N/A","N/A","N/A","N/A"
"=""8905""","裕國","30,980.0000","北區三廠、台中廠、南投廠、仁武廠","N/A","N/A","N/A"
"=""8906""","花王","2,443.0000","僅母公司","11.2100","公噸/百萬元營業額","N/A"
"=""8908""","欣雄","N/A","N/A","N/A","N/A","N/A"
"=""8916""","光隆","N/A","N/A","N/A","N/A","N/A"
"=""8917""","欣泰","3,462.0000","五股、土城公司、員工宿舍用水量","N/A","N/A","N/A"
"=""8921""","沈氏","20,185.5000","母公司","40.9400","公噸/百萬元營業額","N/A"
"=""8923""","時報","N/A","N/A","N/A","N/A","N/A"
"=""8924""","大田","250,950.7800","包含合併財務報表之母子公司之全年度用水量統計","102.8487","其他(員工人數(人均))","N/A"
"=""8927""","北基","216,280.3609","母公司(總部及各營運站點)","30.5524","公噸/百萬元營業額","N/A"
"=""8928""","鉅明","47,430.0000","鉅明所有廠區","0.0182","公噸/百萬元營業額","N/A"
"=""8929""","富堡","2,614.0000","僅母公司","5.4120","公噸/百萬元營業額","N/A"
"=""8930""","青鋼","5,310.0000","母公司","3.4773","公噸/百萬元營業額","N/A"
"=""8931""","大汽電","1,634.0000","全公司","0.7000","公噸/百萬元營業額","N/A"
"=""8932""","智通","29,706.0000","僅龍潭廠區","74.9000","公噸/百萬元營業額","N/A"
"=""8933""","愛地雅","947.0000","母公司","N/A","N/A","N/A"
"=""8935""","邦泰","N/A","N/A","N/A","N/A","N/A"
"=""8936""","國統","861.4300","合併財務報表之母子公司","0.2085","公噸/百萬元營業額","N/A"
"=""8937""","合騏","N/A","N/A","N/A","N/A","N/A"
"=""8938""","明安","48,290.0000","僅母公司","3.3800","公噸/百萬元營業額","N/A"
"=""8941""","關中","1,843.0000","112年度","N/A","N/A","N/A"
"=""8942""","森鉅","62,439.0000","母公司:自來水費單.","N/A","N/A","N/A"
"=""9949""","琉園","99.0000","僅母公司(臺灣地區之辦公室+倉庫)","0.6977","公噸/百萬元營業額","N/A"
"=""9950""","萬國通","N/A","N/A","N/A","N/A","N/A"
"=""9951""","皇田","22,957.2963","僅母公司","8.6386","公噸/百萬元營業額","N/A"
"=""9960""","邁達康","N/A","N/A","N/A","N/A","N/A"
"=""9962""","有益","29,293.0000","母公司","8.0706","公噸/百萬元營業額","N/A"