"報告年度:2023","議題:能源管理"
"公司代號","公司名稱","再生能源使用率-再生能源使用率","資料範圍-資料範圍","驗證標準-取得驗證"
"=""1240""","茂生農經","N/A","N/A","N/A"
"=""1259""","安心","N/A","N/A","ISO 50001"
"=""1264""","德麥","N/A","N/A","N/A"
"=""1268""","漢來美食","N/A","N/A","N/A"
"=""1336""","台翰","N/A","N/A","N/A"
"=""1565""","精華","N/A","N/A","N/A"
"=""1569""","濱川","6.9100%","母公司、蘇州濱川精密工業有限公司、蘇州豐川電子科技有限公司及重慶豐川電子科技有限公司","N/A"
"=""1570""","力肯","N/A","N/A","N/A"
"=""1580""","新麥","N/A","N/A","N/A"
"=""1584""","精剛","N/A","N/A","N/A"
"=""1586""","和勤","N/A","N/A","N/A"
"=""1591""","駿吉-KY","N/A","N/A","N/A"
"=""1593""","祺驊","N/A","N/A","N/A"
"=""1595""","川寶","N/A","N/A","N/A"
"=""1599""","宏佳騰","N/A","N/A","N/A"
"=""1742""","台蠟","N/A","N/A","N/A"
"=""1777""","生泰","N/A","N/A","N/A"
"=""1781""","合世","N/A","N/A","N/A"
"=""1784""","訊聯","N/A","N/A","N/A"
"=""1785""","光洋科","N/A","N/A","ISO 50001"
"=""1788""","杏昌","N/A","N/A","N/A"
"=""1796""","金穎生技","0.0000%","僅母公司新營廠及南科廠","N/A"
"=""1799""","易威","N/A","N/A","N/A"
"=""1813""","寶利徠","N/A","N/A","N/A"
"=""1815""","富喬","N/A","N/A","N/A"
"=""2035""","唐榮公司","100.0000%","高雄市小港區沿海二路4號","N/A"
"=""2061""","風青","N/A","N/A","N/A"
"=""2063""","世鎧","N/A","N/A","N/A"
"=""2064""","晉椿","5.0000%","廢熱回收再利用","N/A"
"=""2065""","世豐","N/A","N/A","N/A"
"=""2066""","世德","N/A","N/A","N/A"
"=""2067""","嘉鋼","N/A","N/A","N/A"
"=""2070""","精湛","41.4935%","母公司","N/A"
"=""2073""","雄順","N/A","N/A","N/A"
"=""2221""","大甲","N/A","N/A","N/A"
"=""2230""","泰茂","N/A","N/A","N/A"
"=""2235""","謚源","N/A","N/A","N/A"
"=""2596""","綠意","N/A","N/A","N/A"
"=""2640""","大車隊","N/A","N/A","N/A"
"=""2641""","正德","N/A","N/A","N/A"
"=""2643""","捷迅","N/A","N/A","N/A"
"=""2718""","晶悅","N/A","N/A","N/A"
"=""2719""","燦星旅","N/A","N/A","N/A"
"=""2724""","藝舍-KY","N/A","N/A","N/A"
"=""2726""","雅茗-KY","N/A","N/A","N/A"
"=""2729""","瓦城","N/A","N/A","N/A"
"=""2732""","六角","N/A","N/A","N/A"
"=""2734""","易飛網","N/A","N/A","N/A"
"=""2736""","富野","0.0000%","尚於建置中","其他"
"=""2740""","天蔥","0.0000%","包含合併財務報表之母子公司","N/A"
"=""2743""","山富","N/A","N/A","N/A"
"=""2745""","五福","N/A","N/A","N/A"
"=""2752""","豆府","0.0000%","母公司","N/A"
"=""2754""","亞洲藏壽司","0.0000%","僅母公司","N/A"
"=""2755""","揚秦","N/A","N/A","N/A"
"=""2756""","聯發國際","N/A","N/A","N/A"
"=""2916""","滿心","N/A","N/A","N/A"
"=""2924""","宏太-KY","N/A","N/A","N/A"
"=""2926""","誠品生活","N/A","N/A","N/A"
"=""2937""","集雅社","N/A","N/A","N/A"
"=""2941""","米斯特","N/A","N/A","N/A"
"=""2947""","振宇五金","N/A","N/A","N/A"
"=""2948""","寶陞","N/A","N/A","N/A"
"=""2949""","欣新網","N/A","N/A","N/A"
"=""3064""","泰偉","N/A","N/A","N/A"
"=""3066""","李洲","N/A","N/A","N/A"
"=""3067""","全域","N/A","N/A","N/A"
"=""3071""","協禧","0.0000%","台灣總部(高雄市新光路38號34-35樓)、中國昆山廠(江蘇省昆山市張浦鎮江豐路133號)、中國增達廠(廣東省惠州市博羅縣上興三路7號)","N/A"
"=""3073""","天方能源","N/A","N/A","N/A"
"=""3078""","僑威","N/A","N/A","N/A"
"=""3081""","聯亞","0.0000%","本公司廠區(一、二廠)","N/A"
"=""3083""","網龍","N/A","N/A","N/A"
"=""3085""","新零售","N/A","N/A","N/A"
"=""3086""","華義","N/A","N/A","N/A"
"=""3088""","艾訊","N/A","N/A","N/A"
"=""3093""","港建*","N/A","N/A","N/A"
"=""3095""","及成","N/A","N/A","N/A"
"=""3105""","穩懋","N/A","N/A","N/A"
"=""3114""","好德","N/A","N/A","N/A"
"=""3115""","富榮綱","N/A","N/A","N/A"
"=""3118""","進階","N/A","N/A","N/A"
"=""3122""","笙泉","0.0000%","台灣總公司與台南辦公室","N/A"
"=""3128""","昇銳","N/A","N/A","N/A"
"=""3131""","弘塑","N/A","N/A","N/A"
"=""3141""","晶宏","N/A","N/A","N/A"
"=""3147""","大綜","N/A","N/A","N/A"
"=""3152""","璟德","N/A","N/A","N/A"
"=""3162""","精確","N/A","N/A","N/A"
"=""3163""","波若威","N/A","N/A","N/A"
"=""3169""","亞信","N/A","N/A","N/A"
"=""3171""","新洲","N/A","N/A","N/A"
"=""3176""","基亞","N/A","N/A","N/A"
"=""3178""","公準","N/A","N/A","N/A"
"=""3188""","鑫龍騰","N/A","N/A","N/A"
"=""3191""","雲科","N/A","N/A","N/A"
"=""3202""","樺晟","N/A","N/A","N/A"
"=""3205""","佰研","N/A","N/A","N/A"
"=""3206""","志豐","30.0000%","僅子公司-東莞志豐電子有限公司、蘇州百豐電子有限公司","ISO 50001"
"=""3207""","耀勝","N/A","N/A","N/A"
"=""3211""","順達","50.4300%","大陸子公司","N/A"
"=""3213""","茂訊","N/A","N/A","N/A"
"=""3217""","優群","N/A","N/A","N/A"
"=""3218""","大學光","N/A","N/A","N/A"
"=""3219""","倚強科","N/A","N/A","N/A"
"=""3221""","台嘉碩","N/A","N/A","N/A"
"=""3224""","三顧","N/A","N/A","N/A"
"=""3226""","至寶電","N/A","N/A","N/A"
"=""3227""","原相","N/A","N/A","N/A"
"=""3228""","金麗科","N/A","N/A","N/A"
"=""3230""","錦明","N/A","N/A","N/A"
"=""3232""","昱捷","0.0000%","母子公司","N/A"
"=""3234""","光環","N/A","N/A","N/A"
"=""3236""","千如","12.5547%","台灣楊梅一廠、台灣楊梅二廠、上海廠、廣州廠、馬來西亞廠","N/A"
"=""3252""","海灣","N/A","N/A","N/A"
"=""3259""","鑫創","N/A","N/A","N/A"
"=""3260""","威剛","N/A","N/A","N/A"
"=""3264""","欣銓","6.0000%","欣銓總部、子公司(新加坡、韓國、南京及全智科技)","ISO 50001"
"=""3265""","台星科","0.0000%","包含合併財務報表之母子公司","N/A"
"=""3268""","海德威","N/A","N/A","N/A"
"=""3272""","東碩","41.4600%","東碩昆山","ISO 50001"
"=""3276""","宇環","N/A","N/A","N/A"
"=""3284""","太普高","N/A","N/A","N/A"
"=""3285""","微端","N/A","N/A","N/A"
"=""3287""","廣寰科","N/A","N/A","N/A"
"=""3288""","點晶","N/A","N/A","N/A"
"=""3289""","宜特","N/A","N/A","N/A"
"=""3290""","東浦","N/A","N/A","N/A"
"=""3293""","鈊象","N/A","N/A","N/A"
"=""3294""","英濟","N/A","N/A","N/A"
"=""3297""","杭特","N/A","N/A","N/A"
"=""3303""","岱稜","0.9842%","台灣台南所有廠區","ISO 50001"
"=""3306""","鼎天","N/A","N/A","N/A"
"=""3310""","佳穎","N/A","N/A","N/A"
"=""3313""","斐成","N/A","N/A","N/A"
"=""3317""","尼克森","N/A","N/A","N/A"
"=""3322""","建舜電","N/A","N/A","N/A"
"=""3323""","加百裕","N/A","N/A","N/A"
"=""3324""","雙鴻","0.0000%","涵蓋台北營運總部（母公司）","N/A"
"=""3325""","旭品","N/A","N/A","N/A"
"=""3332""","幸康","N/A","N/A","N/A"
"=""3339""","泰谷","N/A","N/A","N/A"
"=""3349""","寶德","N/A","N/A","N/A"
"=""3354""","律勝","N/A","N/A","N/A"
"=""3357""","臺慶科","N/A","N/A","N/A"
"=""3360""","尚立","N/A","N/A","N/A"
"=""3362""","先進光","N/A","N/A","N/A"
"=""3363""","上詮","N/A","N/A","N/A"
"=""3372""","典範","1.0800%","台灣典範半導體股份有限公司一、二廠","N/A"
"=""3373""","熱映","N/A","N/A","N/A"
"=""3374""","精材","1.0600%","僅母公司","ISO 50001"
"=""3379""","彬台","N/A","N/A","N/A"
"=""3388""","崇越電","N/A","N/A","N/A"
"=""3390""","旭軟","N/A","N/A","N/A"
"=""3402""","漢科","N/A","N/A","N/A"
"=""3426""","台興","N/A","N/A","N/A"
"=""3430""","奇鈦科","N/A","N/A","N/A"
"=""3434""","哲固","N/A","N/A","N/A"
"=""3438""","類比科","N/A","N/A","N/A"
"=""3441""","聯一光電","N/A","N/A","N/A"
"=""3444""","利機","N/A","N/A","N/A"
"=""3455""","由田","N/A","N/A","N/A"
"=""3465""","進泰電子","N/A","N/A","N/A"
"=""3466""","德晉","N/A","N/A","N/A"
"=""3479""","安勤","N/A","N/A","N/A"
"=""3483""","力致","N/A","N/A","N/A"
"=""3484""","崧騰","N/A","N/A","N/A"
"=""3489""","森寶","N/A","N/A","N/A"
"=""3490""","單井","N/A","N/A","N/A"
"=""3491""","昇達科","N/A","N/A","N/A"
"=""3492""","長盛","N/A","N/A","N/A"
"=""3498""","陽程","N/A","N/A","N/A"
"=""3499""","環天科","N/A","N/A","N/A"
"=""3508""","位速","N/A","N/A","N/A"
"=""3511""","矽瑪","N/A","N/A","N/A"
"=""3512""","皇龍","N/A","N/A","N/A"
"=""3516""","亞帝歐","N/A","N/A","N/A"
"=""3520""","華盈","N/A","N/A","N/A"
"=""3521""","鴻翊","N/A","N/A","N/A"
"=""3522""","御頂","N/A","N/A","N/A"
"=""3523""","迎輝","N/A","N/A","N/A"
"=""3526""","凡甲","N/A","N/A","N/A"
"=""3527""","聚積","N/A","N/A","N/A"
"=""3529""","力旺","N/A","N/A","N/A"
"=""3531""","先益","N/A","N/A","N/A"
"=""3537""","堡達","N/A","N/A","N/A"
"=""3540""","曜越","N/A","N/A","N/A"
"=""3541""","西柏","N/A","N/A","N/A"
"=""3546""","宇峻","N/A","N/A","N/A"
"=""3548""","兆利","N/A","N/A","N/A"
"=""3551""","世禾","N/A","N/A","N/A"
"=""3552""","同致","N/A","N/A","N/A"
"=""3555""","博士旺","N/A","N/A","N/A"
"=""3556""","禾瑞亞","N/A","N/A","N/A"
"=""3558""","神準","N/A","N/A","N/A"
"=""3564""","其陽","N/A","N/A","N/A"
"=""3567""","逸昌","N/A","N/A","N/A"
"=""3570""","大塚","N/A","N/A","N/A"
"=""3577""","泓格","N/A","N/A","N/A"
"=""3580""","友威科","N/A","N/A","N/A"
"=""3581""","博磊","N/A","N/A","N/A"
"=""3587""","閎康","N/A","N/A","N/A"
"=""3594""","磐儀","N/A","N/A","N/A"
"=""3597""","映興","N/A","N/A","N/A"
"=""3609""","三一東林","N/A","N/A","N/A"
"=""3611""","鼎翰","N/A","N/A","N/A"
"=""3615""","安可","N/A","N/A","N/A"
"=""3623""","富晶通","N/A","N/A","N/A"
"=""3624""","光頡","0.0000%","母公司","N/A"
"=""3625""","西勝","N/A","N/A","N/A"
"=""3628""","盈正","N/A","N/A","N/A"
"=""3629""","地心引力","N/A","N/A","N/A"
"=""3630""","新鉅科","N/A","N/A","N/A"
"=""3631""","晟楠","N/A","N/A","N/A"
"=""3632""","研勤","N/A","N/A","N/A"
"=""3646""","艾恩特","N/A","N/A","N/A"
"=""3663""","鑫科","N/A","N/A","N/A"
"=""3664""","安瑞-KY","N/A","N/A","N/A"
"=""3666""","光耀","N/A","N/A","N/A"
"=""3672""","康聯訊","N/A","N/A","N/A"
"=""3675""","德微","N/A","N/A","N/A"
"=""3680""","家登","N/A","N/A","ISO 50001"
"=""3684""","榮昌","N/A","N/A","N/A"
"=""3685""","元創精密","N/A","N/A","N/A"
"=""3687""","歐買尬","N/A","N/A","N/A"
"=""3689""","湧德","N/A","N/A","N/A"
"=""3691""","碩禾","N/A","N/A","N/A"
"=""3693""","營邦","N/A","N/A","N/A"
"=""3707""","漢磊","0.8000%","母公司","N/A"
"=""3709""","鑫聯大投控","N/A","N/A","N/A"
"=""3710""","連展投控","N/A","N/A","N/A"
"=""3713""","新晶投控","N/A","N/A","N/A"
"=""4102""","永日","N/A","N/A","N/A"
"=""4105""","東洋","N/A","N/A","N/A"
"=""4107""","邦特","N/A","N/A","N/A"
"=""4109""","加捷生醫","N/A","N/A","N/A"
"=""4111""","濟生","N/A","N/A","N/A"
"=""4113""","聯上","N/A","N/A","N/A"
"=""4114""","健喬","N/A","N/A","N/A"
"=""4116""","明基醫","N/A","N/A","N/A"
"=""4120""","友華","N/A","N/A","N/A"
"=""4121""","優盛","N/A","N/A","N/A"
"=""4123""","晟德","N/A","N/A","N/A"
"=""4126""","太醫","0.0000%","全公司","N/A"
"=""4127""","天良","N/A","N/A","N/A"
"=""4128""","中天","N/A","N/A","N/A"
"=""4129""","聯合","0.0000%","全公司","N/A"
"=""4130""","健亞","N/A","N/A","N/A"
"=""4131""","浩泰","N/A","N/A","N/A"
"=""4138""","曜亞","N/A","N/A","N/A"
"=""4139""","馬光-KY","N/A","N/A","N/A"
"=""4147""","中裕","N/A","N/A","N/A"
"=""4153""","鈺緯","N/A","N/A","N/A"
"=""4154""","樂威科-KY","N/A","N/A","N/A"
"=""4157""","太景*-KY","0.0000%","太景台灣","N/A"
"=""4160""","訊聯基因","N/A","N/A","N/A"
"=""4161""","聿新科","N/A","N/A","N/A"
"=""4162""","智擎","N/A","N/A","N/A"
"=""4163""","鐿鈦","N/A","N/A","N/A"
"=""4167""","松瑞藥","N/A","N/A","N/A"
"=""4168""","醣聯","N/A","N/A","N/A"
"=""4171""","瑞基","N/A","N/A","N/A"
"=""4173""","久裕","N/A","N/A","N/A"
"=""4174""","浩鼎","N/A","N/A","N/A"
"=""4175""","杏一","N/A","N/A","N/A"
"=""4183""","福永生技","N/A","N/A","N/A"
"=""4188""","安克","N/A","N/A","N/A"
"=""4192""","杏國","N/A","N/A","N/A"
"=""4198""","欣大健康","N/A","N/A","N/A"
"=""4205""","中華食","N/A","N/A","N/A"
"=""4207""","環泰","N/A","N/A","N/A"
"=""4303""","信立","N/A","N/A","N/A"
"=""4304""","勝昱","N/A","N/A","N/A"
"=""4305""","世坤","N/A","N/A","N/A"
"=""4401""","東隆興","2.6800%","2023年太陽能板發電量為1,645,660kw/h,約佔東隆用電量61,452,460kw/h之2.68%	","ISO 50001"
"=""4402""","福大","N/A","N/A","N/A"
"=""4406""","新昕纖","N/A","N/A","N/A"
"=""4413""","飛寶企業","N/A","N/A","N/A"
"=""4416""","三圓","N/A","N/A","N/A"
"=""4417""","金洲","0.0000%","母子公司","N/A"
"=""4419""","元勝","N/A","N/A","N/A"
"=""4420""","光明","N/A","N/A","N/A"
"=""4430""","耀億","N/A","N/A","N/A"
"=""4432""","銘旺實","N/A","N/A","N/A"
"=""4433""","興采","N/A","N/A","N/A"
"=""4442""","竣邦-KY","N/A","N/A","N/A"
"=""4502""","健信","N/A","N/A","N/A"
"=""4503""","金雨","N/A","N/A","N/A"
"=""4506""","崇友","N/A","N/A","N/A"
"=""4510""","高鋒","N/A","N/A","N/A"
"=""4513""","福裕","N/A","N/A","N/A"
"=""4523""","永彰","N/A","N/A","N/A"
"=""4527""","方方土霖","N/A","N/A","N/A"
"=""4528""","江興鍛","N/A","N/A","N/A"
"=""4529""","淳紳","N/A","N/A","N/A"
"=""4530""","宏易","N/A","N/A","N/A"
"=""4533""","協易機","N/A","N/A","N/A"
"=""4534""","慶騰","N/A","N/A","N/A"
"=""4535""","至興","N/A","N/A","ISO 50001"
"=""4538""","大詠城","N/A","N/A","N/A"
"=""4541""","晟田","N/A","N/A","N/A"
"=""4542""","科嶠","N/A","N/A","N/A"
"=""4543""","萬在","N/A","N/A","N/A"
"=""4549""","桓達","N/A","N/A","N/A"
"=""4550""","長佳","N/A","N/A","N/A"
"=""4554""","橙的","N/A","N/A","N/A"
"=""4556""","旭然","N/A","N/A","N/A"
"=""4558""","寶緯","N/A","N/A","N/A"
"=""4561""","健椿","N/A","N/A","ISO 50001"
"=""4563""","百德","N/A","N/A","N/A"
"=""4568""","科際精密","N/A","N/A","N/A"
"=""4577""","達航科技","N/A","N/A","N/A"
"=""4580""","捷流閥業","N/A","N/A","N/A"
"=""4584""","君帆","N/A","N/A","N/A"
"=""4609""","唐鋒","N/A","N/A","N/A"
"=""4702""","中美實","0.0000%","母公司","N/A"
"=""4706""","大恭","N/A","N/A","N/A"
"=""4707""","磐亞","N/A","N/A","N/A"
"=""4711""","永純","N/A","N/A","N/A"
"=""4714""","永捷","0.0000%","包含合併財務報表之母子公司","N/A"
"=""4716""","大立","N/A","N/A","N/A"
"=""4721""","美琪瑪","N/A","N/A","其他(確信準則3000號)"
"=""4726""","永昕","N/A","N/A","N/A"
"=""4728""","雙美","N/A","N/A","N/A"
"=""4729""","熒茂","N/A","N/A","ISO 50001"
"=""4735""","豪展","N/A","N/A","N/A"
"=""4741""","泓瀚","N/A","N/A","N/A"
"=""4743""","合一","1.4444%","包含合併財務報表之母子公司","N/A"
"=""4744""","皇將","N/A","N/A","N/A"
"=""4745""","合富-KY","N/A","N/A","N/A"
"=""4747""","強生製藥","N/A","N/A","N/A"
"=""4754""","國碳科","N/A","N/A","N/A"
"=""4760""","勤凱科技","N/A","N/A","N/A"
"=""4767""","誠泰科技","N/A","N/A","N/A"
"=""4768""","晶呈科技","N/A","N/A","其他(確信準則3000號)"
"=""4804""","大略-KY","N/A","N/A","N/A"
"=""4806""","昇華","N/A","N/A","N/A"
"=""4903""","聯光通","N/A","N/A","N/A"
"=""4905""","台聯電","N/A","N/A","N/A"
"=""4907""","富宇","N/A","N/A","N/A"
"=""4908""","前鼎","N/A","N/A","N/A"
"=""4909""","新復興","N/A","N/A","N/A"
"=""4911""","德英","N/A","N/A","N/A"
"=""4923""","力士","N/A","N/A","N/A"
"=""4924""","欣厚-KY","N/A","N/A","N/A"
"=""4931""","新盛力","N/A","N/A","N/A"
"=""4933""","友輝","N/A","N/A","N/A"
"=""4939""","亞電","N/A","N/A","N/A"
"=""4945""","陞達科技","N/A","N/A","N/A"
"=""4946""","辣椒","N/A","N/A","N/A"
"=""4951""","精拓科","N/A","N/A","N/A"
"=""4953""","緯軟","N/A","本公司武漢大樓之太陽能板自發用電已經自動從電費單中(盤查清冊中)扣掉，故無特別統計。","N/A"
"=""4966""","譜瑞-KY","N/A","N/A","N/A"
"=""4971""","IET-KY","N/A","N/A","N/A"
"=""4972""","湯石照明","N/A","N/A","N/A"
"=""4973""","廣穎電通","N/A","N/A","N/A"
"=""4974""","亞泰","N/A","N/A","N/A"
"=""4979""","華星光","N/A","N/A","N/A"
"=""4987""","科誠","N/A","N/A","N/A"
"=""4991""","環宇-KY","N/A","N/A","N/A"
"=""4995""","晶達","N/A","N/A","N/A"
"=""5009""","榮剛","0.0000%","母公司，排除租賃資產","ISO 50001"
"=""5011""","久陽","N/A","N/A","N/A"
"=""5013""","強新","N/A","N/A","N/A"
"=""5014""","建錩","N/A","N/A","N/A"
"=""5015""","華祺","N/A","N/A","N/A"
"=""5016""","松和","0.0005%","僅母公司","N/A"
"=""5201""","凱衛","N/A","N/A","N/A"
"=""5202""","力新","N/A","N/A","N/A"
"=""5205""","中茂","N/A","N/A","N/A"
"=""5206""","坤悅","N/A","N/A","N/A"
"=""5209""","新鼎","N/A","N/A","N/A"
"=""5210""","寶碩","N/A","N/A","N/A"
"=""5211""","蒙恬","N/A","N/A","N/A"
"=""5212""","凌網","N/A","N/A","N/A"
"=""5213""","亞昕","N/A","N/A","N/A"
"=""5220""","萬達光電","5.8300%","母公司","N/A"
"=""5227""","立凱-KY","N/A","N/A","N/A"
"=""5228""","鈺鎧","N/A","N/A","N/A"
"=""5230""","雷笛克光學","N/A","N/A","N/A"
"=""5236""","凌陽創新","N/A","N/A","N/A"
"=""5245""","智晶","N/A","N/A","N/A"
"=""5251""","天鉞電","N/A","N/A","N/A"
"=""5263""","智崴","N/A","N/A","N/A"
"=""5272""","笙科","N/A","N/A","N/A"
"=""5274""","信驊","N/A","N/A","N/A"
"=""5276""","達輝-KY","N/A","N/A","N/A"
"=""5278""","尚凡","N/A","N/A","N/A"
"=""5287""","數字","N/A","N/A","N/A"
"=""5289""","宜鼎","11.3000%","僅母公司","N/A"
"=""5291""","邑昇","N/A","N/A","ISO 50001"
"=""5299""","杰力","N/A","N/A","N/A"
"=""5301""","寶得利","N/A","N/A","N/A"
"=""5302""","太欣","N/A","N/A","N/A"
"=""5309""","系統電","N/A","N/A","N/A"
"=""5310""","天剛","N/A","N/A","N/A"
"=""5312""","寶島科","N/A","N/A","N/A"
"=""5314""","世紀","N/A","N/A","N/A"
"=""5315""","光聯","N/A","N/A","ISO 50001"
"=""5321""","美而快","N/A","N/A","N/A"
"=""5324""","士開","N/A","N/A","N/A"
"=""5328""","華容","N/A","N/A","N/A"
"=""5340""","建榮","N/A","N/A","N/A"
"=""5344""","立衛","N/A","N/A","N/A"
"=""5345""","天揚","N/A","N/A","N/A"
"=""5347""","世界","1.2400%","再生能源用電量12,120MWh / 總能耗量:975,908MWh","ISO 50001"
"=""5348""","正能量智能","N/A","N/A","N/A"
"=""5351""","鈺創","0.0000%","所有廠區","N/A"
"=""5353""","台林","N/A","N/A","N/A"
"=""5355""","佳總","N/A","N/A","N/A"
"=""5356""","協益","N/A","N/A","N/A"
"=""5364""","力麗店","N/A","N/A","N/A"
"=""5371""","中光電","7.0000%","台灣廠區及台灣子公司","ISO 50001"
"=""5381""","合正","N/A","N/A","N/A"
"=""5386""","青雲","N/A","N/A","N/A"
"=""5392""","能率","N/A","N/A","N/A"
"=""5398""","慕康生醫","N/A","N/A","N/A"
"=""5403""","中菲","N/A","N/A","N/A"
"=""5410""","國眾","N/A","N/A","N/A"
"=""5425""","台半","N/A","N/A","ISO 50001"
"=""5426""","振發","N/A","N/A","N/A"
"=""5432""","新門","N/A","N/A","N/A"
"=""5438""","東友","N/A","N/A","N/A"
"=""5439""","高技","N/A","N/A","N/A"
"=""5443""","均豪","N/A","N/A","N/A"
"=""5450""","南良","N/A","N/A","N/A"
"=""5452""","佶優","N/A","N/A","N/A"
"=""5455""","昇益","N/A","N/A","N/A"
"=""5457""","宣德","N/A","N/A","N/A"
"=""5460""","同協","0.0000%","僅母公司","N/A"
"=""5464""","霖宏","N/A","N/A","N/A"
"=""5465""","富驊","N/A","N/A","N/A"
"=""5468""","凱鈺","N/A","N/A","N/A"
"=""5474""","聰泰","N/A","N/A","N/A"
"=""5475""","德宏","N/A","N/A","N/A"
"=""5478""","智冠","N/A","N/A","N/A"
"=""5481""","新華","N/A","N/A","N/A"
"=""5483""","中美晶","0.0030%","母公司，包含：總公司、竹南分公司(竹南廠、二廠)、宜蘭分公司(一廠、三廠)、旭鑫分公司","ISO 50001"
"=""5487""","通泰","N/A","N/A","N/A"
"=""5488""","松普","N/A","N/A","N/A"
"=""5489""","彩富","N/A","N/A","N/A"
"=""5490""","同亨","N/A","N/A","N/A"
"=""5493""","三聯","N/A","N/A","N/A"
"=""5498""","凱崴","N/A","N/A","N/A"
"=""5508""","永信建","N/A","N/A","N/A"
"=""5511""","德昌","N/A","N/A","N/A"
"=""5512""","力麒","N/A","N/A","N/A"
"=""5514""","三豐","N/A","N/A","N/A"
"=""5516""","雙喜","N/A","N/A","N/A"
"=""5520""","力泰","N/A","N/A","N/A"
"=""5523""","豐謙","N/A","N/A","N/A"
"=""5529""","鉅陞","N/A","N/A","N/A"
"=""5530""","龍巖","N/A","N/A","N/A"
"=""5536""","聖暉*","N/A","N/A","ISO 50001"
"=""5543""","桓鼎-KY","N/A","N/A","N/A"
"=""5548""","安倉","N/A","N/A","N/A"
"=""5601""","台聯櫃","N/A","N/A","N/A"
"=""5603""","陸海","N/A","N/A","N/A"
"=""5604""","中連","N/A","N/A","N/A"
"=""5609""","中菲行","N/A","N/A","N/A"
"=""5701""","劍湖山","N/A","N/A","N/A"
"=""5703""","亞都麗緻","N/A","N/A","N/A"
"=""5704""","老爺知","N/A","N/A","N/A"
"=""5864""","致和證","N/A","N/A","N/A"
"=""5878""","台名","N/A","N/A","N/A"
"=""5902""","德記","N/A","N/A","N/A"
"=""5903""","全家","N/A","N/A","N/A"
"=""5904""","寶雅","0.0000%","以營運控制權法執行盤查作業原則，地理位置範圍含下列之辦公室、物流中心及411間分店","N/A"
"=""5905""","南仁湖","N/A","N/A","N/A"
"=""6015""","宏遠證","0.0000%","包含合併財務報表之母子公司","N/A"
"=""6016""","康和證","N/A","N/A","其他(ISO14064-3)"
"=""6020""","大展證","N/A","N/A","N/A"
"=""6021""","美好證","N/A","N/A","N/A"
"=""6023""","元大期貨","22.9800%","全台營運據點","ISO 50001"
"=""6026""","福邦證","N/A","N/A","N/A"
"=""6101""","寬魚國際","N/A","N/A","N/A"
"=""6103""","合邦","N/A","N/A","N/A"
"=""6104""","創惟","N/A","N/A","N/A"
"=""6109""","亞元","N/A","N/A","N/A"
"=""6111""","大宇資","N/A","N/A","N/A"
"=""6113""","亞矽","N/A","N/A","N/A"
"=""6114""","久威","N/A","N/A","N/A"
"=""6118""","建達","N/A","N/A","N/A"
"=""6121""","新普","65.0000%","包含合併財務報表之母子公司","ISO 50001"
"=""6122""","擎邦","N/A","N/A","N/A"
"=""6123""","上奇","N/A","N/A","N/A"
"=""6124""","業強","N/A","N/A","N/A"
"=""6125""","廣運","N/A","N/A","N/A"
"=""6126""","信音","6.5586%","合併財務報表之母子公司","N/A"
"=""6127""","九豪","N/A","N/A","N/A"
"=""6129""","普誠","N/A","N/A","N/A"
"=""6130""","上亞科技","N/A","N/A","N/A"
"=""6134""","萬旭","N/A","N/A","N/A"
"=""6138""","茂達","N/A","N/A","N/A"
"=""6140""","訊達電腦","N/A","N/A","N/A"
"=""6143""","振曜","N/A","N/A","N/A"
"=""6144""","得利影","N/A","N/A","N/A"
"=""6146""","耕興","N/A","N/A","N/A"
"=""6147""","頎邦","0.0100%","僅母公司 (全台灣六處營運據點)","ISO 50001"
"=""6148""","驊宏資","N/A","N/A","N/A"
"=""6150""","撼訊","N/A","N/A","N/A"
"=""6151""","晉倫","N/A","N/A","N/A"
"=""6154""","順發","N/A","N/A","N/A"
"=""6156""","松上","N/A","N/A","N/A"
"=""6158""","禾昌","N/A","N/A","N/A"
"=""6160""","欣技","N/A","N/A","N/A"
"=""6161""","捷波","N/A","N/A","N/A"
"=""6163""","華電網","N/A","N/A","N/A"
"=""6167""","久正","N/A","N/A","N/A"
"=""6169""","昱泉","N/A","N/A","N/A"
"=""6170""","統振","N/A","N/A","N/A"
"=""6171""","大城地產","N/A","N/A","N/A"
"=""6173""","信昌電","0.0000%","母公司台灣工廠","N/A"
"=""6174""","安碁","N/A","N/A","ISO 50001"
"=""6175""","立敦","N/A","N/A","N/A"
"=""6179""","亞通","N/A","N/A","N/A"
"=""6180""","橘子","12.5800%","包含內湖總部大樓及承租之數據機房。","N/A"
"=""6182""","合晶","1.2700%","台灣地區楊梅廠與龍潭廠","ISO 50001"
"=""6185""","幃翔","N/A","N/A","N/A"
"=""6186""","新潤","N/A","N/A","N/A"
"=""6187""","萬潤","N/A","N/A","N/A"
"=""6188""","廣明","N/A","N/A","N/A"
"=""6190""","萬泰科","N/A","N/A","N/A"
"=""6194""","育富","N/A","N/A","N/A"
"=""6195""","詩肯","N/A","N/A","N/A"
"=""6198""","瑞築","N/A","N/A","N/A"
"=""6199""","天品","N/A","N/A","N/A"
"=""6203""","海韻電","N/A","N/A","N/A"
"=""6204""","艾華","N/A","N/A","N/A"
"=""6207""","雷科","N/A","N/A","N/A"
"=""6208""","日揚","N/A","N/A","N/A"
"=""6210""","慶生","0.0000%","慶生電子股份有限公司-全廠區(2023年度)","N/A"
"=""6212""","理銘","N/A","N/A","N/A"
"=""6217""","中探針","N/A","N/A","N/A"
"=""6218""","豪勉","N/A","N/A","N/A"
"=""6219""","富旺","N/A","N/A","N/A"
"=""6220""","岳豐","0.0000%","台灣母公司(含台北辦事處)","N/A"
"=""6221""","晉泰","N/A","N/A","N/A"
"=""6222""","上揚","N/A","N/A","N/A"
"=""6223""","旺矽","N/A","N/A","N/A"
"=""6227""","茂綸","N/A","N/A","N/A"
"=""6228""","全譜","N/A","N/A","N/A"
"=""6229""","研通","N/A","N/A","N/A"
"=""6231""","系微","0.0000%","不適用","N/A"
"=""6233""","旺玖","N/A","N/A","N/A"
"=""6234""","高僑","N/A","N/A","N/A"
"=""6236""","中湛","N/A","N/A","N/A"
"=""6237""","驊訊","N/A","N/A","N/A"
"=""6240""","松崗","N/A","N/A","N/A"
"=""6241""","易通展","N/A","N/A","N/A"
"=""6242""","立康","N/A","N/A","N/A"
"=""6244""","茂迪","0.2000%","茂迪台灣廠區","N/A"
"=""6245""","立端","N/A","N/A","ISO 50001"
"=""6246""","臺龍","N/A","N/A","N/A"
"=""6248""","沛波","N/A","N/A","N/A"
"=""6259""","百徽","N/A","N/A","N/A"
"=""6261""","久元","N/A","N/A","ISO 50001"
"=""6263""","普萊德","13.6400%","母公司","N/A"
"=""6264""","富裔","N/A","未確信","其他"
"=""6265""","方土昶","N/A","N/A","N/A"
"=""6266""","泰詠","N/A","N/A","N/A"
"=""6270""","倍微","N/A","N/A","N/A"
"=""6274""","台燿","N/A","N/A","N/A"
"=""6275""","元山","N/A","N/A","N/A"
"=""6276""","安鈦克","N/A","N/A","N/A"
"=""6279""","胡連","3.2985%","涵蓋胡連集團之南京胡連,越南胡連,嘉興上河三個營運據點的數據","N/A"
"=""6284""","佳邦","N/A","N/A","N/A"
"=""6287""","元隆","N/A","N/A","N/A"
"=""6290""","良維","N/A","N/A","N/A"
"=""6291""","沛亨","N/A","N/A","N/A"
"=""6292""","迅德","N/A","N/A","N/A"
"=""6294""","智基","N/A","N/A","N/A"
"=""6411""","晶焱","N/A","N/A","N/A"
"=""6417""","韋僑","N/A","N/A","N/A"
"=""6418""","詠昇","N/A","N/A","N/A"
"=""6419""","京晨科","N/A","N/A","N/A"
"=""6425""","易發","N/A","N/A","N/A"
"=""6432""","今展科","N/A","N/A","N/A"
"=""6435""","大中","N/A","N/A","N/A"
"=""6441""","廣錠","N/A","N/A","N/A"
"=""6457""","紘康","N/A","N/A","N/A"
"=""6461""","益得","N/A","N/A","N/A"
"=""6462""","神盾","N/A","N/A","N/A"
"=""6465""","威潤","N/A","N/A","N/A"
"=""6469""","大樹","N/A","N/A","N/A"
"=""6470""","宇智","N/A","N/A","ISO 50001"
"=""6482""","弘煜科","N/A","N/A","N/A"
"=""6485""","點序","N/A","N/A","N/A"
"=""6486""","互動","N/A","N/A","N/A"
"=""6488""","環球晶","2.7000%","台灣區：環球晶圓總部&竹南廠、中德分公司 海外區：GlobalWafers Japan Co., Ltd.、昆山中辰矽晶、MEMC Electronic Materials S.p.A、MEMC Korea Company、MEMC Japan Ltd.、MEMC Electronic Materials Sdn. Bhd.、Topsil GlobalWafers A/S","ISO 50001"
"=""6492""","生華科","N/A","N/A","N/A"
"=""6494""","九齊","N/A","N/A","N/A"
"=""6496""","科懋","N/A","N/A","N/A"
"=""6499""","益安","N/A","N/A","N/A"
"=""6506""","雙邦","N/A","N/A","N/A"
"=""6508""","惠光","N/A","N/A","N/A"
"=""6509""","聚和","N/A","N/A","ISO 50001"
"=""6510""","精測","N/A","N/A","N/A"
"=""6512""","啟發電","N/A","N/A","N/A"
"=""6516""","勤崴國際","N/A","N/A","N/A"
"=""6517""","保勝光學","N/A","N/A","N/A"
"=""6523""","達爾膚","N/A","N/A","N/A"
"=""6527""","明達醫","N/A","N/A","N/A"
"=""6530""","創威","N/A","N/A","N/A"
"=""6532""","瑞耘","9.1244%","瑞耘科技位於台灣的新竹廠及新豐廠(母公司)","N/A"
"=""6535""","順藥","N/A","N/A","N/A"
"=""6538""","倉和","N/A","N/A","N/A"
"=""6542""","隆中","N/A","N/A","N/A"
"=""6546""","正基","N/A","N/A","N/A"
"=""6547""","高端疫苗","N/A","N/A","N/A"
"=""6548""","長科*","6.0000%","包含合併財務報表之母子公司","N/A"
"=""6556""","勝品","N/A","N/A","N/A"
"=""6560""","欣普羅","N/A","N/A","N/A"
"=""6561""","是方","0.0000%","114051 台北市內湖區瑞光路 68 號 2 樓 114062 台北市內湖區瑞光路 188 巷37 號 114067 台北市內湖區陽光街 250 號 114664 台北市內湖區瑞光路 76 巷45 號 中國(上海)自由貿易試驗區基隆路55 號6 層B09 室","N/A"
"=""6568""","宏觀","N/A","N/A","N/A"
"=""6569""","醫揚","N/A","N/A","其他(GHG Protocol)"
"=""6570""","維田","N/A","N/A","N/A"
"=""6574""","霈方","N/A","N/A","N/A"
"=""6576""","逸達","N/A","N/A","N/A"
"=""6577""","勁豐","N/A","N/A","N/A"
"=""6578""","達邦蛋白","N/A","N/A","N/A"
"=""6584""","南俊國際","N/A","N/A","N/A"
"=""6588""","東典","N/A","N/A","N/A"
"=""6589""","台康生技","N/A","N/A","N/A"
"=""6590""","普鴻","N/A","N/A","N/A"
"=""6593""","台灣銘板","N/A","N/A","N/A"
"=""6596""","寬宏藝術","N/A","N/A","N/A"
"=""6603""","富強鑫","N/A","N/A","N/A"
"=""6609""","瀧澤科","N/A","N/A","N/A"
"=""6612""","奈米醫材","N/A","N/A","N/A"
"=""6613""","朋億*","N/A","N/A","N/A"
"=""6615""","慧智","0.0000%","母公司","N/A"
"=""6616""","特昇-KY","N/A","N/A","N/A"
"=""6617""","共信-KY","N/A","N/A","N/A"
"=""6624""","萬年清","N/A","N/A","N/A"
"=""6629""","泰金-KY","41.0000%","合併財務報表之母子公司 ","其他(根據能源部法律驗證)"
"=""6637""","醫影","N/A","N/A","N/A"
"=""6640""","均華","N/A","N/A","N/A"
"=""6642""","富致","N/A","N/A","N/A"
"=""6643""","M31","0.0000%","無","N/A"
"=""6649""","台生材","N/A","N/A","N/A"
"=""6651""","全宇昕","N/A","N/A","N/A"
"=""6654""","天正國際","N/A","N/A","N/A"
"=""6661""","威健生技","N/A","N/A","N/A"
"=""6662""","樂斯科","N/A","N/A","N/A"
"=""6664""","群翊","N/A","N/A","N/A"
"=""6667""","信紘科","N/A","N/A","N/A"
"=""6679""","鈺太","N/A","N/A","N/A"
"=""6680""","鑫創電子","N/A","N/A","N/A"
"=""6683""","雍智科技","N/A","N/A","N/A"
"=""6684""","安格","N/A","N/A","N/A"
"=""6690""","安碁資訊","56.0000%","含合併財務報表之母子公司 ","N/A"
"=""6692""","進能服","N/A","N/A","N/A"
"=""6693""","廣閎科","N/A","N/A","N/A"
"=""6697""","東捷資訊","N/A","N/A","N/A"
"=""6703""","軒郁","N/A","N/A","N/A"
"=""6708""","天擎","N/A","N/A","N/A"
"=""6712""","長聖","N/A","N/A","N/A"
"=""6716""","應廣","N/A","N/A","N/A"
"=""6721""","信實","N/A","N/A","N/A"
"=""6727""","亞泰金屬","N/A","N/A","N/A"
"=""6728""","上洋","N/A","N/A","N/A"
"=""6732""","昇佳電子","5.1500%","昇佳電子(新竹總部)","N/A"
"=""6733""","博晟生醫","N/A","N/A","N/A"
"=""6735""","美達科技","N/A","N/A","N/A"
"=""6741""","91APP*-KY","N/A","N/A","N/A"
"=""6747""","亨泰光","N/A","N/A","N/A"
"=""6751""","智聯服務","0.0000%","含合併財務報表之母子公司","N/A"
"=""6752""","叡揚","N/A","N/A","N/A"
"=""6761""","穩得","N/A","N/A","N/A"
"=""6762""","達亞","N/A","N/A","N/A"
"=""6763""","綠界科技","N/A","N/A","N/A"
"=""6767""","台微醫","N/A","N/A","N/A"
"=""6785""","昱展新藥","N/A","N/A","N/A"
"=""6788""","華景電","N/A","N/A","N/A"
"=""6791""","虎門科技","N/A","N/A","N/A"
"=""6803""","崑鼎","N/A","N/A","N/A"
"=""6804""","明係","N/A","N/A","N/A"
"=""6811""","宏碁資訊","0.0000%","含合併財務報表之母子公司","N/A"
"=""6821""","聯寶","N/A","N/A","N/A"
"=""6823""","濾能","N/A","N/A","N/A"
"=""6829""","千附精密","N/A","N/A","N/A"
"=""6840""","東研信超","N/A","N/A","N/A"
"=""6841""","長佳智能","N/A","N/A","N/A"
"=""6843""","進典","N/A","N/A","N/A"
"=""6844""","諾貝兒","N/A","N/A","N/A"
"=""6846""","綠茵","N/A","N/A","N/A"
"=""6855""","數泓科","N/A","N/A","N/A"
"=""6856""","鑫傳","N/A","N/A","N/A"
"=""6859""","伯特光","N/A","N/A","N/A"
"=""6865""","偉康科技","N/A","N/A","N/A"
"=""6870""","騰雲","N/A","N/A","N/A"
"=""6874""","倍力","N/A","N/A","N/A"
"=""6875""","國邑*","N/A","N/A","N/A"
"=""6877""","鏵友益","N/A","N/A","N/A"
"=""6881""","潤德","0.0000%","尚無使用再生能源。","N/A"
"=""6894""","衛司特","N/A","N/A","N/A"
"=""6895""","宏碩系統","N/A","N/A","N/A"
"=""6899""","創為精密","N/A","N/A","N/A"
"=""6903""","巨漢","N/A","N/A","N/A"
"=""6904""","伯鑫","N/A","N/A","N/A"
"=""6922""","宸曜","N/A","N/A","N/A"
"=""6929""","佑全","N/A","N/A","N/A"
"=""6953""","家碩","N/A","N/A","N/A"
"=""7402""","邑錡","N/A","N/A","N/A"
"=""7556""","意德士科技","N/A","N/A","N/A"
"=""8024""","佑華","N/A","N/A","N/A"
"=""8027""","鈦昇","N/A","N/A","N/A"
"=""8032""","光菱","0.0000%","母公司","N/A"
"=""8034""","榮群","N/A","N/A","N/A"
"=""8038""","長園科","N/A","N/A","N/A"
"=""8040""","九暘","N/A","N/A","N/A"
"=""8042""","金山電","2.7000%","母公司及海外實體子公司","N/A"
"=""8043""","蜜望實","N/A","N/A","N/A"
"=""8044""","網家","N/A","N/A","N/A"
"=""8047""","星雲","N/A","N/A","N/A"
"=""8048""","德勝","N/A","N/A","N/A"
"=""8049""","晶采","N/A","N/A","N/A"
"=""8050""","廣積","N/A","N/A","N/A"
"=""8054""","安國","N/A","N/A","N/A"
"=""8059""","凱碩","N/A","N/A","N/A"
"=""8064""","東捷","N/A","N/A","N/A"
"=""8066""","來思達","N/A","N/A","N/A"
"=""8067""","志旭","N/A","N/A","N/A"
"=""8068""","全達","N/A","N/A","N/A"
"=""8069""","元太","29.4000%","全球廠區","ISO 50001"
"=""8071""","能率網通","N/A","N/A","N/A"
"=""8074""","鉅橡","N/A","N/A","N/A"
"=""8076""","伍豐","0.0000%","母公司","N/A"
"=""8077""","洛碁","N/A","N/A","N/A"
"=""8080""","印鉐","N/A","N/A","N/A"
"=""8083""","瑞穎","N/A","N/A","N/A"
"=""8084""","巨虹","N/A","N/A","N/A"
"=""8085""","福華","1.0200%","112年度","N/A"
"=""8086""","宏捷科","N/A","N/A","N/A"
"=""8087""","華鎂鑫","N/A","N/A","N/A"
"=""8088""","品安","N/A","N/A","N/A"
"=""8089""","康全電訊","N/A","N/A","N/A"
"=""8091""","翔名","0.0000%","僅母公司","N/A"
"=""8092""","建暐","N/A","N/A","N/A"
"=""8093""","保銳","N/A","N/A","N/A"
"=""8096""","擎亞","N/A","N/A","N/A"
"=""8097""","常珵","N/A","N/A","N/A"
"=""8099""","大世科","N/A","N/A","N/A"
"=""8107""","大億金茂","8.7408%","母公司","N/A"
"=""8109""","博大","N/A","N/A","N/A"
"=""8111""","立碁","0.8000%","僅母公司","N/A"
"=""8121""","越峰","1.4000%","桃園廠、昆山廠及廣州廠","ISO 50001"
"=""8147""","正淩","N/A","N/A","ISO 50001"
"=""8155""","博智","N/A","N/A","N/A"
"=""8171""","天宇","N/A","N/A","N/A"
"=""8176""","智捷","N/A","N/A","N/A"
"=""8182""","加高","N/A","N/A","N/A"
"=""8183""","精星","N/A","N/A","N/A"
"=""8227""","巨有科技","N/A","N/A","N/A"
"=""8234""","新漢","N/A","N/A","N/A"
"=""8240""","華宏","1.6900%","母公司","ISO 50001"
"=""8255""","朋程","1.1000%","母公司","ISO 50001"
"=""8277""","商丞","N/A","N/A","N/A"
"=""8279""","生展","N/A","N/A","N/A"
"=""8284""","三竹","N/A","N/A","N/A"
"=""8289""","泰藝","N/A","N/A","N/A"
"=""8291""","尚茂","N/A","N/A","N/A"
"=""8299""","群聯","3.1100%","僅母公司","N/A"
"=""8342""","益張","N/A","N/A","N/A"
"=""8349""","恒耀國際","N/A","N/A","N/A"
"=""8354""","冠好","N/A","N/A","N/A"
"=""8358""","金居","N/A","N/A","N/A"
"=""8383""","千附","N/A","N/A","N/A"
"=""8390""","金益鼎","N/A","N/A","N/A"
"=""8401""","白紗科","N/A","N/A","N/A"
"=""8403""","盛弘","N/A","N/A","N/A"
"=""8409""","商之器","N/A","N/A","N/A"
"=""8410""","森田","N/A","N/A","N/A"
"=""8415""","大國鋼","0.0000%","母公司及子公司大帝國 ","N/A"
"=""8416""","實威","N/A","N/A","N/A"
"=""8421""","旭源","N/A","N/A","ISO 50001"
"=""8423""","保綠-KY","N/A","N/A","N/A"
"=""8424""","惠普","N/A","N/A","N/A"
"=""8426""","紅木-KY","N/A","N/A","N/A"
"=""8431""","匯鑽科","N/A","N/A","N/A"
"=""8432""","東生華","N/A","N/A","N/A"
"=""8433""","弘帆","N/A","N/A","N/A"
"=""8435""","鉅邁","N/A","N/A","N/A"
"=""8436""","大江","2.3400%","僅母公司","ISO 50001"
"=""8437""","大地-KY","N/A","N/A","N/A"
"=""8440""","綠電","N/A","N/A","N/A"
"=""8444""","綠河-KY","N/A","N/A","N/A"
"=""8446""","華研","N/A","N/A","N/A"
"=""8450""","霹靂","N/A","N/A","N/A"
"=""8455""","大拓-KY","N/A","N/A","N/A"
"=""8472""","夠麻吉","N/A","N/A","N/A"
"=""8477""","創業家","N/A","N/A","N/A"
"=""8489""","三貝德","N/A","N/A","N/A"
"=""8905""","裕國","N/A","N/A","N/A"
"=""8906""","花王","N/A","N/A","N/A"
"=""8908""","欣雄","N/A","N/A","N/A"
"=""8916""","光隆","N/A","N/A","ISO 50001"
"=""8917""","欣泰","N/A","N/A","N/A"
"=""8921""","沈氏","N/A","N/A","N/A"
"=""8923""","時報","N/A","N/A","N/A"
"=""8924""","大田","N/A","N/A","N/A"
"=""8927""","北基","N/A","N/A","N/A"
"=""8928""","鉅明","N/A","N/A","N/A"
"=""8929""","富堡","20.9011%","僅母公司","N/A"
"=""8930""","青鋼","N/A","N/A","N/A"
"=""8931""","大汽電","0.0000%","全公司","N/A"
"=""8932""","智通","N/A","N/A","N/A"
"=""8933""","愛地雅","N/A","N/A","N/A"
"=""8935""","邦泰","N/A","N/A","N/A"
"=""8936""","國統","N/A","N/A","N/A"
"=""8937""","合騏","N/A","N/A","N/A"
"=""8938""","明安","N/A","N/A","N/A"
"=""8941""","關中","N/A","N/A","N/A"
"=""8942""","森鉅","N/A","N/A","N/A"
"=""9949""","琉園","N/A","N/A","N/A"
"=""9950""","萬國通","N/A","N/A","N/A"
"=""9951""","皇田","N/A","N/A","N/A"
"=""9960""","邁達康","N/A","N/A","N/A"
"=""9962""","有益","N/A","N/A","N/A"