"報告年度:2023","議題:投資人溝通"
"公司代號","公司名稱","公司年度召開法說會次數(次)-公司年度召開法說會次數(次)","利害關係人或公司治理專區連結-利害關係人或公司治理專區連結"
"=""1101""","台泥","3","https://www.tccgroupholdings.com/tw/esgStakeholder.html"
"=""1102""","亞泥","4","http://www.acc.com.tw/tw/stakeholder/stakeholder_index.asp"
"=""1103""","嘉泥","4","www.chcgroup.com.tw/index.php?route=system/system&id=89"
"=""1104""","環泥","2","http://www.ucctw.com/m/412-1518-12822.php?Lang=zh-tw"
"=""1108""","幸福","1","http://www.luckygrp.com.tw/tw/index.asp?au_id=66&sub_id=79"
"=""1109""","信大","1","http://www.hsingta.com.tw/Aboutusdetail.asp?lv=-1&id=14"
"=""1110""","東泥","1","http://www.southeastcement.com.tw/index.php?q=node/175"
"=""1201""","味全","1","https://www.weichuan.com.tw/tw/investor#gsc.tab=0"
"=""1203""","味王","1","http://www.vewong.com/ec99/ushop20069/profile_9.asp"
"=""1210""","大成","4","https://www.dachan.com/forward4?subChannelId=736&id=736&contentId=&subChannelLevel=2"
"=""1213""","大飲","1","http://applesidra.com.tw"
"=""1215""","卜蜂","1","http://www.cptwn.com.tw/ec99/rwd1453/category.asp?category_id=12"
"=""1216""","統一","5","https://www.uni-president.com.tw/"
"=""1217""","愛之味","1","www.agv.com.tw"
"=""1218""","泰山","1","http://www.taisun.com.tw/corporate/stakeholder/"
"=""1219""","福壽","1","http://www.fwusow.com.tw/information/itemlist/category/52.html"
"=""1220""","台榮","1","http://www.tairoun.com.tw/relationship.html"
"=""1225""","福懋油","1","WWW.FOPCO.COM.TW"
"=""1227""","佳格","1","https://www.sfworldwide.com/sustainability-stakeholders.html"
"=""1229""","聯華","2","https://www.lhicholdings.com/csr/index/crs-stakeholder/"
"=""1231""","聯華食","1","http://lianhwa.varynice.com/column_list.php?content_category_sn=425"
"=""1232""","大統益","1","https://www.ttet.com.tw/index.php?temp=investors&lang=cht"
"=""1233""","天仁","1","http://www.tenren.com.tw/Content/IRContactUS/Contact.aspx?SiteID=10&MmmID=654044433016605753"
"=""1234""","黑松","1","http://www.heysong.com.tw/Stakeholder/Stakeholder"
"=""1235""","興泰","1","http://www.goldenbrand.com.tw/stakeholder.php"
"=""1236""","宏亞","1","https://csr.hunya.com.tw/"
"=""1256""","鮮活果汁-KY","1","http://www.myfreshjuice.com"
"=""1301""","台塑","4","http://www.fpc.com.tw/fpcw/index.php?op=res&id=18"
"=""1303""","南亞","4","http://www.npc.com.tw/j2npc/zhtw/stakeholder.jsp"
"=""1304""","台聚","4","https://www.usife.com.tw/ESG/zh-tw/ESG13.aspx"
"=""1305""","華夏","4","https://www.cgpc.com.tw/ESG/tw/issue-SDGs.aspx"
"=""1307""","三芳","1","http://www.sanfang.com.tw/main/ems_c01.asp"
"=""1308""","亞聚","2","https://www.apc.com.tw/ESG/zh-tw/ESG13.aspx"
"=""1309""","台達化","2","https://www.ttc.com.tw/zh-tw/dirCSRnew/frmStakeholder.aspx"
"=""1310""","台苯","1","http://www.smct.com.tw/contact/contactUs"
"=""1312""","國喬","1","http://www.gppc.com.tw/gppc/Investment-2.asp"
"=""1313""","聯成","2","https://www.upc.com.tw/zh-TW/Html/stakeholder_engagement"
"=""1314""","中石化","2","https://reurl.cc/9vkEQa"
"=""1315""","達新","1","www.tahhsin.com.tw"
"=""1316""","上曜","2","www.sunyad.com.tw"
"=""1319""","東陽","8","https://www.tyg.com.tw/traditiona-relationship.html"
"=""1321""","大洋","1","www.opc.com.tw"
"=""1323""","永裕","1","http://www.yonyu.com.tw/yonyu/stakeholder.php"
"=""1324""","地球","1","http://www.globetape.com/investor-64-78-page110"
"=""1325""","恆大","1","www.uk.com.tw"
"=""1326""","台化","2","https://www.fcfc.com.tw/data-22337"
"=""1337""","再生-KY","1","http://asia-recycle.com(設置中)"
"=""1338""","廣華-KY","2","www.hirosawa.com.cn"
"=""1339""","昭輝","2","http://www.yccco.com.tw/index.php?action=public-link"
"=""1340""","勝悅-KY","1","www.vnm.com.tw"
"=""1341""","富林-KY","1","0"
"=""1342""","八貫","1","http://www.cathayconsolidated.com"
"=""1402""","遠東新","7","http://contact.fenc.com/contact_info.aspx?lang=zh&id=1"
"=""1409""","新纖","1","www.shinkong.com.tw"
"=""1410""","南染","1","http://www.nydf.com.tw/#[object%20Object]"
"=""1413""","宏洲","1","http://www.hungchou.com.tw/"
"=""1414""","東和","1","http://www.tungho.com.tw/index.php?option=module&lang=cht&task=pageinfo&id=244&index=1"
"=""1416""","廣豐","1","http://www.kfic.com.tw/shareholders.html"
"=""1417""","嘉裕","1","https://www.carnival.com.tw/article_d.php?lang=tw&tb=8&id=823"
"=""1418""","東華","1","www.tonghwa.com.tw"
"=""1419""","新紡","1","http://www.sktextile.com.tw"
"=""1423""","利華","1","www.reward.com.tw/contact.htm"
"=""1432""","大魯閣","1","https://www.taroko.com.tw/crs-stakeholder-01/"
"=""1434""","福懋","2","http://www.ftc.com.tw"
"=""1435""","中福","1","www.chungfutex.com.tw"
"=""1436""","華友聯","1","https://www.huakai.com.tw/blank-17"
"=""1437""","勤益控","2","http://www.gtm.com.tw/web/stakeholder/stakeholder.jsp"
"=""1438""","三地開發","1","http://www.sandirealestate.com.tw/WebMaster/?section=1"
"=""1439""","雋揚","2","https://www.ascentglobal.com.tw/tw/governance/stakeholder"
"=""1440""","南紡","2","www.tainanspin.com.tw"
"=""1441""","大東","2","investors.tahtong.com.tw/index.htm"
"=""1442""","名軒","1","http://www.advancetek.com.tw/利害關係人專區.pdf"
"=""1443""","立益物流","1","www.lily.com.tw"
"=""1444""","力麗","1","https://www.lealeagroup.com.tw/project/"
"=""1445""","大宇","1","http://www.utc.tw/UNIVERSAL/Service13.aspx"
"=""1446""","宏和","1","www.hongho.com.tw"
"=""1447""","力鵬","1","https://www.lealeagroup.com.tw/project/49/66/"
"=""1449""","佳和","1","www.chgtex.com"
"=""1451""","年興","1","https://www.nhjeans.com/investor-relations/inquiries/"
"=""1452""","宏益","1","https://www.hongyilon.com.tw/%E5%88%A9%E5%AE%B3%E9%97%9C%E4%BF%82%E4%BA%BA%E5%B0%88%E5%8D%80"
"=""1453""","大將","1","http://www.tajiang.com.tw/finance_info.aspx?tag_id=T0022"
"=""1454""","台富","2","http://www.ttfco.com"
"=""1455""","集盛","1","http://www.zigsheng.com/corporate-social-responsibility-zh/sustainable-business-zh/#stakeholders"
"=""1456""","怡華","1","http://www.ihwa.com.tw/stakeholders.html"
"=""1457""","宜進","1","www.yijinn.com.tw/interested-parties"
"=""1459""","聯發","2","http://main.lanfa.com.tw/index.php/2015-12-29-17-51-00"
"=""1460""","宏遠","1","http://www.everest.com.tw/_chinese/08_contact/01_contact.aspx"
"=""1463""","強盛","1","www.csgroup.com.tw"
"=""1464""","得力","2","http://www.delicacy.com.tw/zh-tw/Investor/投資人服務窗口/利害關係人專區"
"=""1465""","偉全","1","http://web.wisher.com.tw/wisher/index.php/stock-info-4"
"=""1466""","聚隆","1","https://www.acelon.com.tw/zh-tw/stakeholder-contact"
"=""1467""","南緯","1","www.texray.com"
"=""1468""","昶和","2","www.chang-ho.com.tw/content/"
"=""1470""","大統新創","2","www.evertex.tw/tw/about/永續發展/利害關係人專區"
"=""1471""","首利","1","www.soly-tech.com"
"=""1472""","三洋實業","1","https://reurl.cc/MjMnXL"
"=""1473""","台南","2","www.eng.tai-nan.com/%E5%89%AF%E6%9C%AC-vision-values?lang=zh"
"=""1474""","弘裕","2","http://www.textile-hy.com.tw/利害關係人.htm"
"=""1475""","業旺","1","http://www.big-sunshine.com.tw"
"=""1476""","儒鴻","7","http://www.eclat.com.tw/zh-tw/investors/"
"=""1477""","聚陽","25","https://www.makalot.com.tw/contact-us"
"=""1503""","士電","1","https://www.seec.com.tw/Content/Qr/List.aspx?SiteID=10&MmmID=707056724650466542"
"=""1504""","東元","15","https://www.teco.com.tw/esg/?gid=1&nid=906"
"=""1506""","正道","1","https://www.rightway.com.tw/index.php?temp=investor&lang=cht"
"=""1512""","瑞利","1","www.juili.com.tw/c/inv_6.htm"
"=""1513""","中興電","2","WWW.CHEM.COM.TW/A_CONTACT.ASPX"
"=""1514""","亞力","1","https://goo.gl/Dc81zK"
"=""1515""","力山","2","https://www.rexon.net/esg-survery.php"
"=""1516""","川飛","1","www.falconpower.tw/stakeholders/"
"=""1517""","利奇","1","http://www.leechi.com.tw/our_5.html"
"=""1519""","華城","1","https://www.fortune.com.tw/contact_stakeholder.aspx"
"=""1521""","大億","1","https://www.tayih-ind.com.tw/investors/%E5%88%A9%E5%AE%B3%E9%97%9C%E4%BF%82%E4%BA%BA"
"=""1522""","堤維西","1","https://www.tyc.com.tw/stakeholders"
"=""1524""","耿鼎","1","http://www.gordon.com.tw/Interested_ta.html"
"=""1525""","江申","2","https://www.kian-shen.com/tw/Web/page/63"
"=""1526""","日馳","1","www.sunrace.tw"
"=""1527""","鑽全","2","www.basso.com.tw"
"=""1528""","恩德","1","www.anderson.com.tw"
"=""1529""","樂事綠能","4","http://luxe.com.tw/"
"=""1530""","亞崴","1","www.awea.com/tw/investor/stakeholders.html"
"=""1531""","高林股","1","https://siruba.com/tw/investor-7/"
"=""1532""","勤美","2","http://www.cmp.com.tw/cht/investor/stakeholder"
"=""1533""","車王電","2","http://www.more.com.tw/Csr/Page/c1606ebc-6ffc-4789-952f-c442c995cc48"
"=""1535""","中宇","2","https://www.ecotek.com.tw/?prog=cec_apply"
"=""1536""","和大","1","www.hota.com.tw"
"=""1537""","廣隆","1","www.klb.com.tw"
"=""1538""","正峰","1","http://www.jennfeng.com/index.asp?lang=1"
"=""1539""","巨庭","2","www.geetech.com.tw"
"=""1540""","喬福","1","http://www.johnford.com.tw/tw/relationship"
"=""1541""","錩泰","1","http://www.toty.com.tw/chinese/stakeholder/ip.html"
"=""1558""","伸興","2","www.zenghsing.com.tw/csr/stakeholder/?lang=zh-hant"
"=""1560""","中砂","4","http://www.kinik.com.tw/KINIK/company/kinik_interested_parties.asp"
"=""1563""","巧新","4","www.superalloy.tw"
"=""1568""","倉佑","1","https://www.tsangyow.com.tw/page7_1.php?vv=eyJwZyI6MSwicGdjIjoxfQ=="
"=""1582""","信錦","2","www.syncmold.com.tw/syncmold-2018/item_interested_person_2018.html"
"=""1583""","程泰","1","http://www.goodwaycnc.com/exhtml_goodway/goodway_tw/publication/stakeholders/index.htm"
"=""1587""","吉茂","1","www.cryomaxcooling.com"
"=""1589""","永冠-KY","4","http://www.ygget.com/content/tw/508.aspx"
"=""1590""","亞德客-KY","25","https://as-tw.airtac.com/about4.aspx?c_kind=11&c_kind2=405"
"=""1597""","直得","1","http://www.chieftek.com/"
"=""1598""","岱宇","3","https://www.dyaco.com/en/investors"
"=""1603""","華電","1","www.cwcowin.com.tw"
"=""1604""","聲寶","1","http://www.sampo.com.tw/aboutlist.aspx?q=15"
"=""1605""","華新","4","http://www.walsin.com"
"=""1608""","華榮","1","http://www.hegroup.com.tw/index.php?option=module&lang=cht&task=pageinfo&id=142&index=4"
"=""1609""","大亞","4","www.taya.com.tw"
"=""1611""","中電","2","http://www.chinaelectric.com.tw/investor11.php"
"=""1612""","宏泰","1","www.hong-tai.com.tw"
"=""1614""","三洋電","1","https://sanlux.com.tw/company-investment-contact"
"=""1615""","大山","1","http://www.dahsan.com.tw/chinese-105.html"
"=""1616""","億泰","1","http://www.evertop.com/?action=info&info=34"
"=""1617""","榮星","1","http://www.jswire.com.tw"
"=""1618""","合機","1","http://www.hold-key.com.tw/stakeholder_holdkey_01.html"
"=""1626""","艾美特-KY","2","www.airmate-china.com"
"=""1702""","南僑","2","http://www.namchow.com.tw/page/main_page/04_01/index_07.html"
"=""1707""","葡萄王","7","https://www.grapeking.com.tw/stakeholder/62591ad4df427"
"=""1708""","東鹼","1","http://www.sesoda.com.tw/chinese/investors.html"
"=""1709""","和益","1","http://www.fucc.com.tw/fucc/fucc_index_retailer1.asp"
"=""1710""","東聯","5","https://www.oucc.com.tw/csr-99-page470"
"=""1711""","永光","2","https://www.ecic.com/csr/stakeholder/"
"=""1712""","興農","4","https://www.sinon.com.tw/sustainability/index/41/"
"=""1713""","國化","1","www.ccwi.com.tw"
"=""1714""","和桐","1","http://www.htgroup.com.tw/service/?parent_id=13"
"=""1717""","長興","4","https://www.eternal-group.com/Esg_sta"
"=""1718""","中纖","1","www.cmfc.com.tw/tw/contact.aspx"
"=""1720""","生達","2","http://www.standard.com.tw"
"=""1721""","三晃","1","http://www.sunko.com.tw/sunko_web/sunkonew/Stakeholder.php?m=5&mlist=8"
"=""1722""","台肥","2","https://www.taifer.com.tw/CSR/Persistencemanagement/Stakeholder/IAC.htm"
"=""1723""","中碳","4","http://www.cscc.com.tw/csr/cg/int_ide.html"
"=""1725""","元禎","1","http://www.yuanjen.com/"
"=""1726""","永記","1","http://www.rainbowpaint.com.tw/csr2/"
"=""1727""","中華化","1","www.chciw.com.tw"
"=""1730""","花仙子","1","https://www.farcent.com.tw/stakeholders"
"=""1731""","美吾華","1","http://www.maywufa.com.tw/stakeholder.php"
"=""1732""","毛寶","1","www.maobao.com.tw"
"=""1733""","五鼎","2","http://www.apexbio.com.tw/contact_index.php"
"=""1734""","杏輝","1","https://www.sinphar.com.tw/interested-parties"
"=""1735""","日勝化","1","www.twemc.com"
"=""1736""","喬山","4","www.johnsonfitness.com"
"=""1737""","臺鹽","1","https://www.tybio.com.tw/taiyen/tw/investors/manage/more11"
"=""1752""","南光","1","www.nangkuang.com.tw"
"=""1760""","寶齡富錦","2","https://www.pbf.com.tw/environment-social-governance/corporate-social-responsibility/stakeholder/"
"=""1762""","中化生","2","http://www.ccsb.com.tw/chinese/11_stakeholder/00_overview.aspx"
"=""1773""","勝一","1","http://www.shinychem.com.tw/index.php?option=module&lang=cht&task=pageinfo&id=20&index=3"
"=""1776""","展宇","1","https://www.headway.com.tw"
"=""1783""","和康生","5","https://www.mbi.com.tw/invest51.php?lan=tw"
"=""1786""","科妍","1","http://www.scivision.com.tw/big5/info.php?sn=14"
"=""1789""","神隆","5","www.scinopharm.com.tw/stakeholder.asp"
"=""1795""","美時","13","https://www.lotuspharm.com.tw/investors/shareholders-services"
"=""1802""","台玻","1","http://www.taiwanglass.com/information_list.php?langeno=tw&sid=281"
"=""1805""","寶徠","1","https://blgroup.com.tw/investment"
"=""1806""","冠軍","1","http://group.champion.com.tw/shareholder"
"=""1808""","潤隆","1","http://www.runlong.com.tw"
"=""1809""","中釉","1","http://www.china-glaze.com.tw/InvestorInformation.aspx?code=0307"
"=""1810""","和成","1","http://www.hcg.com.tw/About/Employee"
"=""1817""","凱撒衛","2","https://www.caesar.com.tw/page/stakeholder"
"=""1903""","士紙","1","http://www.shihlin.com.tw/stakeholder.html"
"=""1904""","正隆","2","https://www.clc.com.tw/contact-csr"
"=""1905""","華紙","4","http://www.chp.com.tw/responsibility/stakeholders"
"=""1906""","寶隆","2","http://www.baolongintl.com/B4001.asp"
"=""1907""","永豐餘","4","http://www.yfy.com/tw/csr_interestedParties.html"
"=""1909""","榮成","2","www.longchenpaper.com/stakeholder.html"
"=""2002""","中鋼","4","www.csc.com.tw/csc/allContact.html"
"=""2006""","東和鋼鐵","2","https://www.tunghosteel.com/csr/investment"
"=""2007""","燁興","1","www.yheco.com.tw"
"=""2008""","高興昌","1","www.khc.com.tw"
"=""2009""","第一銅","1","http://www.fcht.com.tw/index.php?option=module&lang=cht&task=pageinfo&id=217&index=2"
"=""2010""","春源","1","https://www.cysco.com.tw/stakeholders-page103"
"=""2012""","春雨","2","http://www.chunyu.com.tw/TW/Index.aspx"
"=""2013""","中鋼構","2","www.cssc.com.tw"
"=""2014""","中鴻","4","http://www.chsteel.com.tw/ch/hr/Int.htm"
"=""2015""","豐興","4","http://www.fenghsin.com.tw/investor.html"
"=""2017""","官田鋼","4","http://www.quintain.com.tw/about.asp?le=tchinese"
"=""2020""","美亞","2","http://www.mayer.com.tw/2015/01/blog-post.html"
"=""2022""","聚亨","2","http://www.tycons.com.tw/serviceslist.aspx?id=57"
"=""2023""","燁輝","2","http://www.yiehphui.com.tw"
"=""2024""","志聯","1","http://www.chihlien.com.tw"
"=""2025""","千興","1","http://www.csssc.com.tw/tw/about_stakeholder.htm"
"=""2027""","大成鋼","1","www.tachen.com.tw/download/contact.pdf"
"=""2028""","威致","1","www.weichih.com.tw"
"=""2029""","盛餘","4","https://shengyusteel.com/www/main/concern.aspx"
"=""2030""","彰源","1","http://www.froch.com/TCHI/Stakeholders.php"
"=""2031""","新光鋼","1","https://www.hkssteel.com.tw/#"
"=""2032""","新鋼","1","www.sinkang.com.tw"
"=""2033""","佳大","1","http://www.ctworld.com.tw/%E5%88%A9%E5%AE%B3%E9%97%9C%E4%BF%82%E4%BA%BA%E5%B0%88%E5%8D%80.html"
"=""2034""","允強","1","http://www.ycinox.com"
"=""2038""","海光","1","https://web.hocom.tw/h/DataDetail?key=986075855303&cont=332623"
"=""2049""","上銀","2","http://www.hiwin.tw"
"=""2059""","川湖","4","https://www.kingslide.com/csr_stakeholders_stakeholder"
"=""2062""","橋椿","2","www.sunspring.com.tw"
"=""2069""","運錩","1","www.yuenchang.com.tw"
"=""2101""","南港","1","https://www.nankang-tyre.com/"
"=""2102""","泰豐","1","http://www.federalcorporation.com/"
"=""2103""","台橡","2","https://www.tsrc.com.tw/tw/sustainability/stakeholders/"
"=""2104""","國際中橡","1","http://www.csrcgroup.com"
"=""2105""","正新","2","https://www.cst.com.tw/shareholder_10.php"
"=""2106""","建大","2","http://csr.kenda.com.tw/"
"=""2107""","厚生","1","www.frg.com.tw"
"=""2108""","南帝","1","www.nantex.com.tw"
"=""2109""","華豐","1","https://www.duro.com.tw/tw/investor/stakeholder/"
"=""2114""","鑫永銓","1","https://www.hyc-king.com/esg_tw.php?id=4"
"=""2115""","六暉-KY","1","http://www.luhai.com.tw/ch/investor_detail.asp?id=7"
"=""2201""","裕隆","4","http://www.yulon-motor.com.tw/csr_stakeholder.aspx"
"=""2204""","中華","4","WWW.CHINA-MOTOR.COM.TW"
"=""2206""","三陽工業","2","http://www.sanyang.com.tw/Stakeholder/"
"=""2207""","和泰車","4","http://pressroom.hotaimotor.com.tw/zh/shareholder/feedback/fIOFUXWMm"
"=""2208""","台船","1","http://www.csbcnet.com.tw/Service/Investor"
"=""2211""","長榮鋼","2","http://www.evergreennet.com"
"=""2227""","裕日車","2","http://new.nissan.com.tw/nissan/brand/csr#/stakeholder"
"=""2228""","劍麟","2","https://www.irf.biz/5_interestedpeople.html"
"=""2231""","為升","1","http://www.cubelec.com"
"=""2233""","宇隆","4","http://www.turvo.com.tw/interest_area.php"
"=""2236""","百達-KY","1","www.patec-intl.com"
"=""2239""","英利-KY","2","http://www.engley.com.tw/boss_page/id/73/n/50"
"=""2241""","艾姆勒","1","www.amulaire.com"
"=""2243""","宏旭-KY","1","http://www.horngshiue.com/invest.asp"
"=""2247""","汎德永業","2","https://www.pgum.com.tw/zh-tw/investor_interested/index"
"=""2250""","IKKA-KY","1","http://www.ikka.com.tw/msg/message-Stakeholder-Area.html"
"=""2254""","巨鎧精密-創","1","https://official.coplus.com.tw/social?id=75"
"=""2258""","鴻華先進-創","2","https://www.foxtronev.com/tw/investor"
"=""2301""","光寶科","4","http://www.liteon.com/Page.aspx?id=67805d0f-c0cf-4218-a878-a597e7dd7f58"
"=""2302""","麗正","1","www.rectron.com.tw"
"=""2303""","聯電","4","WWW.UMC.COM"
"=""2305""","全友","1","ww7.microtek.com.tw"
"=""2308""","台達電","30","https://esg.deltaww.com/manage_focus"
"=""2312""","金寶","2","https://www.kinpo.com.tw/zh-TW/stakeholder/"
"=""2313""","華通","4","www.compeq.com.tw/relationship.php"
"=""2314""","台揚","2","https://www.mtigroup.com/zh-tw/stakeholder"
"=""2316""","楠梓電","1","http://www.wus.com.tw/index.php/zh-tw/2017-10-18-03-24-45"
"=""2317""","鴻海","4","https://www.honhai.com/zh-tw/CSR/stake-holder"
"=""2321""","東訊","1","http://www.tecom.com.tw"
"=""2323""","中環","1","https://www.cmcnet.com.tw/tw/esg/8728709aC804"
"=""2324""","仁寶","13","http://www.compal.com/stakeholder-communication-area/"
"=""2327""","國巨","16","WWW.YAGEO.COM"
"=""2328""","廣宇","3","www.panpi.com.tw/contact-us-contact2.htm"
"=""2329""","華泰","2","https://www.ose.com.tw/about/about-ose/contact/#investment"
"=""2330""","台積電","4","https://esg.tsmc.com/zh-Hant/sustainable-management/materiality-analysis"
"=""2331""","精英","1","http://www.ecs.com.tw/ECSWebSite/Finance/Finance_List.aspx?MenuID=123&childid=M_123&LanID=1"
"=""2332""","友訊","2","https://company.dlink.com/zh-hant/esg/stakeholder-engagement"
"=""2337""","旺宏","4","https://www.macronix.com/zh-tw/about/CSR/Pages/stakeholder.aspx"
"=""2338""","光罩","2","http://www.tmcnet.com.tw/Eng/EngIndex-stakeholder.htm"
"=""2340""","台亞","1","https://www.tascsemi.com/stakeholders.aspx"
"=""2342""","茂矽","1","http://www.mosel.com.tw/about_csr.asp?left_n=1"
"=""2344""","華邦電","2","WWW.WINBOND.COM"
"=""2345""","智邦","1","http://www.accton.com.tw/interested.asp"
"=""2347""","聯強","5","http://www.synnex-grp.com/g03_corporate_02.html"
"=""2348""","海悅","1","www.hiyes-group.com.tw"
"=""2349""","錸德","1","http://www.ritek.com.tw"
"=""2351""","順德","9","www.sdi.com.tw"
"=""2352""","佳世達","4","http://www.qisda.com.tw/page.aspx?uid=50"
"=""2353""","宏碁","12","https://www.acer-group.com/ag/zh/TW/content/stakeholder-grievance-mechanism"
"=""2354""","鴻準","2","https://www.foxconntech.com.tw/investor-relations/"
"=""2355""","敬鵬","1","https://www.chinpoon.com/stakeholder"
"=""2356""","英業達","31","https://esg.inventec.com/sustainable-development/communication-with-stakeholders"
"=""2357""","華碩","4","http://csr.asus.com/chinese/index.aspx#121"
"=""2359""","所羅門","1","https://www.solomon.com.tw/contact-us/"
"=""2360""","致茂","14","https://www.chromaate.com/tw/investors/corporate_governance/stakeholders"
"=""2362""","藍天","4","www.clevo.com.tw"
"=""2363""","矽統","1","www.sis.com"
"=""2364""","倫飛","2","http://www.twinhead.com.tw/rela.php"
"=""2365""","昆盈","2","https://www.geniusnet.com/tw/investors"
"=""2367""","燿華","1","https://esg.pcbut.com.tw/twww/?p=1924"
"=""2368""","金像電","4","http://www.gce.com.tw/gce_tw/financial.html"
"=""2369""","菱生","1","https://www.lingsen.com.tw"
"=""2371""","大同","2","https://www.tatung.com/tw/info/appeal"
"=""2373""","震旦行","2","https://www.aurora.com.tw/xmdoc/cont?xsmsid=0H049482612387091212"
"=""2374""","佳能","1","www.abilitycorp.com.tw"
"=""2375""","凱美","1","http://jamicon.teapo.com"
"=""2376""","技嘉","2","http://www.gigabyte.tw/gigabyte.aspx?s=-3&p="
"=""2377""","微星","1","http://tw.msi.com/"
"=""2379""","瑞昱","4","www.realtek.com"
"=""2380""","虹光","1","https://www.avision.com/tw/about-avision/crs/grievance-procedure/"
"=""2382""","廣達","18","http://www.quantatw.com/Quanta/chinese/about/ske.aspx"
"=""2383""","台光電","31","http://www.emctw.com"
"=""2385""","群光","12","https://www.chicony.com"
"=""2387""","精元","1","https://www.sunrex.com.tw"
"=""2388""","威盛","1","https://www.viatech.com/tw/company-overview-tw/investor-relations/"
"=""2390""","云辰","1","http://www.everspring.com"
"=""2392""","正崴","4","http://www.foxlink.com.tw/_ch/1_about/ab_11csr_03.html"
"=""2393""","億光","2","http://www.everlight.com/investor.aspx"
"=""2395""","研華","7","http://www.advantech.tw/csr/citizenship/stakeholder_balance"
"=""2397""","友通","4","http://www.dfi.com/tw/about/stakeholder.html"
"=""2399""","映泰","1","https://www.biostar.com.tw/app/tw/about/about_stakeholders.php"
"=""2401""","凌陽","2","www.sunplus.com"
"=""2402""","毅嘉","1","http://www.ichia.com/index.php?option=com_content&view=article&id=263&Itemid=1138&lang=tw"
"=""2404""","漢唐","1","http://www.uisco.com.tw"
"=""2405""","輔信","1","https://www.shuttle.com/Investors/Stakeholder?LOCATION_Code=TW"
"=""2406""","國碩","1","http://www.gigastorage.com.tw/investors_contacts.aspx"
"=""2408""","南亞科","19","https://www.nanya.com/ESG/tw/materiality_analysis"
"=""2409""","友達","8","https://csr.auo.com/tw/operating/partners/stakeholder"
"=""2412""","中華電","4","https://www.cht.com.tw/zh-tw/home/cht"
"=""2413""","環科","1","http://www.umec.com.tw/tw/index.php"
"=""2414""","精技","1","http://www.unitech.com.tw/investor/investor_email.aspx"
"=""2415""","錩新","1","http://www.cxtechnology.com/corp/Stakeholder"
"=""2417""","圓剛","2","www.corpasia.net/taiwan/2417/irwebsite_c/stakeholder.php"
"=""2419""","仲琦","1","http://www.hitrontech.com"
"=""2420""","新巨","2","www.zippy.com.tw/tw/07_loop_peo.aspx"
"=""2421""","建準","6","https://www.sunon.com/sta.aspx"
"=""2423""","固緯","2","http://www.gwinstek.com/zh-TW/Page/Interest_area"
"=""2424""","隴華","1","http://twse.lunghwa.com.tw/investor.html"
"=""2425""","承啟","1","http://www.chaintech.com.tw/Investorscolumn.aspx?type=0&tid=7"
"=""2426""","鼎元","1","www.tyntek.com.tw/responsibility.php"
"=""2427""","三商電","1","http://www.mds.com.tw/investor/responsibility3.html"
"=""2428""","興勤","4","www.thinking.com.tw"
"=""2429""","銘旺科","1","http://www.abonmax.com.tw/"
"=""2430""","燦坤","2","https://www.tk3c.com.tw/#stakeholder2&5"
"=""2431""","聯昌","1","https://www.lienchang.com.tw/tw/html/page/page.php?cid=26&cid2=101"
"=""2432""","倚天酷碁-創","2","https://www.acergadget.com"
"=""2433""","互盛電","2","https://www.eosasc.com.tw/stakeholder"
"=""2434""","統懋","1","http://www.mospec.com.tw/big5/stakeholder.htm"
"=""2436""","偉詮電","2","www.weltrend.com.tw"
"=""2438""","翔耀","1","https://www.enlightcorp.com.tw/index.php/enlightcorp-2/page-3/"
"=""2439""","美律","10","https://www.merry.com.tw/page/about/index.aspx?kind=42#"
"=""2440""","太空梭","1","http://www.spaces.com.tw/s/1/faq.html"
"=""2441""","超豐","2","www.greatek.com.tw"
"=""2442""","新美齊","2","http://www.jean.com.tw/stakeholder.php"
"=""2444""","兆勁","1","http://www.abocom.com.tw"
"=""2449""","京元電子","7","http://www.kyec.com.tw/csr/csr_stakeholder.aspx"
"=""2450""","神腦","4","http://www.senao.com.tw/invest11.php"
"=""2451""","創見","1","http://tw.transcend-info.com/about/stakeholders"
"=""2453""","凌群","1","https://www.syscom.com.tw/investor/It_StakeHolder.aspx"
"=""2454""","聯發科","4","https://corp.mediatek.tw/about/sustainability/overview/stakeholder-engagement"
"=""2455""","全新","12","http://www.vpec.com.tw/vpec/homeweb/about.php?menu1=M100004&menu2=M200013&menu3=M300044&level=3"
"=""2457""","飛宏","6","www.phihong.com.tw"
"=""2458""","義隆","4","http://www.emc.com.tw/twn/Social_Responsibility06.asp"
"=""2459""","敦吉","1","http://www.audix.com.tw/_tw/01_audix/04_contactus2.aspx"
"=""2460""","建通","1","https://www.gem.com.tw/csr-stakeholder"
"=""2461""","光群雷","1","www.klasergroup.com"
"=""2462""","良得電","2","http://www.linetek.com.tw/#/"
"=""2464""","盟立","1","https://www.mirle.com.tw/about/11/"
"=""2465""","麗臺","1","http://www.leadtek.com/cht/company/investor_financial.aspx"
"=""2466""","冠西電","1","https://www.cosmo-inc.com/tw/about/index.aspx?root=6"
"=""2467""","志聖","1","https://www.csun.com.tw/investor-relations/%e5%88%a9%e5%ae%b3%e9%97%9c%e4%bf%82%e4%ba%ba/"
"=""2468""","華經","2","http://www.fis.com.tw"
"=""2471""","資通","2","http://www.ares.com.tw/about-ares/stakeholder/"
"=""2472""","立隆電","2","www.lelon.com.tw"
"=""2474""","可成","51","https://www.catcher-group.com/tw/company_contact.aspx"
"=""2476""","鉅祥","1","www.gs.com.tw"
"=""2477""","美隆電","1","www.meiloon.com.tw/"
"=""2478""","大毅","1","https://www.tai.com.tw/zh-Hant/esg1_3"
"=""2480""","敦陽科","4","https://www.sti.com.tw/web/official/interested-party"
"=""2481""","強茂","3","https://www.panjit.com.tw/tw/Esg/stakeholder"
"=""2482""","連宇","1","https://uicpayworld.com/investor-relations/"
"=""2483""","百容","2","http://www.ece.com.tw/zh/about-detail.php?id=5"
"=""2484""","希華","1","http://www.siward.com.tw/tw/stakeholders.php"
"=""2485""","兆赫","1","http://www.zinwell.com.tw/investors_ch/investor_contact.html"
"=""2486""","一詮","1","http://www.i-chiun.com.tw/_ch/01_about/01_detail.php?ID=13"
"=""2488""","漢平","1","http://www.hanpin.com.tw/C_6_Investors_06.html"
"=""2489""","瑞軒","1","www.amtran.com.tw"
"=""2491""","吉祥全","1","www.focl.com.tw"
"=""2492""","華新科","1","http://www.passivecomponent.com/findex.asp"
"=""2493""","揚博","1","http://www.ampoc.com.tw/Investor/Interested"
"=""2495""","普安","1","https://www.infortrend.com/tw/About/concern"
"=""2496""","卓越","1","https://www.chenliedu2496.com/tw/公司治理/公司治理-利害關係人"
"=""2497""","怡利電","2","HTTP://www.e-lead.com.tw"
"=""2498""","宏達電","4","http://www.htc.com/tw/csr/stakeholders/stakeholder-engagement/"
"=""2501""","國建","1","http://cathayred-csr.com/pro-43/利害關係人專區"
"=""2504""","國產","2","http://www.gdc.com.tw/investor.aspx"
"=""2505""","國揚","1","http://www.kycc.com.tw/tw/index.php"
"=""2506""","太設","1","www.pacific-group.com.tw"
"=""2509""","全坤建","1","www.gtg.com.tw/cn/invest/service5.asp"
"=""2511""","太子","2","https://www.prince.com.tw"
"=""2514""","龍邦","1","http://www.longbon.com.tw"
"=""2515""","中工","1","www.bes.com.tw"
"=""2516""","新建","1","http://www.newasia.com.tw/investor_06_contact.php"
"=""2520""","冠德","2","http://www.kindom.com.tw/index.php?target=investor-relations.php"
"=""2524""","京城","1","http://www.kingtown.com.tw/06.php?A_1=%E5%88%A9%E5%AE%B3%E9%97%9C%E4%BF%82%E4%BA%BA"
"=""2527""","宏璟","1","http://www.asehcc.com.tw/?cat=8"
"=""2528""","皇普","2","http://crowell.com.tw/relationship.php?MT_id=site2017121815325784"
"=""2530""","華建","1","https://www.delpha.com.tw/stakeholders"
"=""2534""","宏盛","1","http://www.hsc.com.tw"
"=""2535""","達欣工","2","http://www.dacin.com.tw/investors/stakeholder.php"
"=""2536""","宏普","1","http://www.hong-pu.com.tw/index.php/stakeholder-engagement"
"=""2537""","聯上發","1","https://www.5v.com.tw/investor_4.php"
"=""2538""","基泰","1","www.keetai.com.tw"
"=""2539""","櫻花建","1","www.sakurad.com.tw"
"=""2540""","愛山林","1","https://www.isanlin.com/retailer"
"=""2542""","興富發","1","http://www.highwealth.com.tw/"
"=""2543""","皇昌","1","www.hcgc.com.tw"
"=""2545""","皇翔","1","www.hhe.com.tw"
"=""2546""","根基","2","https://www.kedge.com.tw/investor/"
"=""2547""","日勝生","2","http://www.radium.com.tw"
"=""2548""","華固","4","https://www.huaku.com.tw/governanceDetail?id=0jNY70s1hKSSBfJA"
"=""2597""","潤弘","1","www.rtc.com.tw"
"=""2601""","益航","1","http://www.firsteam.com.tw/investors_info.html"
"=""2603""","長榮","2","http://www.evergreen-marine.com/tw/tbi1/jsp/TBI1_Stakeholder.jsp"
"=""2605""","新興","2","www.snc.com.tw/利害關係人"
"=""2606""","裕民","4","http://www.uming.com.tw/investor_relations"
"=""2607""","榮運","2","http://www.evergreen-eitc.com.tw/eitchtdocs/jsp/c_7/c_7_7_1.jsp"
"=""2608""","嘉里大榮","2","https://www.kerrytj.com/zh/esg/stakeholders/sustainable_stakeholder.html"
"=""2609""","陽明","4","https://esg.yangming.com/esg/stakeholder/1/"
"=""2610""","華航","2","https://www.china-airlines.com/tw/zh/about-us/stakeholder"
"=""2611""","志信","2","www.tsgroup.com.tw"
"=""2612""","中航","4","http://www.cmt.tw"
"=""2613""","中櫃","2","http://www.cctcorp.com.tw"
"=""2614""","東森","1","https://www.emic.com.tw/contact.php"
"=""2615""","萬海","4","https://tw.wanhai.com/views/contactus/Contactus_invest.xhtml?file_num=75322&parent_id=65578&top_file"
"=""2616""","山隆","1","www.slc.com.tw"
"=""2617""","台航","1","http://www.taiwanline.com.tw/"
"=""2618""","長榮航","2","https://www.evaair.com/zh-tw/about-eva-air/stakeholder-interest/"
"=""2630""","亞航","1","http://www.airasia.com.tw/index.php?option=module&lang=cht&task=showlist&id=456&index=6"
"=""2633""","台灣高鐵","5","http://www.thsrc.com.tw/tw/Article/ArticleContent/699e4e91-3cdd-422c-8dc4-ed8747a11195"
"=""2634""","漢翔","4","http://www.aidc.com.tw/tw/cse/stakeholder"
"=""2636""","台驊投控","4","www.t3ex-group.com"
"=""2637""","慧洋-KY","2","http://www.wisdomlines.com.tw/esg"
"=""2642""","宅配通","2","https://www.e-can.com.tw/aboutUs_contact.aspx"
"=""2645""","長榮航太","1","https://www.egat.com.tw/zh-hant/corporate-social-responsibility/stakeholders-and-issue-management/"
"=""2701""","萬企","1","www.wanhwa.com.tw"
"=""2702""","華園","1","www.hotelhg.com.tw"
"=""2704""","國賓","1","http://investor.ambassador-hotels.com/stakeholder.htm"
"=""2705""","六福","2","https://www.leofoo.com.tw/zh-TW/?Psn=10404"
"=""2706""","第一店","1","http://twfirsthotel.com.tw/relation.html"
"=""2707""","晶華","4","https://www.silkshotelgroup.com/tw/relationship"
"=""2712""","遠雄來","1","https://www.farglory-hotel.com.tw/investors/stakeholder/"
"=""2722""","夏都","4","www.chateau-hotels.com.tw/sustainability/index.php?index_id=30"
"=""2723""","美食-KY","4","http://www.85cafe.com"
"=""2727""","王品","5","www.wowprime.com"
"=""2731""","雄獅","2","http://www.liontravel.com/info/investors/"
"=""2739""","寒舍","1","http://www.mhh-group.com/csr.aspx"
"=""2748""","雲品","2","http://www.fdc-i.com/investor_relations"
"=""2753""","八方雲集","2","www.8way.com.tw"
"=""2762""","世界健身-KY","1","https://investor.worldgymtaiwan.com/stakeholders"
"=""2801""","彰銀","4","https://www.bankchb.com/frontend/mashup.jsp?funcId=bbff2f5c15"
"=""2809""","京城銀","5","https://customer.ktb.com.tw/new/about/7a39bf08"
"=""2812""","台中銀","4","http://www.tcbbank.com.tw"
"=""2816""","旺旺保","1","https://www.wwunion.com/?page_id=2389"
"=""2820""","華票","2","http://www.cbf.com.tw/ct.asp?xItem=14418&CtNode=639&mp=1"
"=""2832""","台產","2","https://www.tfmi.com.tw/investor_CG.aspx"
"=""2834""","臺企銀","4","https://ir.tbb.com.tw/stakeholders/procedures-for-the-analysis-of-material-issues"
"=""2836""","高雄銀","4","www.bok.com.tw/"
"=""2838""","聯邦銀","2","www.ubot.com.tw/interestrelationship"
"=""2845""","遠東銀","4","https://www.feib.com.tw/csr/csr.aspx"
"=""2849""","安泰銀","1","https://www.entiebank.com.tw/entie/0.1.5.3"
"=""2850""","新產","2","http://www.skinsurance.com.tw/SKI/NewsShow.aspx?uID=82"
"=""2851""","中再保","2","https://www.centralre.com/content/information/information07.htm"
"=""2852""","第一保","1","www.firstins.com.tw"
"=""2855""","統一證","4","https://www.pscnet.com.tw/pscnetAbout/stakeholderArea.do"
"=""2867""","三商壽","2","http://www.mli.com.tw/MLI_Public/AboutUsDefault2.aspx?tid=Nav02&mid=40224"
"=""2880""","華南金","4","https://www.hnfhc.com.tw/HNFHC/csr/a.do?id=3b65bd63080000007efe&parent_menu=1"
"=""2881""","富邦金","4","https://www.fubon.com/financialholdings/citizenship/stakeholders/stakeholders_way.html"
"=""2882""","國泰金","8","https://www.cathayholdings.com/holdings/governance/stakeholder"
"=""2883""","開發金","4","https://www.kgi.com/zh-tw/esg/governance"
"=""2884""","玉山金","7","https://www.esunfhc.com"
"=""2885""","元大金","7","https://www.yuanta.com/TW/ESG/Stakeholder-Engagement/Contacts"
"=""2886""","兆豐金","3","http://www.megaholdings.com.tw/tc/StakeArea.aspx"
"=""2887""","台新金","10","https://www.taishinholdings.com.tw/tsh/responsibility/stakeholder/interaction/"
"=""2888""","新光金","8","https://www.skfh.com.tw"
"=""2889""","國票金","4","www.ibf.com.tw"
"=""2890""","永豐金","4","https://www.sinopac.com/stakeholders/20170210145654630000000000000426.html"
"=""2891""","中信金","4","https://www.ctbcholding.com/content/twhoo/zh_tw/stakeholder.html"
"=""2892""","第一金","4","https://www.firstholding.com.tw/sites/firstholding/contact"
"=""2897""","王道銀行","4","https://www.o-bank.com/about/govern/stakeholder"
"=""2901""","欣欣","1","http://www.shinshinltd.com.tw/#/contact"
"=""2903""","遠百","2","https://esg.feds.com.tw/"
"=""2904""","匯僑","1","http://www.poc.com.tw/tw/manpower/stakeholder.aspx"
"=""2905""","三商","1","http://www.mercuries.com.tw"
"=""2906""","高林","1","http://www.collins.com.tw/web/responsibility/responsibility.jsp?dm_no=DM1668509119660&cp_no=CP150528"
"=""2908""","特力","1","http://www.testritegroup.com/GWS/zh_TW/"
"=""2910""","統領","1","http://www.tonlin.com.tw/CSR/CSR?id=33&name=利害關係人專區"
"=""2911""","麗嬰房","1","http://www.enphants.com/c/stakeholder.php"
"=""2912""","統一超","6","http://www.7-11.com.tw/communication.asp"
"=""2913""","農林","2","http://www.ttch.com.tw/stakeholder/stakeholder"
"=""2915""","潤泰全","1","www.ruentex.com.tw/financial/Financial_cn.htm"
"=""2923""","鼎固-KY","1","https://www.sinohorizon.tw/governance/stakeholders"
"=""2929""","淘帝-KY","1","http://www.topbi.com.tw/contacts/contact_mail_tw"
"=""2939""","凱羿-KY","1","www.vitafoss.com"
"=""2945""","三商家購","2","https://www.simplemartretail.com/"
"=""3002""","歐格","1","https://www.ahoku.com.tw/zh-TW/page/-/Social-Responsibility_Stakeholders.html"
"=""3003""","健和興","1","www.ksterminals.com.tw"
"=""3004""","豐達科","1","http://www.nafco.com.tw"
"=""3005""","神基","3","https://tw.getacgroup.com/sustainability/index.php?index_id=64"
"=""3006""","晶豪科","2","https://www.esmt.com.tw/zh-tw/CSR/%E5%88%A9%E5%AE%B3%E9%97%9C%E4%BF%82%E4%BA%BA"
"=""3008""","大立光","4","http://www.largan.com.tw/html/about/governance.php"
"=""3010""","華立","4","https://esg.wahlee.com/strategy.html"
"=""3011""","今皓","1","http://www.jh.com.tw/stakeholder.php"
"=""3013""","晟銘電","1","http://www.uneec.com/tw/stakeholder"
"=""3014""","聯陽","4","https://www.ite.com.tw/tw/esg/Sustainable-Development/Stakeholder"
"=""3015""","全漢","3","https://www.fsp-group.com/tw/StakeholderEngagement.html"
"=""3016""","嘉晶","1","http://www.epi.episil.com/stakeholders/contact-us"
"=""3017""","奇鋐","4","https://www.avc.co/zh-tw/CorporateResponsibility/Stakeholders"
"=""3018""","隆銘綠能","1","www.lmgte.com.tw"
"=""3019""","亞光","1","http://www.asia-optical.com/sub_level.php?ls=228"
"=""3021""","鴻名","2","http://www.welltend.com.tw/"
"=""3022""","威強電","3","new.ieiworld.com/tw/finance/con_show.php?op=showone&cid=52"
"=""3023""","信邦","5","www.sinbon.com"
"=""3024""","憶聲","1","www.action.com.tw"
"=""3025""","星通","1","https://www.looptelecom.com/tw/ir/stake"
"=""3026""","禾伸堂","4","http://www.holystone.com.tw/duty.do?ccId=7"
"=""3027""","盛達","4","http://www.billion.com/index.aspx?lang=TW"
"=""3028""","增你強","1","https://www.zenitron.com.tw/tw/investor-relations/stakeholder"
"=""3029""","零壹","2","WWW.ZERONE.COM.TW"
"=""3030""","德律","2","http://www.tri.com.tw/tw/investor/investor.html"
"=""3031""","佰鴻","1","www.brtled.com/web/investor/investor_8.jsp?no=7"
"=""3032""","偉訓","1","http://www.hec-group.com.tw/index.php?id=170&L=1"
"=""3033""","威健","2","http://www.weikeng.com/content.php?no=69&lan=tw"
"=""3034""","聯詠","4","https://www.novatek.com.tw/zh-TW/Html/stakeholder"
"=""3035""","智原","4","https://www.faraday-tech.com/tw/content/CSR/StakeholderEngagement"
"=""3036""","文曄","9","http://www.wtmec.com/WT/?page_id=2024"
"=""3037""","欣興","2","www.unimicron.com"
"=""3038""","全台","1","www.edtc.com"
"=""3040""","遠見","1","http://www.gv.com.tw/relation.php"
"=""3041""","揚智","2","https://reurl.cc/RLdbGz"
"=""3042""","晶技","7","https://esg.txccorp.com/esg/31_1/189/"
"=""3043""","科風","1","WWW.PCMUPS.COM.TW"
"=""3044""","健鼎","6","https://www.tripod-tech.com/article/%E5%88%A9%E5%AE%B3%E9%97%9C%E4%BF%82%E4%BA%BA-62303312aa27f"
"=""3045""","台灣大","12","http://corp.taiwanmobile.com/social-responsibility/stakeholder-0.html"
"=""3046""","建碁","2","https://www.aopen.com/TW_ch/about/investors/stakeholder"
"=""3047""","訊舟","1","http://www.edimax.com/edimax/post/post/data/edimax/tw/stakeholder/"
"=""3048""","益登","1","https://www.edomtech.com/tw/inverstor/"
"=""3049""","精金","1","https://www.hannstouch.com/tw"
"=""3050""","鈺德","1","http://www.utechmedia.com.tw/content/d/d3-2.asp"
"=""3051""","力特","1","http://www. optimax.com.tw"
"=""3052""","夆典","1","http://www.apexgrp.com.tw/investor/investor_06.html"
"=""3054""","立萬利","2","http://www.liwanli.com.tw/tw/shareholders/"
"=""3055""","蔚華科","1","https://www.spirox.com.tw/investor/corporate-governance"
"=""3056""","富華新","1","https://www.fuhua-inno.com.tw/investors/stakeholder"
"=""3057""","喬鼎","1","https://www.promise.com/tw/Stakeholder"
"=""3058""","立德","1","http://www.lei.com.tw/tw/relations/index.aspx"
"=""3059""","華晶科","1","www.altek.com.tw"
"=""3060""","銘異","1","http://www.minaik.com.tw/ch/contact_01.aspx"
"=""3062""","建漢","1","https://www.cybertan.com.tw/public/tw/about-06"
"=""3090""","日電貿","2","www.ndb.com.tw/利害關係人專區/"
"=""3092""","鴻碩","1","http://www.hotron-ind.com/"
"=""3094""","聯傑","1","http://tw.davicom.com.tw/page1.aspx?no=280160"
"=""3130""","一零四","2","https://corp.104.com.tw/zh/sustainability/stakeholders/"
"=""3138""","耀登","2","www.auden.com.tw"
"=""3149""","正達","1","http://www.gtoc.com.tw/webc/html/csr/03.aspx?nav=2"
"=""3150""","鈺寶-創","0","https://www.syncomm.com.tw/tw/esg"
"=""3164""","景岳","2","http://www.genmont.com.tw/investor/"
"=""3167""","大量","2","http://www.taliang.com"
"=""3168""","眾福科","0","不適用"
"=""3189""","景碩","18","www.kinsus.com.tw"
"=""3209""","全科","2","https://www.alltek.com/%E5%88%A9%E5%AE%B3%E9%97%9C%E4%BF%82%E4%BA%BA/"
"=""3229""","晟鈦","1","http://investor.cheer-time.com.tw/"
"=""3231""","緯創","10","https://esg.wistron.com/ch/stakeholders/communication"
"=""3257""","虹冠電","1","https://www.championmicro.com.tw/investors/Category/12"
"=""3266""","昇陽","1","https://www.sunty.com.tw/suntyESG/stakeholder.html"
"=""3296""","勝德","1","https://www.power-tech.com.tw/tw/corporate_social.php"
"=""3305""","昇貿","1","http://www.shenmao.com"
"=""3308""","聯德","1","www.bestec.com.tw"
"=""3311""","閎暉","1","https://www.silitech.com/ch/contact.aspx"
"=""3312""","弘憶股","3","http://www.gmitec.com/stakeholder"
"=""3321""","同泰","1","http://www.uniflex.com.tw"
"=""3338""","泰碩","1","https://www.taisol.com/esg/stakeholder-relation"
"=""3346""","麗清","2","http://www.lastertech.com/?lang=1&TTo=zh-tw"
"=""3356""","奇偶","2","https://www.geovision.com.tw/TW/7_7.asp"
"=""3376""","新日興","7","https://www.szs-group.com/page/stakeholder-communication?"
"=""3380""","明泰","2","https://www.alphanetworks.com/csr/1580fca6668612ae"
"=""3406""","玉晶光","1","http://www.gseo.com/contact/stakeholder.php"
"=""3413""","京鼎","4","http://www.foxsemicon.com.tw/"
"=""3416""","融程電","3","www.winmate.com.tw"
"=""3419""","譁裕","2","https://www.whayu.com/tw/html/page/page.php?cid=21&cid2=125&unid=1"
"=""3432""","台端","1","http://www.taitwun.com.tw/stakeholders_tw.asp?LangeType="
"=""3437""","榮創","1","www.aot.com.tw"
"=""3443""","創意","214","http://www.guc-asic.com/10-0.php"
"=""3447""","展達","1","www.xavi.com.tw"
"=""3450""","聯鈞","1","http://www.elaser.com.tw"
"=""3454""","晶睿","2","https://www.vivotek.com/zh-Hant"
"=""3481""","群創","9","http://www.innolux.com"
"=""3494""","誠研","1","www.hiti.com/tw/Info/stakeholder.aspx"
"=""3501""","維熹","1","www.wellshin.com.tw/chinese/ParticipantZone.asp"
"=""3504""","揚明光","2","http://www.youngoptics.com/chinese/%e5%88%a9%e5%ae%b3%e9%97%9c%e4%bf%82%e4%ba%ba/"
"=""3515""","華擎","4","http://www.asrock.com/general/about.tw.asp?cat=Stakeholder"
"=""3518""","柏騰","2","http://www.pttech.com.tw/stakeholders/"
"=""3528""","安馳","1","https://www.macnica.com/apac/anstek/zh_tw/investors/stake-holders/employee-relations/"
"=""3530""","晶相光","2","www.soinc.com.tw"
"=""3532""","台勝科","2","www.fstech.com.tw/interestedparty/index.html"
"=""3533""","嘉澤","14","https://www.lotes.cc/"
"=""3535""","晶彩科","2","www.favite.com"
"=""3543""","州巧","1","http://www.jochu.com/Stakeholder.html"
"=""3545""","敦泰","4","http://www.focaltech-electronics.com"
"=""3550""","聯穎","1","http://www.copartner.com.tw/front/bin/cglist.phtml?Category=101793"
"=""3557""","嘉威","1","www.jiaweils.com"
"=""3563""","牧德","1","www.machvision.com.tw"
"=""3576""","聯合再生","2","http://www.urecorp.com"
"=""3583""","辛耘","4","www.scientech.com.tw/zh-hant/pages/%E6%8A%95%E8%B3%87%E4%BA%BA%E5%8F%8A%E5%88%A9%E5%AE%B3%E9"
"=""3588""","通嘉","1","www.leadtrend.com.tw"
"=""3591""","艾笛森","5","https://www.edison-opto.com/stakeholders_tw_1.php"
"=""3592""","瑞鼎","4","https://esg.rad-ic.com/esg/link/stakeholder-engagement/"
"=""3593""","力銘","1","https://www.logah.com/corporate-social-responsibility/interested-parties/"
"=""3596""","智易","3","www.arcadyan.com/contentpage.aspx?type=infocontent&L2id=171&infoid=56"
"=""3605""","宏致","1","www.acesconn.com"
"=""3607""","谷崧","1","www.coxongroup.com/?page_id=1764"
"=""3617""","碩天","2","https://www.cyberpower.com/tw/zh/investor/corporate"
"=""3622""","洋華","1","http://www.yfo.com.tw/index.php?option=com_content&task=view&id=88&Itemid=97"
"=""3645""","達邁","1","https://www.taimide.com.tw/zh/article-835818"
"=""3652""","精聯","1","http://tw.ute.com/investor-relationship.php?rbu=2"
"=""3653""","健策","1","www.jentech.com.tw/#!stakeholder/cf38"
"=""3661""","世芯-KY","4","www.alchip.com"
"=""3665""","貿聯-KY","14","http://www.bizlinktech.com"
"=""3669""","圓展","2","tw.aver.com/page/IR-Contacts"
"=""3673""","TPK-KY","2","http://www.tpk.com"
"=""3679""","新至陞","1","https://www.nishoku.com.tw/zh-TW/Investor/Relationship"
"=""3686""","達能","1","http://www.danentech.com/investor_cir.aspx"
"=""3694""","海華","1","http://www.azurewave.com/shareholder-service.html"
"=""3701""","大眾控","1","https://www.ficg.com.tw/investor-service/"
"=""3702""","大聯大","5","http://www.wpgholdings.com/stakeholder/index/zhtw"
"=""3703""","欣陸","6","http://www.continental-holdings.com"
"=""3704""","合勤控","2","http://www.zyxelgroup.com/stakeholder.php"
"=""3705""","永信","2","www.yungshingroup.com/category/main.aspx?r=5"
"=""3706""","神達","2","https://www.mitac.com/zh-TW/stakeholders/index"
"=""3708""","上緯投控","2","http://www.swancor.com/tw/"
"=""3711""","日月光投控","19","http://www.aseglobal.com/ch/csr/stakeholder_engagement"
"=""3712""","永崴投控","4","https://reurl.cc/MO6GnK"
"=""3714""","富采","5","https://www.ennostar.com/contact"
"=""3715""","定穎投控","8","https://www.dynaholding.com"
"=""4104""","佳醫","2","https://reurl.cc/XmmZgD"
"=""4106""","雃博","2","https://tw.wellell.com/zh-tw/esg-area/materiality"
"=""4108""","懷特","1","http://www.phytohealth.com.tw/stakeholder.php"
"=""4119""","旭富","2","http://www.sci-pharmtech.com.tw/csr/cmp.html"
"=""4133""","亞諾法","1","https://www.abnova.com/zh-tw/html/milestone"
"=""4137""","麗豐-KY","5","www.chlitina.com"
"=""4142""","國光生","1","http://www.adimmune.com.tw/investors.php?catID=11"
"=""4148""","全宇生技-KY","1","www.allcosmos.com"
"=""4155""","訊映","1","無"
"=""4164""","承業醫","2","www.chcg.com/stakeholders-interaction-operation/"
"=""4190""","佐登-KY","1","https://www.jourdeness.com"
"=""4306""","炎洲","2","http://www.ycgroup.tw/contact.php"
"=""4414""","如興","1","http://www.roohsing.com.tw/zh-tw/shareholder_interested_parties.php"
"=""4426""","利勤","1","http://www.li-cheng.com.tw"
"=""4438""","廣越","1","http://www.qve.com.tw/investor/governanceStakeholder/Default.aspx"
"=""4439""","冠星-KY","1","http://www.tstco.com.hk"
"=""4440""","宜新實業","1","http://www.yishin-textile.com.tw"
"=""4526""","東台","1","http://www.tongtai.com.tw/tw/stakeholder.php"
"=""4532""","瑞智","1","http://www.rechi.com/Stakeholder/interested"
"=""4536""","拓凱","2","http://www.topkey.com.tw/www/_chinese/10_responsibility/01_detail.php?pid=6"
"=""4540""","全球傳動","2","www.tbimotion.com.tw"
"=""4545""","銘鈺","1","https://www.mapi.com.tw"
"=""4551""","智伸科","10","http://www.global.com.tw"
"=""4552""","力達-KY","1","www.lidaholdings.com"
"=""4555""","氣立","1","https://www.chelic.com/"
"=""4557""","永新-KY","1","www.yusin.com"
"=""4560""","強信-KY","1","www.strongh.tw"
"=""4562""","穎漢","1","http://www.ylm.com.tw"
"=""4564""","元翎","1","http://www.twmosa.com/"
"=""4566""","時碩工業","5","http://www.globaltek.com.tw"
"=""4569""","六方科-KY","2","https://sixxontech.com/zh-hant/投資人關係/"
"=""4571""","鈞興-KY","4","http://www.khgears.com/ft/lihai.php"
"=""4572""","駐龍","1","http://www.drewloong.com.tw/?p=273"
"=""4576""","大銀微系統","2","http://www.hiwinmikro.tw"
"=""4581""","光隆精密-KY","2","www.wkgroup.com"
"=""4583""","台灣精銳","1","https://www.apexdyna.com"
"=""4588""","玖鼎電力","1","www.archmeter.com"
"=""4720""","德淵","2","http://www.texyear.com/zh-tw/corporate_stakeholder.php"
"=""4722""","國精化","1","www.qualipoly.com.tw"
"=""4736""","泰博","1","http://www.taidoc.com.tw/taidoc-stakeholder.html"
"=""4737""","華廣","1","http://www.bionime.com.tw/InterestedParties.php"
"=""4739""","康普","2","http://www.coremaxcorp.com/zh-tw/stakeholders"
"=""4746""","台耀","4","http://www.formosalab.com/tw/investors4_1.php?csrtype=6"
"=""4755""","三福化","1","www.sfchem.com.tw"
"=""4763""","材料-KY","4","www.acetekgroup.com"
"=""4764""","雙鍵","1","https://www.dbc.com.tw/tw/invest.php"
"=""4766""","南寶","6","https://www.nanpao.com.tw/csr-show.aspx?id=48"
"=""4770""","上品","7","https://www.alliedsupreme.com/tw/csr-22"
"=""4771""","望隼","2","https://www.vizionfocus.com/"
"=""4807""","日成-KY","1","http://www.regaljewelrygroup.com/TW/InterestedParties/ugC_InterestedParties.asp"
"=""4904""","遠傳","11","https://corporate.fetnet.net/content/corp/tw/CSR/Stakeholder/Stakeholder.html"
"=""4906""","正文","1","https://www.gemteks.com/ir/contact"
"=""4912""","聯德控股-KY","1","http://www.lemtech.com/investor-relations-category/stakeholder-engagement"
"=""4915""","致伸","9","http;//www.primax.com.tw/investor.htm"
"=""4916""","事欣科","1","http://www.pec.tw/web/stakeholder"
"=""4919""","新唐","4","www.nuvoton.com"
"=""4927""","泰鼎-KY","4","https://www.apex-intl.com.tw/esg/stakeholder-engagement"
"=""4930""","燦星網","2","http://www.starcomgistic.com"
"=""4934""","太極","1","http//www.tainergy.com"
"=""4935""","茂林-KY","2","https://www.glthome.com.tw/responsibility-59"
"=""4938""","和碩","7","http://www.pegatroncorp.com/csr/view/id/5/lang/zh_TW"
"=""4942""","嘉彰","1","http://www.chiachang.com/ChiaGroup/profile_5d.aspx"
"=""4943""","康控-KY","1","http://www.concraft.com.tw/traditional_chinese/about_us_stakeholder_engagement.html"
"=""4949""","有成精密","1","http://www.wwpt.com.tw/"
"=""4952""","凌通","1","http://www.generalplus.com/stakeholder_appl.php"
"=""4956""","光鋐","1","http://www.epileds.com.tw/stakeholder_contact.aspx"
"=""4958""","臻鼎-KY","12","www.zdtco.com"
"=""4960""","誠美材","2","http://www.cmmt.com.tw/stakeholder.php?lang=zh"
"=""4961""","天鈺","4","https://www.fitipower.com/stakeholder/communication"
"=""4967""","十銓","1","www.teamgroupinc.com/tw/investors/csr/stakeholder/"
"=""4968""","立積","4","https://www.richwave.com.tw/zh/page.aspx?Id=21"
"=""4976""","佳凌","1","http://www.calin.com.tw/sha.php?m=ins"
"=""4977""","眾達-KY","1","www.pcltech.com/cht/01-5.htm"
"=""4989""","榮科","1","http://www.lcyt.com.tw"
"=""4994""","傳奇","2","http://www.x-legend.tw/03financials/financials_15.php"
"=""4999""","鑫禾","1","http://www.sinher.com.tw/tw/7?action=info"
"=""5007""","三星","1","http://www.sanshing.com.tw/company8.html"
"=""5203""","訊連","6","www.cyberlink.com"
"=""5215""","科嘉-KY","1","http://www.koja.com.tw"
"=""5222""","全訊","2","http://www.transcominc.com.tw/Chinese/investorRelations.php"
"=""5225""","東科-KY","1","https://eastech.com"
"=""5234""","達興材料","1","https://www.daxinmat.com/?sn=1028&lang=zh-TW"
"=""5243""","乙盛-KY","2","https://www.eson.tw/index.php?c=category&id=84"
"=""5244""","弘凱","2","www.brightek.com"
"=""5258""","虹堡","2","https://www.castlestech.com/zh-hant/%e9%97%9c%e6%96%bc%e6%88%91%e5%80%91/%e6%b0%b8%e7%ba%8c%e7%99%bc"
"=""5269""","祥碩","4","https://www.asmedia.com.tw/zh-Hant/investors-page/071yQ84xz2Tg7npd"
"=""5283""","禾聯碩","1","www.heran.com.tw"
"=""5284""","jpp-KY","5","http://www.jppholding.com/10-1.html"
"=""5285""","界霖","1","http://www.jihlin.com.tw/contacts.php?page=2"
"=""5288""","豐祥-KY","4","http://www.eurocharm.com.tw/about/?lang=zh-hant"
"=""5292""","華懋","0","http://www.dtech-group.com"
"=""5306""","桂盟","4","www.kmc-international.com"
"=""5388""","中磊","6","https://www.sercomm.com/tw/sustainability"
"=""5434""","崇越","4","http://www.topco-global.com/webfront/pages/Invertor2.aspx"
"=""5469""","瀚宇博","1","http://tw.hannstarboard.com/investor_relations/"
"=""5471""","松翰","5","http://www.sonix.com.tw/article-tw-1121-7628"
"=""5484""","慧友","1","https://ir.everfocus.com.tw/IR.asp#A01"
"=""5515""","建國","2","http://www.ckgroup.com.tw/responsibility/"
"=""5519""","隆大","2","www.longda.com.tw"
"=""5521""","工信","1","http://www.kseco.com.tw/tw/related.html"
"=""5522""","遠雄","2","http://www.farglory-land.com.tw/"
"=""5525""","順天","1","www.sweeten.com.tw"
"=""5531""","鄉林","1","http://www.shininggroup.com.tw"
"=""5533""","皇鼎","1","https://www.founding.com.tw/stakeholder.php"
"=""5534""","長虹","1","http://www.chonghong.com.tw"
"=""5538""","東明-KY","1","http://www.tonggroup.com.tw/36899320972510520497.html"
"=""5546""","永固-KY","1","http://www.yg1999.com/tw/flzq/"
"=""5607""","遠雄港","1","http://www.ftz.com.tw"
"=""5608""","四維航","4","www.swnav.com.tw/stakeholders"
"=""5706""","鳳凰","2","http://holder.travel.com.tw/"
"=""5871""","中租-KY","8","https://www.chaileaseholding.com/CSR/RelatedMeeting"
"=""5876""","上海商銀","2","https://www.scsb.com.tw/content/about/about09_j.html"
"=""5880""","合庫金","4","http://www.tcfhc.com.tw/corporate_governance/interested_parties/"
"=""5906""","台南-KY","1","http://www.tainancayman.com/Tn/fInfo_Contact.htm"
"=""5907""","大洋-KY","1","http://www.grandocean.com.tw/"
"=""6005""","群益證","4","https://www.capital.com.tw/Capitalgroup/stakeholder/stakeholder.asp?xy=16&xt=16"
"=""6024""","群益期","2","https://www.capitalfutures.com.tw/Capitalgroup/suggestion.asp?xy=18&xt=1"
"=""6108""","競國","1","http://www.apcb.com.tw/LiHaiGuanXiRen.aspx?pid=12#jianbie"
"=""6112""","邁達特","4","https://www.metaage.com.tw/investor_relations/stock_inquiry"
"=""6115""","鎰勝","1","www.isheng.com.tw"
"=""6116""","彩晶","2","https://www.hannstar.com/investors/contacts"
"=""6117""","迎廣","2","https://www.in-win.com/tw/csr/stakeholders-area"
"=""6120""","達運","1","https://www.darwinprecisions.com/zh-tw/responsibility-3.php"
"=""6128""","上福","1","https://www.gpi.com.tw/csr-4.html"
"=""6133""","金橋","1","http://www.gbe.com.tw/Investor%20Relations.html"
"=""6136""","富爾特","1","https://ir.fullerton.com.tw/stakeholder/1"
"=""6139""","亞翔","1","www.lkeng.com.tw"
"=""6141""","柏承","1","http://www.plotech.com/shareholder_3.asp"
"=""6142""","友勁","1","https://www.cameo.com.tw/home/investor/#cooperation"
"=""6152""","百一","1","http://www.pesi.com.tw/about/利害關係人專區"
"=""6153""","嘉聯益","1","www.careergroups.com"
"=""6155""","鈞寶","1","https://www.kingcore.com/tw/interested-parties"
"=""6164""","華興","1","www.ledtech.com.tw/investor-cn/corporate-governance-cn/"
"=""6165""","浪凡","1","https://langinc.com.tw/投資人關係處理窗口/"
"=""6166""","凌華","2","https://www.adlinktech.com/tw/investorrelations"
"=""6168""","宏齊","2","www.harvatek.com"
"=""6176""","瑞儀","5","http://esg.radiant.com.tw/about_operating"
"=""6177""","達麗","1","http://www.da-li.com.tw/contact2.htm"
"=""6183""","關貿","2","http://www.trade-van.com/investor/index.do?act=stockholder&type=11"
"=""6184""","大豐電","2","http://www.dafeng.tv/company/index.php?d=18"
"=""6189""","豐藝","2","http://www.promate.com.tw/stakeholder.html"
"=""6191""","精成科","1","https://invest.gbm.com.tw/operations-of-the-corporate-governance/"
"=""6196""","帆宣","2","https://www.micb2b.com/stakeholder/"
"=""6197""","佳必琪","3","https://www.jpcco.com/lang/tw/investor/stakeholder"
"=""6201""","亞弘電","1","http://www.yahorng.com/profile.php?kind=5&lang=tchinese"
"=""6202""","盛群","4","https://www.holtek.com.tw/page/about_holtek/StakeholdersConcerns/stakeholders_concerns"
"=""6205""","詮欣","1","http://www.coxoc.com.tw/investor_news_content.php?id=2"
"=""6206""","飛捷","2","https://www.flytech.com.tw/stakeholder.php"
"=""6209""","今國光","1","http://www.kinko-optical.com/tw_interested.asp?St=B&FFkindno=22"
"=""6213""","聯茂","25","http://www.iteq.com.tw/sp1-7.asp"
"=""6214""","精誠","4","http://tw.systex.com/stakeholders/"
"=""6215""","和椿","1","https://www.aurotek.com.tw/tw/about-us/csr3"
"=""6216""","居易","1","http://www.draytek.com/zh/about/stakeholder.html"
"=""6224""","聚鼎","2","http://www.pttc.com.tw/shareholder_contact.aspx"
"=""6225""","天瀚","1","www.aiptek.tw"
"=""6226""","光鼎","1","https://www.para.com.tw"
"=""6230""","尼得科超眾","1","http://www.ccic.com.tw/upload/doc/csr2.pdf"
"=""6235""","華孚","1","https://www.waffer.com.tw/about"
"=""6239""","力成","4","https://www.pti.com.tw/"
"=""6243""","迅杰","4","http://www.ene.com.tw/chinese/csr/detail.php?pid=5"
"=""6257""","矽格","1","www.sigurd.com.tw"
"=""6269""","台郡","4","https://www.flexium.com.tw/Sustainability/StackHolderEngage?lang=zh-tw"
"=""6271""","同欣電","9","www.theil.com"
"=""6277""","宏正","4","http://www.aten.com/tw/zh/aten-info/csr/page-stakeholders/"
"=""6278""","台表科","1","www.tsmt.com.tw"
"=""6281""","全國電","2","https://web.elifemall.com.tw/zh/investors-responsibility.php"
"=""6282""","康舒","4","https://www.acbel.com/article-page/csr-governance-stakeholder"
"=""6283""","淳安","1","www.soe-ele.com"
"=""6285""","啟碁","11","http://www.wnc.com.tw/index.php?lang=tw&action=csr&id=9"
"=""6288""","聯嘉","4","www.eoi.com.tw"
"=""6405""","悅城","1","www.onano-nm.com/interest.html"
"=""6409""","旭隼","8","https://voltronicpower.com/zh-TW/Investors/StakeholderEngagement"
"=""6412""","群電","8","https://www.chiconypower.com/zh-tw/home/CSR"
"=""6414""","樺漢","10","https://www.ennoconn.com/zh-tw/stakeholder-contacts/"
"=""6415""","矽力*-KY","12","http://www.silergy.com"
"=""6416""","瑞祺電通","1","http://tw.cas-well.com/corporate/governance.html#corporate-stakeholders"
"=""6423""","億而得-創","0","http://www.ymc.com.tw/ch/inverstor_Relations.html"
"=""6426""","統新","2","http://www.nextapogee.com.tw/ch/investors3-9.php"
"=""6431""","光麗-KY","1","http://www.kl-holdings.com/govern06.asp"
"=""6438""","迅得","2","www.saa-symtek.com"
"=""6442""","光聖","2","www.ezconn.com"
"=""6443""","元晶","2","http://www.tsecpv.com/zh-tw/investors/irCorpGovern/related"
"=""6446""","藥華藥","8","http://www.pharmaessentia.com"
"=""6449""","鈺邦","1","https://www.apaq.com.tw/zh-tw/investor/Stakeholder-Engagement"
"=""6451""","訊芯-KY","1","http://www.shunsintech.com/tw/StakeHolder.html"
"=""6456""","GIS-KY","4","https://www.gis-touch.com"
"=""6464""","台數科","2","https://www.topmso.com.tw/index.php/tw/csr/stakeholder_topIssue"
"=""6472""","保瑞","11","https://www.bora-corp.com/tw/investors/stakeholders/stakeholder_communication"
"=""6477""","安集","1","http://www.anjitek.com/index.php?option=module&lang=cht&task=pageinfo&id=410&index=1"
"=""6491""","晶碩","8","http://www.pegavision.com.tw/cht_index.html"
"=""6504""","南六","1","https://www.nanliugroup.com/stakeholder"
"=""6505""","台塑化","4","http://www.fpcc.com.tw/tw/corporate/stakeholder"
"=""6515""","穎崴","5","https://www.winwayglobal.com/"
"=""6525""","捷敏-KY","1","www.gemservices.com"
"=""6526""","達發","1","http://www.airoha.com"
"=""6531""","愛普*","4","www.apmemory.com"
"=""6533""","晶心科","19","http://www.andestech.com/tw/investors-stakeholder.php"
"=""6534""","正瀚-創","1","www.chbio.com.tw"
"=""6541""","泰福-KY","1","無"
"=""6550""","北極星藥業-KY","4","無"
"=""6552""","易華電","1","http://www.jmct.com.tw"
"=""6558""","興能高","1","www.synst.com.tw"
"=""6573""","虹揚-KY","2","https://www.hygroup.com.tw/tw-ww/csr/editor.aspx?CID=3"
"=""6579""","研揚","2","http://www.aaeon.com"
"=""6581""","鋼聯","5","NA"
"=""6582""","申豐","1","http://www.shinfoong.com.tw"
"=""6585""","鼎基","1","http://www.dingzing.com"
"=""6591""","動力-KY","2","https://www.sun-max.com.tw/responsibility_tw.php?id=13"
"=""6592""","和潤企業","4","https://www.hfcfinance.com.tw/zh-tw/investor/129#cms3"
"=""6598""","ABC-KY","2","www.ApBioCode.com/tw"
"=""6605""","帝寶","2","http://www.depoautolamp.com/investor_tw_1.php"
"=""6606""","建德工業","0","www.kentind.com"
"=""6625""","必應","1","http://www.bin-live.com/"
"=""6641""","基士德-KY","3","https://www.gsd.net.tw/list.php?pid=7"
"=""6645""","金萬林-創","1","http://www.kimforest.com/index.php?action=investors"
"=""6655""","科定","1","https://www.twkd.com/tw/investor_relations.php?act=view&id=1"
"=""6657""","華安","3","http://www.energenesis-biomedical.com/invest_company.php"
"=""6658""","聯策","1","http://www.synpower.com.tw"
"=""6666""","羅麗芬-KY","2","http://luolihfen.com/tc/join1-38.html"
"=""6668""","中揚光","1","http://www.jmo-corp.com"
"=""6669""","緯穎","7","https://www.wiwynn.com"
"=""6670""","復盛應用","5","https://www.fusheng-precision.com/"
"=""6671""","三能-KY","2","https://sannenggroup.com/investors-2/stakeholders/"
"=""6672""","騰輝電子-KY","1","http://www.ventec-group.com/cht/investors/stakeholder-engagement/"
"=""6674""","鋐寶科技","1","http://www.icbn.com.tw/"
"=""6689""","伊雲谷","6","http://www.ecloudvalley.com"
"=""6691""","洋基工程","1","www.yankey.com.tw/"
"=""6695""","芯鼎","1","http://www.icatchtek.com/"
"=""6698""","旭暉應材","1","http://www.fine-mat.com/csr/"
"=""6706""","惠特","2","http://www.fittech.com.tw/"
"=""6715""","嘉基","3","www.lintestech.com"
"=""6719""","力智","4","https://www.upi-semi.com/upi-semi/esg/利害關係人專區/?lang=zh-hant"
"=""6742""","澤米","1","www.vactronics.com.tw"
"=""6743""","安普新","1","https://www.ampacscorp.com/zh-tw/csr/CSR"
"=""6753""","龍德造船","1","https://www.lungteh.com/tc/csr_detail6.htm"
"=""6754""","匯僑設計","1","https://www.richhonour.com"
"=""6756""","威鋒電子","2","https://www.via-labs.com/investor_stakeholder.php"
"=""6757""","台灣虎航-創","2","https://www.tigerairtw.com"
"=""6768""","志強-KY","2","http://www.sportsgear.com.tw/stakeholders.html"
"=""6770""","力積電","10","www.powerchip.com"
"=""6771""","平和環保-創","0","http://www.pinghounion.com.tw"
"=""6776""","展碁國際","2","無"
"=""6781""","AES-KY","1","http://www.advancedenergysolution.com.tw/contacts.html"
"=""6782""","視陽","2","www.viscovision.com.tw/tw/csr_employee.html"
"=""6789""","采鈺","2","http://www.viseratech.com"
"=""6790""","永豐實","4","https://www.yfycpg.com/zh-TW/esg/stakeholder"
"=""6792""","詠業","5","無"
"=""6794""","向榮生技-創","1","https://www.unicocell.com"
"=""6796""","晉弘","2","http://www.miis.com.tw"
"=""6799""","來頡","3","www.m3tekic.com"
"=""6805""","富世達","0","www.fositek.com"
"=""6806""","森崴能源","4","-"
"=""6807""","峰源-KY","1","www.fy-grp.com/touzirenguanxijixinwenlianxiren"
"=""6830""","汎銓","2","www.msscorps.com"
"=""6834""","天二科技","1","http://www.everohms.com"
"=""6835""","圓裕","1","http://www.cmi.com.tw"
"=""6854""","錼創科技-KY創","8","https://www.playnitride.com/investrelation/"
"=""6861""","睿生光電","1","http://www.innocare-x.com"
"=""6863""","永道-KY","1","無"
"=""6869""","雲豹能源-創","5","-"
"=""6873""","泓德能源-創","6","https://www.hdrenewables.com/responsibility-all.html"
"=""6890""","來億-KY","0","https://www.laiyih.com/investor/index/4"
"=""6901""","鑽石投資","2","http://www.diamondbiofund.com"
"=""6902""","走著瞧-創","3","https://gogolook.com/zh-hant/esg"
"=""6906""","現觀科","1","www.ghtinc.com"
"=""6914""","阜爾運通","1","www.pss-group.com"
"=""6916""","華凌","1","https://www.winstar.com.tw/zh-tw/stakeholder-zone"
"=""6928""","攸泰科技","1","https://www.ubiqconn.com"
"=""6933""","AMAX-KY","1","https://www.amax.tw/stakeholder.php?act=view&id=1"
"=""6937""","天虹","2","http://www.skytech.com.tw"
"=""6949""","沛爾生醫-創","0","https://www.pellbmt.com"
"=""6951""","青新-創","0","https://www.chin-hsin.com.tw/"
"=""6952""","大武山","1","https://www.dawushan.com.tw/"
"=""6957""","裕慶-KY","0","https://www.hzfixtures.com/new-page-2"
"=""8011""","台通","1","http://www.ttcc.com.tw/big5/investor_show.php?ms=2&ss=29&is=57"
"=""8016""","矽創","11","http://www.sitronix.com.tw"
"=""8021""","尖點","4","http://www.topoint.tw/tw/contact3/"
"=""8028""","昇陽半導體","4","www.psi.com.tw"
"=""8033""","雷虎","1","http://stock.thundertiger.com/about_us.php?typeid=csr&id=541"
"=""8039""","台虹","2","http://www.taiflex.com.tw/c/csr_area.php"
"=""8046""","南電","4","http://www.nanyapcb.com.tw/nypcb/chinese/Contact/ContactUs.aspx"
"=""8070""","長華*","2","https://www.cwei.com.tw/stakeholder"
"=""8072""","陞泰","1","http://www.avtech.com.tw/Stakeholder.aspx"
"=""8081""","致新","4","http://www.gmt.com.tw/tw/company/contacts.php"
"=""8101""","華冠","1","www.arimacomm.com.tw"
"=""8103""","瀚荃","4","www.cvilux-group.com/zh-cht/social-responsibility/stakeholders"
"=""8104""","錸寶","1","http://www.ritdisplay.com"
"=""8105""","凌巨","2","www.giantplus.com/csr/stakeholder"
"=""8110""","華東","1","www.walton.com.tw/modules.php?name=Walton&op=interested&file=ms&item=investor"
"=""8112""","至上","2","www.supreme.com.tw"
"=""8114""","振樺電","4","https://www.posiflex.com/zh-TW/Sta/index"
"=""8131""","福懋科","2","https://www.fatc.com.tw/esg/about4.php"
"=""8150""","南茂","4","https://www.chipmos.com/chinese/csr/overview.aspx"
"=""8162""","微矽電子","0","www.msec.com.tw"
"=""8163""","達方","5","https://www.darfon.com.tw/tw/integrity"
"=""8201""","無敵","1","http://besta.com.tw/zh-tw/Page/stakeholder"
"=""8210""","勤誠","15","http://www.chenbro.com/zh-T W/Page/stakeholder"
"=""8213""","志超","1","http://www.tpt-pcb.com.tw/interested.htm"
"=""8215""","明基材","4","WWW.BENQMATERIALS.COM"
"=""8222""","寶一","1","www.aerowin.com　"
"=""8249""","菱光","2","http://www.csi-sensor.com.tw/cht/Nshareholder.aspx"
"=""8261""","富鼎","1","https://www.a-power.com.tw/tw/corporate/item/csr-stakeholders"
"=""8271""","宇瞻","3","https://www.apacer.com/zh/Csr/Interested"
"=""8341""","日友","1","http://www.sunnyfriend.com.tw/SunnyFriend/InterestedParty/IP01.html"
"=""8367""","建新國際","2","www.chienshing.com.tw"
"=""8374""","羅昇","1","https://www.acepillar.com/About/investor"
"=""8404""","百和興業-KY","1","http://www.kypaiho.com/"
"=""8411""","福貞-KY","3","www.kingcanholdings.com"
"=""8422""","可寧衛","4","https://www.cleanaway.tw/investor-stakeholder.html"
"=""8429""","金麗-KY","1","www.jinligroup.com.tw"
"=""8438""","昶昕","2","建置中"
"=""8442""","威宏-KY","2","http://www.ww-holding.com.tw/"
"=""8443""","阿瘦","1","www.asogroup.com.tw"
"=""8454""","富邦媒","18","https://corp.momo.com.tw/stakeholder/stakeholderComm"
"=""8462""","柏文","2","www.powerwindhealth.com.tw"
"=""8463""","潤泰材","1","http://www.rtm.com.tw/chinese/ir/overview.php"
"=""8464""","億豐","3","http://www.nienmade.com.tw/"
"=""8466""","美吉吉-KY","1","www.mjig.com"
"=""8467""","波力-KY","1","http://bonnyworldwide.com/"
"=""8473""","山林水","1","http://www.mfw.com.tw/responsibility.html"
"=""8476""","台境","1","www.tesc.com.tw/corporate_equity_structure.html"
"=""8478""","東哥遊艇","3","http://oceanalexander.com.tw/DynamicContent.aspx?id=3628A177109A998A"
"=""8481""","政伸","2","http://www.transart.com.tw/"
"=""8482""","商億-KY","1","http://www.shaneglobal.com.tw"
"=""8487""","愛爾達","1","https://www.elta.com.tw/investor/stakeholders"
"=""8488""","吉源-KY","1","http://www.jypkg.com"
"=""8499""","鼎炫-KY","1","http://topbright.taiwanscale.com/cn/relationship_cn.asp?relationship_class=producthistory"
"=""8926""","台汽電","4","www.cogen.com.tw/tw/ContactUs.aspx"
"=""8940""","新天地","1","https://www.newpalace.com.tw/investors"
"=""8996""","高力","1","https://www.kaori.com.tw/tw/modules/investors/stakeholder"
"=""9802""","鈺齊-KY","4","http://www.fulgentsun.com/contact.asp"
"=""9902""","台火","1","http://www.tidehold.com/interested_parties/interested_parties.html"
"=""9904""","寶成","4","http://www.pouchen.com/index.php/stakeholders"
"=""9905""","大華","1","http://www.greatchina.com.tw/framests_c_stakeholder.html"
"=""9906""","欣巴巴","4","http://www.hsinbaba.com.tw"
"=""9907""","統一實","4","http://www.tonyi.com.tw/contact.php"
"=""9908""","大台北","1","http://www.taipeigas.com.tw/IR/"
"=""9910""","豐泰","6","http://www.fengtay.com/chinese/05_contact/03_stackholder.aspx"
"=""9911""","櫻花","3","https://www.sakura.com.tw/About"
"=""9912""","偉聯","1","https://www.agneovo.com/tw/corporate-governance/stakeholders-area"
"=""9914""","美利達","2","https://www.merida-bikes.com/zh-tw/p/tou-zi-ren-zi-xuninvestors/tou-zi-ren-zi-xun-352.html"
"=""9917""","中保科","6","http://www.secom.com.tw/about/about_01.aspx?cid=2014010001&id=2015010001"
"=""9918""","欣天然","2","http://www.shinshingas.com.tw/complaint_select.aspx"
"=""9919""","康那香","2","https://www.knh.com.tw/duty3.html"
"=""9921""","巨大","6","https://www.giantgroup-cycling.com/ir-shareholderservice"
"=""9924""","福興","2","http://www.fuhsing.com.tw/exec/msg.php?mid=92&cid=40&pid=92&lg=T"
"=""9925""","新保","2","www.sks.com.tw/Stakeholder"
"=""9926""","新海","1","https://www.shinhaigas.com.tw/stakeholder.php"
"=""9927""","泰銘","1","http://www.tmicl.com.tw/inside-c-5.html"
"=""9928""","中視","1","http://www.ctv.com.tw/opencms/investor/"
"=""9929""","秋雨","1","http://www.choiceprintgroup.com/ch/rule.php?id=14"
"=""9930""","中聯資源","1","http://www.chc.com.tw/st.html?id=st1"
"=""9931""","欣高","1","http://www.hkgas.com.tw/custuser.aspx"
"=""9933""","中鼎","4","https://www.ctci.com/csr/ch/0107"
"=""9934""","成霖","2","https://tw.globeunion.com/stakeholders/"
"=""9935""","慶豐富","1","http://www.chingfeng.com/cn/shareholders/Organization.html"
"=""9937""","全國","1","http://inv.npcgas.com.tw/html/investors/18.aspx"
"=""9938""","百和","2","www.paiho.com"
"=""9939""","宏全","5","http://www.honchuan.com/tw/investor"
"=""9940""","信義","4","https://www.sinyi.com.tw/investors"
"=""9941""","裕融","4","http://www.tac.com.tw"
"=""9942""","茂順","1","http://www.nak.com.tw/template/zh/AboutUs.asp?CatID=122"
"=""9943""","好樂迪","1","www.holiday.com.tw"
"=""9944""","新麗","1","https://www.shinih.com/stakeholder"
"=""9945""","潤泰新","1","www.rt-develop.com.tw"
"=""9946""","三發地產","2","https://www.sanfar.com.tw/zh-TW/investor#investors1"
"=""9955""","佳龍","2","https://www.sdti.com.tw/investors_shareholder.html"
"=""9958""","世紀鋼","3","www.century.com.tw/new/00.html"