"報告年度:2021","議題:廢棄物管理"
"公司代號","公司名稱","有害廢棄物量(公噸)-有害廢棄物量(公噸)","非有害廢棄物(公噸)-非有害廢棄物(公噸)","總重量(有害+非有害)(公噸)-總重量(有害+非有害)(公噸)","資料範圍-資料範圍","廢棄物密集度-密集度(公噸/單位)","廢棄物密集度-單位","取得驗證-取得驗證"
"=""1101""","台泥","0.0000","2883.5500","2883.5500","台泥台灣個體公司 (涵蓋營運集團總部、研究室、2座水泥廠、25座製品廠)","0.0005","產品","ISO 14001"
"=""1102""","亞泥","0.0000","0.0000","3816.0000","亞泥個體公司","0.0010","產品","ISO14001、ISO9001"
"=""1103""","嘉泥","0.0000","0.0000","239.9750","合併報表之母子公司但不包含台灣地區營收佔比相較微小之資產出租公司藍鈞及嘉昇建設，及日本區，大陸區所有轉投資公司。","0.0001","營業額 2,042,623 (仟元)",""
"=""1104""","環泥","0.0000","656.4000","656.4000","母公司之阿蓮水泥廠、海湖石膏板廠、直屬七座預拌混凝土場","0.0002","產值(新台幣千元)",""
"=""1108""","幸福","無，本公司於生產水泥之熟料過程中，經過1450度旋窯之燒成，所有替代原料(包含廢棄物)均不會產生，故於生產過程中尚無產生廢棄物；另一般辦公室及廠房所產生之垃圾，則無法統計數量。","無，本公司於生產水泥之熟料過程中，經過1450度旋窯之燒成，所有替代原料(包含廢棄物)均不會產生，故於生產過程中尚無產生廢棄物；另一般辦公室及廠房所產生之垃圾，則無法統計數量。","無，本公司於生產水泥之熟料過程中，經過1450度旋窯之燒成，所有替代原料(包含廢棄物)均不會產生，故於生產過程中尚無產生廢棄物；另一般辦公室及廠房所產生之垃圾，則無法統計數量。","","無，無統計相關數據","",""
"=""1109""","信大","0.0000","0.0000","116.9600","僅信大母公司南聖湖工廠","無，無統計相關數據","",""
"=""1110""","東泥","0.0000","84.7900","84.7900","工廠","0.0001","產品",""
"=""1201""","味全","1.3200","4384.2300","4385.5500","1.母公司(含總公司、中央研究所、營業所、台中廠、斗六廠、高雄廠)。 2.110年廢棄物重量為4385.55公噸，包含非有害廢棄物4384.23公噸及有廢棄物1.32公噸。   廢棄物處理方式：有害廢棄物採焚燒及化學處理、非有害廢棄物則以回收再利用(含回收及堆肥自行處理為主、焚化處理次之)。 3.110年廢棄物回收再利用及堆肥量等共計4225.51公噸，資源回收再利用率為 96.4%。","0.0290","產品","ISO 14001"
"=""1203""","味王","3.2000","974.6000","977.8000","一般廢棄物+實驗廢液","0.4400","營業額",""
"=""1210""","大成","無，無統計相關數據","無，無統計相關數據","無，無統計相關數據","","無，無統計相關數據","",""
"=""1213""","大飲","72.1300","12.1550","84.2850","僅母公司","無，NA","","NA"
"=""1215""","卜蜂","0.0000","30071.6000","30071.6000","南投肉食品加工廠、台中飼料廠、高雄飼料廠","無，無統計相關數據","",""
"=""1216""","統一","3.0000","35751.0000","35754.0000","僅母公司","8.3900","營業收入千萬元","ISO 14001"
"=""1217""","愛之味","0.0000","2665.5000","2665.5000","母公司之污泥、廢食用油、菜渣、生活垃圾、資源回收","0.3760","產品",""
"=""1218""","泰山","0.0000","1452.9900","1452.9900","泰山公司所屬田中食品廠、田中油脂廠、水產飼料廠、北斗牧場","0.3819","營業額",""
"=""1219""","福壽","0.1050","459.9400","460.0450","母公司、子公司","0.0000","營業額",""
"=""1220""","台榮","0.0000","2015.8650","2015.8650","本公司雲林廠及高雄飼料廠","76.4312","營業額(億元)",""
"=""1225""","福懋油","0.2600","627.2500","627.5100","涵蓋範圍:僅母公司","無，無統計相關數據","",""
"=""1227""","佳格","3.3100","5344.0000","5347.3100","佳格母公司","0.0043","萬元營業額","ISO 14001"
"=""1229""","聯華","0.0000","282.9900","282.9900","母公司-聯華實業投資控股(股)公司以及 子公司-聯華製粉食品(股)公司、聯華置產(股)公司","0.0450","營業額;單位為新台幣佰萬元",""
"=""1231""","聯華食","0.0000","7104.7800","7104.7800","臺灣地區的總公司及各工廠之所有營運相關之活動","0.7476","百萬營業額",""
"=""1232""","大統益","0.0000","1951.0000","1951.0000","僅母公司","0.0020","黃豆總加工量","ISO 14001"
"=""1233""","天仁","0.0000","0.0000","1350.0000","本公司天仁茶業股份有限公司直營單位","1.5205","分母以營業額為百萬元之計算",""
"=""1234""","黑松","0.8000","2614.0000","2614.8000","中壢廠","0.0100","產品",""
"=""1235""","興泰","無，無統計相關數據","無，無統計相關數據","無，無統計相關數據","","無，無統計相關數據","",""
"=""1236""","宏亞","0.0000","424.7200","424.7200","母公司","0.0000","營業額",""
"=""1256""","鮮活果汁-KY","1.0241","1962.6080","1963.6321","集團主要營運主體，子公司蘇州鮮活飲品股份有限公司","0.0005","營業額",""
"=""1301""","台塑","2928.0000","235519.0000","238447.0000","母公司","113.1800","廢棄物總量/當年度個體財報營收(億元)，請參閱本公司2021年永續報告書P.81",""
"=""1303""","南亞","6023.3000","122868.0000","128891.3000","母公司","0.0006","單位:公噸/110年個體營業額(千元)。","ISO 14001"
"=""1304""","台聚","22.2300","868.5900","890.8200","台聚高雄廠","0.0036","產品","ISO 14001"
"=""1305""","華夏","38.3100","3401.9000","3440.2100","華夏頭份廠、華聚林園廠、台氯林園廠。","0.0030","產品","ISO 14001"
"=""1307""","三芳","0.0000","0.0000","2153.0000","母公司","2.8500","百萬營業額",""
"=""1308""","亞聚","0.0000","395.5600","395.5600","亞聚林園廠","0.0029","產品","ISO 14001"
"=""1309""","台達化","0.0000","3587.0000","3587.0000","前鎮廠、林園廠、頭份廠、中山廠","0.0068","產品","ISO 14001"
"=""1310""","台苯","5.1300","14367.3800","14372.5100","台苯高雄廠","0.0400","產品",""
"=""1312""","國喬","0.0000","0.0000","30077.0900","國喬石油化學股份有限公司高雄廠","1.6600","營業額",""
"=""1313""","聯成","311.0000","1702.0000","2013.0000","聯成林園廠","無，無統計相關數據","",""
"=""1314""","中石化","37654.0000","49540.0000","87194.0000","僅母公司","0.0000","廢棄物總量:87194公噸，營業收入:35,163,380仟元","ISO 14001"
"=""1315""","達新","0.0000","133.0000","133.0000","母公司","無，無統計相關數據","",""
"=""1316""","上曜","無，無統計相關數據","無，無統計相關數據","無，無統計相關數據","","無，無統計相關數據","",""
"=""1319""","東陽","392.0000","3047.0000","3439.0000","母公司","0.2500","百萬營業額",""
"=""1321""","大洋","11.9500","655.3600","667.3100","母公司","0.0046","產品",""
"=""1323""","永裕","0.0000","91.7800","91.7800","台灣永裕: 一般垃圾 80.185噸 非有害事業廢棄物10.095公噸 上海永裕: 311.363噸 威瑪:1.5噸","0.0001","台灣永裕+上海永裕 (90.28+311.363)/(1907428千元+1281058千元)=0.000125",""
"=""1324""","地球","97.9800","89.2500","187.2300","母公司(幼一二廠)","0.0000","營業額","ISO 14001"
"=""1325""","恆大","無，無統計相關數據","無，無統計相關數據","無，無統計相關數據","","無，無統計相關數據","",""
"=""1326""","台化","61.0000","286944.0000","287005.0000","110年母公司及台醋公司之台灣廠區","118.0000","營業額億元","ISO 14001"
"=""1337""","再生-KY","無，無統計相關數據","無，無統計相關數據","無，無統計相關數據","","無，無統計相關數據","",""
"=""1338""","廣華-KY","144.4000","325.3600","469.7600","僅重要子公司東莞廣澤汽車飾件有限公司","0.0030","平方米(建築面積)",""
"=""1339""","昭輝","128.2800","9.4000","137.6800","母公司","無，無統計相關數據","",""
"=""1340""","勝悅-KY","無，無統計相關數據","無，無統計相關數據","無，無統計相關數據","","無，無統計相關數據","",""
"=""1341""","富林-KY","356.2550","2833.2000","3189.4550","僅子公司同奈廠","0.2085","產品","ISO 14001"
"=""1342""","八貫","無，無統計相關數據","無，無統計相關數據","無，無統計相關數據","","無，無統計相關數據","",""
"=""1402""","遠東新","17480.0000","191108.0000","208588.0000","統計範疇共21個生產據點","0.0271","產品","ISO 14001"
"=""1409""","新纖","0.0000","1743.2000","1743.2000","新光合纖中壢廠","無，無統計相關數據","",""
"=""1410""","南染","無，無統計相關數據","無，無統計相關數據","無，無統計相關數據","","無，無統計相關數據","",""
"=""1413""","宏洲","0.0000","0.0000","71.5100","僅母公司","0.0004","產品",""
"=""1414""","東和","0.0000","129.0000","129.0000","本公司","無，無統計相關數據","",""
"=""1416""","廣豐","無，無統計相關數據","無，無統計相關數據","無，無統計相關數據","","無，無統計相關數據","",""
"=""1417""","嘉裕","無，無統計相關數據","無，無統計相關數據","無，無統計相關數據","","無，無統計相關數據","",""
"=""1418""","東華","0.0000","9.0000","9.0000","本公司新竹廠","無，本公司(廠)110年度壓克力纖維(棉)製程停工","",""
"=""1419""","新紡","0.0000","36.1100","36.1100","母公司生產區域","0.0000","產品",""
"=""1423""","利華","0.0000","5.5800","5.5800","母公司","0.0000","元營業額",""
"=""1432""","大魯閣","無，無統計相關數據","無，無統計相關數據","無，無統計相關數據","","無，無統計相關數據","",""
"=""1434""","福懋","20324.0000","2532.0000","22856.0000","台灣廠區","0.9300","營業額 百萬元(新台幣)",""
"=""1435""","中福","0.0000","0.3230","0.3230","僅母公司","0.0260","無生產活動，以平均每月生活廢棄物量計算",""
"=""1436""","華友聯","0.0000","0.0000","3782.0000","僅母公司","無，無統計相關數據","",""
"=""1437""","勤益控","無，無統計相關數據","無，無統計相關數據","無，無統計相關數據","","無，無統計相關數據","",""
"=""1438""","三地開發","無，詳年報說明","無，詳年報說明","無，詳年報說明","","無，詳年報說明","",""
"=""1439""","雋揚","無，無統計相關數據","無，無統計相關數據","無，無統計相關數據","","無，無統計相關數據","",""
"=""1440""","南紡","36.3100","564.0000","600.3100","仁德廠+太子廠","0.0019","產量公噸","ISO 14001"
"=""1441""","大東","無，無統計相關數據","無，無統計相關數據","無，無統計相關數據","","無，無統計相關數據","",""
"=""1442""","名軒","無，無統計相關數據","無，無統計相關數據","無，無統計相關數據","","無，無統計相關數據","",""
"=""1443""","立益物流","無，無統計相關數據","無，無統計相關數據","無，無統計相關數據","","無，無統計相關數據","",""
"=""1444""","力麗","0.0000","3934.0000","3934.0000","母公司各廠區","無，無統計相關數據","",""
"=""1445""","大宇","無，無統計相關數據","無，無統計相關數據","無，無統計相關數據","","無，無統計相關數據","",""
"=""1446""","宏和","0.0000","8.5800","8.5800","母公司","8.4000","噸",""
"=""1447""","力鵬","429.0000","8156.0000","8585.0000","母公司各廠區","無，無統計相關數據","",""
"=""1449""","佳和","0.0000","310.0000","310.0000","母公司","0.0160","產品",""
"=""1451""","年興","0.0000","1841.0000","1841.0000","2021年","0.0002","仟元營業額",""
"=""1452""","宏益","0.0000","6.8000","6.8000","包含合併財務報表之母子公司","0.0002","產品",""
"=""1453""","大將","無，無統計相關數據","無，無統計相關數據","無，無統計相關數據","","無，無統計相關數據","",""
"=""1454""","台富","無，無統計相關數據","無，無統計相關數據","無，無統計相關數據","","無，無統計相關數據","",""
"=""1455""","集盛","0.0000","1762.7300","1762.7300","母公司之5個紡織製品製造廠區","0.0100","產品",""
"=""1456""","怡華","0.0000","132.0000","132.0000","台南官田廠","0.0130","一般廢棄物",""
"=""1457""","宜進","無，大樓物業清潔收走","無，大樓物業清潔收走","無，大樓物業清潔收走","","無，無統計相關數據","",""
"=""1459""","聯發","0.0000","56.1400","56.1400","工廠","0.0023","產品",""
"=""1460""","宏遠","0.0000","10770.2400","10770.2400","母公司","無，無統計相關數據","",""
"=""1463""","強盛新","無，無統計相關數據","無，無統計相關數據","無，無統計相關數據","","無，無統計相關數據","",""
"=""1464""","得力","0.0000","3627.3000","3627.3000","僅母公司","3627.3000","產品","ISO 14001"
"=""1465""","偉全","無，無統計相關數據","無，無統計相關數據","無，無統計相關數據","","無，無統計相關數據","",""
"=""1466""","聚隆","0.0000","313.3000","313.3000","母公司","0.0063","產品",""
"=""1467""","南緯","0.0420","26.1600","26.2020","母公司","無，無統計相關數據","",""
"=""1468""","昶和","無，無統計相關數據","無，無統計相關數據","無，無統計相關數據","","無，無統計相關數據","",""
"=""1470""","大統新創","0.0000","2415.0000","2415.0000","合併財務報表之母子公司之桃園廠區","0.3300","產量",""
"=""1471""","首利","無，無統計相關數據","無，無統計相關數據","無，無統計相關數據","","無，無統計相關數據","",""
"=""1472""","三洋實業","無，本公司於5/11董事會剛通過溫室氣體排放，目前因組織尚未完整，尚未決定由何單位及何種方式進行此一數據收集。","無，本公司於5/11董事會剛通過溫室氣體排放，目前因組織尚未完整，尚未決定由何單位及何種方式進行此一數據收集。","無，本公司於5/11董事會剛通過溫室氣體排放，目前因組織尚未完整，尚未決定由何單位及何種方式進行此一數據收集。","","無，本公司於5/11董事會剛通過溫室氣體排放，目前因組織尚未完整，尚未決定由何單位及何種方式進行此一數據收集。","",""
"=""1473""","台南","1019.3700","651.2700","1670.6400","包含合併財務報表之母子公司","0.0800","產品",""
"=""1474""","弘裕","0.0000","786.0000","786.0000","母公司","無，無統計相關數據","",""
"=""1475""","業旺","無，詳年報說明","無，詳年報說明","無，詳年報說明","","無，詳年報說明","",""
"=""1476""","儒鴻","0.0000","0.0000","9682.6590","包含合併財務報表之母子公司","0.0003","營業額",""
"=""1477""","聚陽","0.0000","0.0000","22.9100","台北總公司","0.0008","營業額(百萬元)",""
"=""1503""","士電","1.9000","738.8400","740.7400","環境面資訊以母公司之電裝廠、新豐廠、重電廠為主， 不包含台北總公司。","無，無統計相關數據","",""
"=""1504""","東元","10.3500","3015.2200","3025.5700","台灣所有廠區","13.2000","營業額",""
"=""1506""","正道","無，無統計相關數據","無，無統計相關數據","無，無統計相關數據","","無，無統計相關數據","",""
"=""1512""","瑞利","無，無統計相關數據","無，無統計相關數據","無，無統計相關數據","","無，無統計相關數據","",""
"=""1513""","中興電","0.0480","435.5710","435.6190","母公司110年度","0.0241","營業額","ISO 14001"
"=""1514""","亞力","0.0000","70.6000","70.6000","母公司","無，無統計相關數據","",""
"=""1515""","力山","無，資料尚在驗證","無，資料尚在驗證","無，資料尚在驗證","","無，資料尚在驗證","",""
"=""1516""","川飛","無，無統計相關數據","無，無統計相關數據","無，無統計相關數據","","無，無統計相關數據","",""
"=""1517""","利奇","0.0000","0.0000","50.7334","母公司","無，無統計相關數據","",""
"=""1519""","華城","0.0000","0.0000","918.5200","僅母公司","0.1461","產品","ISO 14001"
"=""1521""","大億","無，無統計相關數據","無，無統計相關數據","無，無統計相關數據","","無，無統計相關數據","",""
"=""1522""","堤維西","0.0000","585.5100","585.5100","110年","5.1600","營業額",""
"=""1524""","耿鼎","0.0000","209.8300","209.8300","母子公司","0.0181","產能總重",""
"=""1525""","江申","0.0000","222.9000","222.9000","母公司","0.1750","公噸/百萬元營業額",""
"=""1526""","日馳","0.0000","0.0000","61.8400","母公司","無，無統計相關數據","",""
"=""1527""","鑽全","0.0000","41.8800","41.8800","110年","0.9307","營業額","ISO 14001"
"=""1528""","恩德","無，無統計相關數據","無，無統計相關數據","無，無統計相關數據","","無，無統計相關數據","",""
"=""1529""","樂事綠能","無，無統計相關數據","無，無統計相關數據","無，無統計相關數據","","無，無統計相關數據","",""
"=""1530""","亞崴","無，無統計相關數據","無，無統計相關數據","無，無統計相關數據","","無，無統計相關數據","",""
"=""1531""","高林股","無，無統計相關數據","無，無統計相關數據","無，無統計相關數據","","無，無統計相關數據","",""
"=""1532""","勤美","0.0000","7447.4000","7447.4000","勤美金屬成型事業處","0.3266","產品","ISO 14001"
"=""1533""","車王電","2.3500","32.0000","34.3500","母公司","34.3500","產值","ISO 14001"
"=""1535""","中宇","無，本公司非製造工廠，故無法取得數據。","無，本公司非製造工廠，故無法取得數據。","無，本公司非製造工廠，故無法取得數據。","","無，本公司非製造工廠，故無法取得數據。","",""
"=""1536""","和大","0.0000","0.0000","242.2400","僅母公司","27.6022","百萬營業額","ISO 14001"
"=""1537""","廣隆","1949.0000","867.0000","2816.0000","包含合併財務報表之母子公司","2058.8600","仟元營業額/噸",""
"=""1538""","正峰","0.0000","11.9000","11.9000","母公司","無，無統計相關數據","",""
"=""1539""","巨庭","無，無統計相關數據","無，無統計相關數據","無，無統計相關數據","","無，無統計相關數據","",""
"=""1540""","喬福","0.0000","0.0000","0.0000","個體公司","無，無統計相關數據","",""
"=""1541""","錩泰","14.0000","41.0000","55.0000","僅母公司","0.0087","百萬營業額",""
"=""1558""","伸興","81.0000","992.0000","1073.0000","合併財務報表之母子公司","0.0003","產品","ISO 14001"
"=""1560""","中砂","25.1900","1544.3200","1569.5100","母公司","0.2900","百萬元營業額","ISO 14001"
"=""1568""","倉佑","8.5500","398.9300","407.4800","僅母公司","0.3707","百萬營業額","ISO 14001"
"=""1582""","信錦","無，無統計相關數據","無，無統計相關數據","無，無統計相關數據","","無，無統計相關數據","","ISO 9001"
"=""1583""","程泰","無，無統計相關數據","無，無統計相關數據","無，無統計相關數據","","無，無統計相關數據","",""
"=""1587""","吉茂","12250.0000","61360.0000","73610.0000","110年","無，無統計相關數據","",""
"=""1589""","永冠-KY","355.6600","36469.5500","36825.2100","合併財務報表之子公司","0.1800","產品","ISO 14001"
"=""1590""","亞德客-KY","5019.9000","15376.8000","20396.7000","包含三個生產工廠，已涵蓋集團90%以上的排放量","1.2916","每百萬元產值",""
"=""1597""","直得","0.0000","281.5400","281.5400","母公司","0.1950","每百萬營業額","ISO 14001"
"=""1598""","岱宇","0.0000","183.7200","183.7200","本公司彰化一廠、二廠與五廠","0.0000","營業額仟元",""
"=""1603""","華電","無，規劃中","無，規劃中","無，規劃中","","無，規劃中","",""
"=""1604""","聲寶","無，無統計相關數據","無，無統計相關數據","無，無統計相關數據","","無，無統計相關數據","",""
"=""1605""","華新","64359.0500","93310.2300","157669.2800","楊梅廠、新莊廠、鹽水廠、臺中廠。東莞華新、江陰華新、江陰合金、上海華新、煙台華新、常熟華新、華新精密","0.1200","產品","ISO 14001"
"=""1608""","華榮","5.8600","661.6300","667.4900","涵蓋範圍僅限華榮電線電纜股份有限公司高楠工廠廠區","0.0900","百萬營業額","ISO 14001"
"=""1609""","大亞","38.8400","478.7500","517.5900","大亞","0.0370","營業額",""
"=""1611""","中電","0.0000","31.8780","31.8780","工廠","無，無統計相關數據","",""
"=""1612""","宏泰","174.6900","342.3500","517.0400","僅母公司","無，無統計相關數據","","ISO 14001"
"=""1614""","三洋電","0.0000","120.0000","120.0000","母子公司","0.0215","噸/百萬元",""
"=""1615""","大山","0.0000","108.4600","108.4600","母公司","0.0200","產品",""
"=""1616""","億泰","0.0000","197.0000","197.0000","母公司","0.0700","營業額",""
"=""1617""","榮星","無，無統計相關數據","無，無統計相關數據","無，無統計相關數據","","無，無統計相關數據","",""
"=""1618""","合機","0.0000","0.0000","55.2900","110年1-12月(全年)","無，無統計相關數據","","ISO 14001"
"=""1626""","艾美特-KY","169.4400","24.8400","194.2800","營運地深圳艾美特+九江艾美特","194.2800","營業額",""
"=""1702""","南僑","30.0000","13912.0000","13942.0000","資訊涵蓋台灣、中國大陸、泰國地區之製造單位及台灣、中國大陸餐飲事業","0.7010","營業額",""
"=""1707""","葡萄王","7.0200","1962.5400","1969.5600","葡萄王生技","0.2010","每百萬營收","ISO 14001"
"=""1708""","東鹼","0.0000","934.9600","934.9600","僅母公司","5.7400","百萬營業額","ISO 14001"
"=""1709""","和益","0.0200","201.2000","201.2200","僅母公司林園工廠","0.0305","百萬營業額",""
"=""1710""","東聯","0.0300","708.3600","708.3900","母公司","0.0000","營業額；單位：公噸/仟元",""
"=""1711""","永光","2029.9000","9515.5000","11545.4000","合併財務報表之母子公司生產型廠區","1.2000","百萬元產值","ISO 14001"
"=""1712""","興農","1.7700","1773.5300","1775.3000","母公司王田廠區(王田廠、王田二廠、生物工廠)","0.1600","植物保護產品佰萬元銷售額","ISO 14001"
"=""1713""","國化","0.0000","0.0000","198.5100","屏南分公司","198.5100","產品",""
"=""1714""","和桐","0.0000","94.9700","94.9700","高雄仁武廠","0.0031","產品",""
"=""1717""","長興","4400.0000","6164.0000","10564.0000","母公司(台灣三廠區)","0.0520","產品",""
"=""1718""","中纖","0.0716","21477.0000","21477.0716","110年度申報量","0.0374","營業額573445.0898萬元",""
"=""1720""","生達","178.8700","244.9970","423.8670","生達一廠+生達二廠","14.9000","營業額",""
"=""1721""","三晃","209.4000","2169.1000","2378.5000","母公司","0.0969","產品","確信準則公報第一號"
"=""1722""","台肥","191.0000","324.7400","515.7400","母公司台中廠、苗栗廠、花蓮廠","0.0005","產品","ISO 14001"
"=""1723""","中碳","0.0000","0.0000","193.4200","小港廠+屏南廠","193.4200","營業額",""
"=""1725""","元禎","0.0000","0.0000","18.1200","母公司","0.0022","百萬元營業額",""
"=""1726""","永記","448.7100","676.0100","1124.7200","20210101-20211231","無，無統計相關數據","","ISO9001及ISO14001"
"=""1727""","中華化","215.9900","554.3110","770.3010","桃園一廠、桃園二廠","0.0090","產品",""
"=""1730""","花仙子","0.1900","68.2300","68.4200","母公司","21.8000","營業額",""
"=""1731""","美吾華","0.0000","0.0000","24.0250","台北總公司、台中及高雄服務中心、楊梅工廠及物流中心","無，無統計相關數據","",""
"=""1732""","毛寶","0.0000","527.0800","527.0800","母公司","0.8500","噸CO2e/百萬營收",""
"=""1733""","五鼎","1.4987","163.1700","164.6687","母公司","0.0001","營業額",""
"=""1734""","杏輝","11.0000","236.3890","247.3890","母公司","0.0001","營業額仟元","ISO 14001"
"=""1735""","日勝化","1.9900","563.8500","565.8400","母公司(未包含再利用廢棄物44.117公噸)","0.0295","產品",""
"=""1736""","喬山","無，詳年報說明","無，詳年報說明","無，詳年報說明","","無，無統計相關數據","",""
"=""1737""","臺鹽","0.0000","0.0000","623.4800","生活垃圾、其他廢玻璃、陶瓷、磚、瓦及黏土等混合物、無機性污泥、滅菌後之非感染性事業廢棄物、毒性化合物-汞、廢紙、廢潤滑油、廢塑膠、廢鐵","無，無統計相關數據","",""
"=""1752""","南光","9.7000","203.8020","213.5020","母公司","11.9945","營業額",""
"=""1760""","寶齡富錦","2.9000","29.8200","32.7200","寶齡富錦生技股份有限公司平鎮廠","0.0001","每仟元產值",""
"=""1762""","中化生","1368.0000","386.0000","1754.0000","母公司","0.0090","產品",""
"=""1773""","勝一","0.0000","864.3500","864.3500","母公司","0.0040","產品",""
"=""1776""","展宇","13.0700","401.5800","414.6500","範圍為母公司(第一廠及第二廠)","0.5470","以佰萬元營業額為單位",""
"=""1783""","和康生","0.0000","0.0000","29.7950","母公司","無，無統計相關數據","",""
"=""1786""","科妍","0.0380","61.0000","61.0380","母公司","無，無統計相關數據","",""
"=""1789""","神隆","2382.0000","549.0000","2931.0000","僅母公司，2021年1月~12月","無，無統計相關數據","",""
"=""1795""","美時","58.3800","177.1800","235.5600","母公司及重要子公司生產基地及研發中心","0.1900","千萬元營業額",""
"=""1802""","台玻","56.7600","22474.0000","22530.7600","2021ESG報告書","無，無統計相關數據","","ISO 14001"
"=""1805""","寶徠","無，無統計相關數據","無，無統計相關數據","無，無統計相關數據","","無，無統計相關數據","",""
"=""1806""","冠軍","0.0000","18045.5600","18045.5600","工廠","0.0018","產品","ISO 14001"
"=""1808""","潤隆","0.0000","559.5000","559.5000","僅本公司基隆德安A區建案","無，無統計相關數據","",""
"=""1809""","中釉","0.0000","169.6900","169.6900","僅母公司","0.0053","產品",""
"=""1810""","和成","3.0500","4747.8200","4750.8700","母公司","1.3109","營業額","ISO 14001"
"=""1817""","凱撒衛","0.0000","62.2700","62.2700","母公司","0.3800","百萬營業額",""
"=""1903""","士紙","無，依規定本公司屬資本額50億元以下之公司別，應於第三階段完成溫室氣體盤查(115年)，本公司預計於112年啟動執行。","無，依規定本公司屬資本額50億元以下之公司別，應於第三階段完成溫室氣體盤查(115年)，本公司預計於112年啟動執行。","無，依規定本公司屬資本額50億元以下之公司別，應於第三階段完成溫室氣體盤查(115年)，本公司預計於112年啟動執行。","","無，依規定本公司屬資本額50億元以下之公司別，應於第三階段完成溫室氣體盤查(115年)，本公司預計於112年啟動執行。","",""
"=""1904""","正隆","0.0000","339915.0000","339915.0000","母公司","0.2042","噸/噸(工紙、家品、紙與紙板) ；339,915/1,664,365 (造紙廠)",""
"=""1905""","華紙","0.0000","239843.0000","239843.0000","華紙合併財報之台灣、大陸生產據點","無，詳永續報告書說明","",""
"=""1906""","寶隆","無，無統計相關數據","無，無統計相關數據","無，無統計相關數據","","無，無統計相關數據","",""
"=""1907""","永豐餘","249.0000","571600.0000","571849.0000","永豐餘年報所稱三大事業群（林漿紙事業群、工紙紙器事業群、消費品事業群）之台灣、大陸、越南三地共合計共35個生產據點。","0.0400","產品",""
"=""1909""","榮成","25.7500","56549.6200","56575.3700","僅母公司","無，無統計相關數據","",""
"=""2002""","中鋼","46.3000","567880.8000","567927.1000","母公司","58.6000","廢棄物量(公斤)/鋼胚(公噸)","ISO 14001"
"=""2006""","東和鋼鐵","35733.0000","350135.0000","385868.0000","母公司生產廠區 (桃園廠、苗栗廠、高雄廠)","0.1830","鋼胚產量","ISO 14001"
"=""2007""","燁興","710.7500","9130.9400","9841.6900","本公司","無，無統計相關數據","",""
"=""2008""","高興昌","0.0000","509.1800","509.1800","110年屏南廠區","0.0100","產品","ISO 14001"
"=""2009""","第一銅","870.0760","370.7800","1240.8560","僅計算第一伸銅科技股份有限公司臨海廠","0.0923","產品","ISO 14001"
"=""2010""","春源","0.0000","13879.0000","13879.0000","台灣總公司及北中南各生產營運據點。","0.0265","產品","ISO 14001"
"=""2012""","春雨","9224.0000","1956.6300","11180.6300","母公司","18.7000","百萬營業額","ISO 14001"
"=""2013""","中鋼構","0.0000","1229.6000","1229.6000","高雄廠區、官田廠區","無，無統計相關數據","",""
"=""2014""","中鴻","22617.4850","100452.5590","123070.0440","母公司","0.0430","產品","ISO 14001"
"=""2015""","豐興","34962.0000","385803.0000","420765.0000","僅母公司","0.2315","產品","ISO 14001"
"=""2017""","官田鋼","0.0000","2714.4900","2714.4900","永康廠、麻豆廠、官田廠","0.0400","產品",""
"=""2020""","美亞","無，無統計相關數據","無，無統計相關數據","無，無統計相關數據","","無，無統計相關數據","","ISO14000"
"=""2022""","聚亨","0.0000","2141.4400","2141.4400","母公司","無，無統計相關數據","",""
"=""2023""","燁輝","214.0000","2484.0000","2698.0000","2021全年度","0.0020","產量(公噸)","ISO 14001"
"=""2024""","志聯","0.0000","0.0000","1285.0000","廢酸+生活垃圾+廢塑膠+鐵粉+製程污泥+廢水污泥+廢潤滑油","無，無統計相關數據","",""
"=""2025""","千興","0.0000","0.0000","900.5100","僅母公司","0.0004","營業額",""
"=""2027""","大成鋼","0.0000","1583.3400","1583.3400","僅母公司","0.0280","產品","中華民國確信準則公報第一號「非屬歷史性財務資訊查核或核閱之確信案件」標準"
"=""2028""","威致","20974.0000","64261.0000","85235.0000","個別公司","無，無統計相關數據","",""
"=""2029""","盛餘","17.5900","1490.0000","1507.5900","統計2021年有害/一般污泥產出量","1.1900","產品",""
"=""2030""","彰源","0.0000","0.0000","983.7500","一廠、二廠、三廠、大連廠","983.7500","營業額","ISO 14001"
"=""2031""","新光鋼","0.0000","37.5400","37.5400","事業廢棄物(含生活垃圾)","0.3000","億元營業額",""
"=""2032""","新鋼","無，無統計相關數據","無，無統計相關數據","無，無統計相關數據","","無，無統計相關數據","",""
"=""2033""","佳大","1000.0000","332.0000","1332.0000","","無，無統計相關數據","",""
"=""2034""","允強","350.3800","1096.8900","1447.2700","僅母公司所有廠區","0.0077","產品","ISO 14001"
"=""2038""","海光","4870.1800","36945.2400","41815.4200","爐渣、生活垃圾","無，無統計相關數據","",""
"=""2049""","上銀","16.0700","11102.3550","11118.4250","涵蓋營運據點13廠區，100%營運控制權","0.4833","百萬營業額","ISO 14001"
"=""2059""","川湖","35.8900","241.7000","277.5900","母公司及子公司川益科技(股)公司兩個廠區","0.0161","千組產品","ISO 14001"
"=""2062""","橋椿","113.6000","407.1700","520.7700","母公司","無，無統計相關數據","",""
"=""2069""","運錩","0.0000","37.0000","37.0000","僅母公司所有廠區","無，無統計相關數據","","ISO 14001"
"=""2101""","南港","0.0000","0.0000","2927.3200","企業永續報告書(110年總量)","0.0855","產品","ISO 14001"
"=""2102""","泰豐","0.0000","858.5100","858.5100","僅母公司","0.1170","每噸產品",""
"=""2103""","台橡","1344.6800","2591.7700","3936.4500","合併財務報表之生產營運母子公司","7.0000","每千噸產品量","ISO 14001"
"=""2104""","國際中橡","0.0000","1262.2000","1262.2000","國際中橡100%持有之子公司林園先進。","0.0100","產品","ISO 14001"
"=""2105""","正新","3.6900","3930.0900","3933.7800","母公司","0.0270","產品",""
"=""2106""","建大","0.0000","0.0000","2284.0600","台灣地區","0.0500","產品","ISO 14001"
"=""2107""","厚生","0.0000","40.0000","40.0000","2021/01~2021/12","無，無統計相關數據","",""
"=""2108""","南帝","9.1700","2068.2700","2077.4400","母公司","無，無統計相關數據","",""
"=""2109""","華豐","","","","","","",""
"=""2114""","鑫永銓","0.0000","767.2400","767.2400","母公司","無，無統計相關數據","",""
"=""2115""","六暉-KY","無，無統計相關數據","無，無統計相關數據","無，無統計相關數據","","無，無統計相關數據","",""
"=""2201""","裕隆","5.9800","2927.3100","2933.2900","裕隆汽車製造(股)公司三義廠區","0.0963","產品",""
"=""2204""","中華","77.2300","1193.2800","1270.5100","楊梅廠+新竹廠","0.0232","產品為楊梅廠+新竹廠年車輛生產台數總量","ISO 14001"
"=""2206""","三陽工業","0.0000","8161.0900","8161.0900","三陽工業股份有限公司新竹廠","3357.7900","產品",""
"=""2207""","和泰車","0.0000","71.0000","71.0000","母公司","0.1300","人",""
"=""2208""","台船","496.7400","3724.9600","4221.7000","台船高雄廠","4221.7000","營業額15,875,982仟元",""
"=""2211""","長榮鋼","0.0000","9191.6500","9191.6500","僅母公司","0.7900","百萬營業額",""
"=""2227""","裕日車","0.0000","0.0000","65.4000","母公司","0.1800","人均生活廢棄物產出量(公噸/年-人)","ISO 14001"
"=""2228""","劍麟","9.4000","152.9900","162.3900","2021全年度","0.4600","人","ISO 14001"
"=""2231""","為升","5.4700","53.1600","58.6300","為升電裝工業(股)公司2021/01~2022/05","無，無統計相關數據","","ISO 14001"
"=""2233""","宇隆","38.6700","254.0000","292.6700","110/1/1-110/12/31","無，無統計相關數據","",""
"=""2236""","百達-KY","無，無統計相關數據","無，無統計相關數據","無，無統計相關數據","","無，無統計相關數據","",""
"=""2239""","英利-KY","無，無統計相關數據","無，無統計相關數據","無，無統計相關數據","","無，無統計相關數據","",""
"=""2241""","艾姆勒","87.6000","323.1600","410.7600","母公司","0.0002","產品",""
"=""2243""","宏旭-KY","無，無統計相關數據","無，無統計相關數據","無，無統計相關數據","","無，無統計相關數據","",""
"=""2247""","汎德永業","無，無統計相關數據","無，無統計相關數據","無，無統計相關數據","","無，無統計相關數據","",""
"=""2250""","IKKA-KY","無，無統計相關數據","無，無統計相關數據","無，無統計相關數據","","無，無統計相關數據","",""
"=""2301""","光寶科","2392.0000","3679.0000","6071.0000","包含母公司與合併財報之部分子公司 光寶科技股份有限公司、光林智能科技股份有限公司、光寶電子(天津)有限公司、光寶網絡通訊(東莞)有限公司、光寶光電(常州)有限公司、光寶科技(常州)有限公司、光寶電子(東莞)有限公司、旭麗電子(東莞)有限公司、惠州市力信電子有限公司、光寶電子(廣州)有限公司、建興光電科技(北海)有限公司、敦揚(廣州)汽車電子有限公司、LITE-ON VIETNAM CO., LTD.、Lite-On Electronics (Thailand) Co., Ltd.、LITE-ON POWER ELECTRONIC INDIA PRIVATE LIMITED","0.1260","百萬營收","ISO 14001"
"=""2302""","麗正","40.7100","1.9030","42.6130","母子公司","42.6130","產品","ISO 14001"
"=""2303""","聯電","25091.0000","18963.0000","44054.0000","僅母公司(含新加坡分公司)","0.1810","wafer-m2","ISO 14001"
"=""2305""","全友","0.0000","2.4000","2.4000","母公司","無，無統計相關數據","",""
"=""2308""","台達電","4018.6700","46042.2400","50060.9100","母公司及子公司之生產廠區","5.0000","產值(單位：百萬美金)","ISO 14001"
"=""2312""","金寶","0.0000","84.0000","84.0000","母公司","0.0160","營業額",""
"=""2313""","華通","0.0000","0.0000","13327.0000","110年度","0.9900","產品",""
"=""2314""","台揚","5.8000","51.9000","57.7000","母公司","0.0870","員工人數","ISO 14001"
"=""2316""","楠梓電","2781.6500","1189.5200","3971.1700","僅母公司","0.0016","產品",""
"=""2317""","鴻海","453443.0000","548328.0000","1001771.0000","依2021年永續報告書邊界","0.1670","百萬新台幣營業額","UL2799"
"=""2321""","東訊","0.0000","0.0000","5.5500","110年生活垃圾+一般事業廢棄物","46.0000","110年每人合計產生46KG廢棄物",""
"=""2323""","中環","39.0800","177.5600","216.6400","110/01/01~110/12/31","0.0567","百萬元營業額",""
"=""2324""","仁寶","1482.9000","6046.5000","7529.4000","母公司、仁寶(越南)、仁寶電腦(重慶)、仁寶電腦(成都)及仁寶視訊電子(昆山)、仁寶電子科技(昆山)、仁寶資訊工業(昆山)、仁寶信息技術(昆山)、仁寶數碼科技（昆山）、吉寶通訊（南京）、重慶翊寶智慧電子裝置及Compalead Eletr&#244;nica do Brasil Ind&#250;stria e Com&#233;rcio","0.0100","營業額;單位為新台幣百萬元","UL 2799 (昆山2廠已取得UL 2799白金級認證，重慶(CQA)、南京廠、昆山1廠、昆山3廠持續執行符合UL 2799白金級管理標準。)"
"=""2327""","國巨","2125.0000","3090.1600","5215.1600","母公司","0.1300","百萬營業額","ISO 14001"
"=""2328""","廣宇","0.0000","11.2640","11.2640","母公司","0.0009","百萬營業額",""
"=""2329""","華泰","145.0000","2813.0700","2958.0700","2021.01.01-2021.12.31","0.0000","營業額","ISO 14001"
"=""2330""","台積電","339623.0000","335080.0000","674703.0000","台灣廠區及子公司","0.9900","單位晶圓委外廢棄物處理量（公斤／十二吋晶圓當量－光罩數）","UL 2799"
"=""2331""","精英","0.0000","100.8630","100.8630","精英電腦股份有限公司企業總部，總部為辦公大樓，無生產製造場所，故廢棄物來源為一班生活廢棄物，無有害事業廢棄物。","0.1325","100.863公噸/761人；精英總部大樓2021年人均生活廢棄物產生量為0.1325公噸/人.年；精英總部大樓總垃圾量100.863公噸, 資源回收量23.983公噸",""
"=""2332""","友訊","0.0000","0.0000","12.1890","僅母公司大樓","0.0200","員工人數",""
"=""2337""","旺宏","7169.0000","4259.0000","11428.0000","僅母公司","0.2226","年度總營收(百萬元)",""
"=""2338""","光罩","3.8000","68.4000","72.2000","僅母公司","0.0011","產品",""
"=""2340""","台亞","0.0000","0.0000","974.8200","創新廠及力行廠","0.1930","佰萬元營業額","ISO 14001"
"=""2342""","茂矽","298.0000","197.0000","495.0000","僅母公司","0.0440","產品",""
"=""2344""","華邦電","3509.0000","4218.0000","7727.0000","母公司","無，詳年報說明","","ISO 14001"
"=""2345""","智邦","4.4000","1106.1000","1110.5000","僅母公司","0.0225","百萬元營業額",""
"=""2347""","聯強","0.0000","140.0000","140.0000","聯強台灣與合併財務報表之子公司通達智能運籌","0.1300","員工人數",""
"=""2348""","海悅","無，無統計相關數據","無，無統計相關數據","無，無統計相關數據","","無，無統計相關數據","",""
"=""2349""","錸德","0.0000","0.0000","143.1300","僅母公司","無，無統計相關數據","",""
"=""2351""","順德","1065.0100","562.3190","1627.3290","母公司","無，無統計相關數據","","ISO 14001"
"=""2352""","佳世達","627.0600","3003.3100","3630.3700","佳世達台灣/蘇州/越南廠區","0.7500","營業額","ISO 14001"
"=""2353""","宏碁","0.0000","0.0000","1795.8400","包含合併財務報表之母子公司","0.0100","百萬營業額",""
"=""2354""","鴻準","3204.5700","3547.5500","6752.1200","鴻準集團主要廠區","0.0000","營業額","ISO9001；ISO14001"
"=""2355""","敬鵬","0.0000","0.0000","52336.4300","母公司+ 子公司 敬鵬(常熟)電子有限公司","0.0137","公噸/ M2","ISO 14001"
"=""2356""","英業達","723.1700","25043.4400","25766.6100","英業達股份有限公司Inventec Corporation (士林廠 Shilin site(IET)、桃園廠 Taoyuan site(TAO)、桃園廠 Taoyuan site(ITO))、 英業達(重慶)有限公司Inventec (Chongqing) Corporation (ICC)、 英業達科技有限公司Inventec (Pudong) Technology Corporation (IPT)、 上海順詮科技有限公司SQ Technology (Shanghai) Corporation (SQT)、 Inventec (Czech) S.R.O. (ICZ)、 IEC Technologies, S . de R. L. de C. V. (IMX)","5843.1200","千億營業額","ISO 14001"
"=""2357""","華碩","0.0000","0.0000","330.4930","華碩HQ","330.4930","營業額","ISO 14001"
"=""2359""","所羅門","無，無統計相關數據","無，無統計相關數據","無，無統計相關數據","","無，無統計相關數據","",""
"=""2360""","致茂","16.6600","606.1000","622.7600","僅母公司","無，無統計相關數據","","ISO 14001"
"=""2362""","藍天","0.0000","250.0000","250.0000","母公司","無，無統計相關數據","",""
"=""2363""","矽統","0.0000","0.0000","88.8100","廢棄物申報三聯單","無，無統計相關數據","",""
"=""2364""","倫飛","0.0000","15.6000","15.6000","僅本公司高雄工廠資料","無，無統計相關數據","",""
"=""2365""","昆盈","0.0008","0.0208","0.0216","危廢：廢有機溶劑、廢膠空瓶、活性炭 固廢：生活垃圾、廢紙皮","0.0216","營業額","ISO 14001"
"=""2367""","燿華","6782.0000","2468.0000","9250.0000","僅母公司","0.0030","產量",""
"=""2368""","金像電","0.0000","0.0000","67852.0000","母子公司","2.5500","百萬元營業額","ISO 14001"
"=""2369""","菱生","76.2800","994.2200","1070.5000","110年1月~12月","0.1900","產品","ISO 14001"
"=""2371""","大同","7.4700","2937.3100","2944.7800","母公司","無，18.20公噸/億元","","ISO 14001"
"=""2373""","震旦行","0.0000","37.5900","37.5900","僅母公司","0.0000","營業額",""
"=""2374""","佳能","0.0600","48.0000","48.0600","110年度","0.0134","營業額","ISO 14001"
"=""2375""","凱美","無，無統計相關數據","無，無統計相關數據","無，無統計相關數據","","無，無統計相關數據","",""
"=""2376""","技嘉","233.4116","2244.5890","2478.0006","技嘉科技營運總部、 桃園南平廠、中國東莞廠和寧波廠。","0.0203","百萬營業額","ISO 14064-1：2018類別4營運廢棄物"
"=""2377""","微星","0.0000","0.0000","562.7460","母公司","0.0020","營業額","ISO 14001"
"=""2379""","瑞昱","8.8000","29.1000","37.9000","僅包含瑞昱新竹營運總部","27.5800","營業額",""
"=""2380""","虹光","16.6100","60.8900","77.5000","母公司","0.0011","產品","ISO 14001"
"=""2382""","廣達","2015.6051","56866.8094","58882.4145","資料邊界： 廣達電腦(股)公司臺灣總部QRDC及廣達台灣製造城QTMC、廣達上海製造城QSMC、廣達重慶製造城QCMC、廣達泰國廠QMB","無，無統計相關數據","","ISO 14001"
"=""2383""","台光電","1824.6260","6769.8890","8594.5150","母公司","無，無統計相關數據","","ISO 14001"
"=""2385""","群光","0.0000","0.0000","3986.0710","群光電子(含海外各廠區，不含子公司)","3986.0710","營業額","ISO 14001"
"=""2387""","精元","無，無統計相關數據","無，無統計相關數據","無，無統計相關數據","","無，無統計相關數據","",""
"=""2388""","威盛","0.0000","0.0000","36.9500","威盛電子台北總公司","無，今年度ESG專案進行相關策略及目標標的之訂定。","",""
"=""2390""","云辰","無，無統計相關數據","無，無統計相關數據","無，無統計相關數據","","無，無統計相關數據","",""
"=""2392""","正崴","93.6498","160.1216","253.7714","合併財務報表之母子公司","無，無統計相關數據","",""
"=""2393""","億光","177.5200","330.3400","507.8600","億光電子台灣地區","無，無統計相關數據","",""
"=""2395""","研華","4.7500","1877.6900","1882.4400","研華台灣、研華昆山廠區、研華日本","33.0800","營業額百萬","AA1000"
"=""2397""","友通","0.4590","25.7525","26.2115","2021年汐止工廠不可回收再利用廢棄物總量","無，無統計相關數據","",""
"=""2399""","映泰","無，無生產製造無有害或事業廢棄物。","無，無生產製造無有害或事業廢棄物。","無，無生產製造無有害或事業廢棄物。","","無，一般生活廢棄物法令無規範需統計。","",""
"=""2401""","凌陽","0.0000","0.0000","91.0700","母公司及廠內承租戶","0.2640","人-年 (91.07噸/345人-年)","ISO 14001"
"=""2402""","毅嘉","76.3100","79.2200","155.5300","僅母公司","無，無統計相關數據","","ISO 14001"
"=""2404""","漢唐","無，無統計相關數據","無，無統計相關數據","無，無統計相關數據","","無，無統計相關數據","",""
"=""2405""","輔信","0.0000","0.0000","0.0580","母公司","無，無統計相關數據","",""
"=""2406""","國碩","1.1400","285.6400","286.7800","國碩二廠和國碩新豐廠","0.0003","835,000萬元",""
"=""2408""","南亞科","17473.0000","7113.0000","24586.0000","母公司","0.0219","千顆晶粒","ISO 14001"
"=""2409""","友達","18099.8500","64554.6700","82654.5200","友達全球營運據點","0.0012","產品(米平方)","ISO9001及 ISO14001"
"=""2412""","中華電","0.0000","0.0000","8869.9300","中華電信母公司","0.0421","百萬營業額","本公司於2021年導入BS 8001循環經濟指引，委託經環保機關認許的公民營廢棄物處理機構處理，並成為全台首家取得BS 8001循環經濟查核之電信業者。"
"=""2413""","環科","5.0000","17.0000","22.0000","母公司","無，無統計相關數據","","ISO 14001"
"=""2414""","精技","0.0000","0.0000","3.5000","僅母公司之文件(紙張)銷毀量","0.0167","億營業額",""
"=""2415""","錩新","2004.0000","57.7000","2061.7000","110年度","無，無統計相關數據","",""
"=""2417""","圓剛","0.0000","0.0000","12.0100","資料涵蓋範圍為總公司","0.0025","營業額",""
"=""2419""","仲琦","163.2980","442.4020","605.7000","總部+海外據點(越南)","1.7500","營業額","ISO9001/ISO14001"
"=""2420""","新巨","0.0100","0.0700","0.0800","母公司","0.0000","百萬營業額",""
"=""2421""","建準","無，無統計相關數據","無，無統計相關數據","無，無統計相關數據","","無，無統計相關數據","",""
"=""2423""","固緯","0.0400","0.0600","0.1000","母公司","無，無統計相關數據","",""
"=""2424""","隴華","無，無統計相關數據","無，無統計相關數據","無，無統計相關數據","","無，無統計相關數據","",""
"=""2425""","承啟","無，無統計相關數據","無，無統計相關數據","無，無統計相關數據","","無，無統計相關數據","",""
"=""2426""","鼎元","364.0200","174.5700","538.5900","母公司","0.1820","百萬營業額",""
"=""2427""","三商電","0.0000","50.3100","50.3100","桃園倉庫","0.0710","百萬營業額",""
"=""2428""","興勤","20.0500","30.1500","50.2000","母公司金屬廢棄物產生量","11.4700","產品",""
"=""2429""","銘旺科","0.0000","98.4650","98.4650","母公司+子公司(嵩達)","0.1020","百萬營收",""
"=""2430""","燦坤","無，無統計相關數據","無，無統計相關數據","無，無統計相關數據","","無，無統計相關數據","",""
"=""2431""","聯昌","無，無統計相關數據","無，無統計相關數據","無，無統計相關數據","","無，無統計相關數據","",""
"=""2433""","互盛電","0.0000","0.0000","0.0000","僅母公司","0.0000","營業額",""
"=""2434""","統懋","0.5500","13.3300","13.8800","母公司","0.1408","百萬營業額",""
"=""2436""","偉詮電","0.0000","0.0000","2.8990","新竹廠區","0.0008","營業額單位為佰萬元","ISO 9001"
"=""2438""","翔耀","無，無統計相關數據","無，無統計相關數據","無，無統計相關數據","","無，無統計相關數據","",""
"=""2439""","美律","22.6718","617.5813","640.2531","母公司與部分合併財務報表之子公司","0.0177","營業額單位為百萬元","ISO 14001"
"=""2440""","太空梭","無，無統計相關數據","無，無統計相關數據","無，無統計相關數據","","無，無統計相關數據","",""
"=""2441""","超豐","360.2991","1487.2240","1847.5231","超豐電子股份有限公司營運範圍","無，無統計相關數據","",""
"=""2442""","新美齊","0.0000","0.0000","268.0000","110年新美齊新建工程建案","無，無統計相關數據","",""
"=""2444""","兆勁","1.5000","10.0000","11.5000","僅本公司","0.0065","百萬營業額","ISO 14001"
"=""2449""","京元電子","364.1700","2604.9200","2969.0900","母子公司","8652.0000","營業額","ISO 14001"
"=""2450""","神腦","0.0000","0.0000","20.8000","母公司新店總公司共11處辦公室","0.0600","單位：噸/人","按ISO 14064-1:2018進行溫室氣體盤查，並通過SGS-Taiwan查證"
"=""2451""","創見","0.0000","0.0000","232.1020","僅母公司","0.0162","百萬營業額",""
"=""2453""","凌群","0.0000","0.0000","32.1600","母公司","0.0058","百萬營業額",""
"=""2454""","聯發科","0.0000","0.0000","184.2300","僅母公司","0.0168","母公司員工人數",""
"=""2455""","全新","203.3200","38.7500","242.0700","平鎮廠、平鎮二廠","242.0700","產品",""
"=""2457""","飛宏","354.1000","1199.3300","1553.4300","合併財務報表之母子公司","0.5900","人","ISO 14001"
"=""2458""","義隆","0.0000","0.0000","58.3116","義隆電子、義隆香港、義晶、義碩、義傳","0.0530","年-人","AA1000"
"=""2459""","敦吉","0.0000","0.0000","5.3600","母公司及子公司敦吉檢測科技股份有限公司台北商辦大樓","無，未計算","",""
"=""2460""","建通","無，無統計相關數據","無，無統計相關數據","無，無統計相關數據","","無，無統計相關數據","",""
"=""2461""","光群雷","0.0000","0.0000","85.0600","僅母公司","0.0600","百萬營業額",""
"=""2462""","良得電","無，無統計相關數據","無，無統計相關數據","無，無統計相關數據","","無，無統計相關數據","",""
"=""2464""","盟立","無，無統計相關數據","無，無統計相關數據","無，無統計相關數據","","無，無統計相關數據","",""
"=""2465""","麗臺","0.0240","0.0240","0.0480","工廠","無，無統計相關數據","",""
"=""2466""","冠西電","0.0000","0.0000","47.2300","母公司宜蘭廠","0.0001","營業額",""
"=""2467""","志聖","0.0000","109.0000","109.0000","僅母公司","無，無統計相關數據","",""
"=""2468""","華經","0.0000","0.0000","16.9000","包含合併財務報表之母子公司","無，無統計相關數據","",""
"=""2471""","資通","0.0000","0.0000","0.0360","主要來源為辦公室廢紙。","無，無統計相關數據","",""
"=""2472""","立隆電","無，無統計相關數據","無，無統計相關數據","無，無統計相關數據","","無，無統計相關數據","",""
"=""2474""","可成","47.2300","10976.8800","11024.1100","僅母公司台南廠區各產品製程產生的廢棄物","0.0019","產品","ISO 14001"
"=""2476""","鉅祥","無，無統計相關數據","無，無統計相關數據","無，無統計相關數據","","無，無統計相關數據","",""
"=""2477""","美隆電","1.0150","15.9400","16.9550","110/01/01~110/12/31","0.0050","營業額","ISO 14001"
"=""2478""","大毅","1958.3870","336.1335","2294.5205","母公司","0.0000","營業額","ISO 14001"
"=""2480""","敦陽科","0.0000","3.1600","3.1600","新竹總公司","3.1600","營業額",""
"=""2481""","強茂","68.4200","326.6800","395.1000","岡山廠","0.0454","營業額","ISO 14001"
"=""2482""","連宇","0.0000","0.8520","0.8520","母公司","無，無統計相關數據","","ISO 14001"
"=""2483""","百容","0.2000","43.0000","43.2000","僅母公司","無，無統計相關數據","",""
"=""2484""","希華","98.4700","210.1600","308.6300","母公司","0.1100","百萬營業額",""
"=""2485""","兆赫","37342.0000","75119.7000","112461.7000","僅母公司","0.0000","營業額","ISO 9001 、ISO 14001"
"=""2486""","一詮","320.8254","184.1819","505.0073","母公司","0.0002","千元營業額","ISO 14001"
"=""2488""","漢平","0.9300","10.7695","11.6995","2021年委託公民營處理許可機構清除處理數量與回收業者處理之數量。","0.0047","有害0.93公噸 + 10.7695公噸 = 11.6995公噸",""
"=""2489""","瑞軒","43.7300","4137.6000","4181.3300","1.範疇涵蓋母公司(含總公司/越南廠)及子公司(蘇州樂軒科技有限公司) 2.110年瑞軒廢棄物總重量為4181.32公噸,包含非有害廢棄物4137.60公噸及有害廢棄物43.73公噸.廢棄物處理方式,有害廢棄物採焚化及物理處理,非有害廢棄物則以委託合格廠廠處理為主,焚化及回收處理次之.","0.1880","營業額","ISO 14001"
"=""2491""","吉祥全","0.0000","23.0000","23.0000","母子公司","無，無統計相關數據","",""
"=""2492""","華新科","5201.0600","7776.8200","12977.8800","華新科技及子公司(東莞華科電子有限公司 / 蘇州華科電子有限公司 / 廣州匯僑電子有限公司)","0.0100","產品","ISO 14001"
"=""2493""","揚博","無，無統計相關數據","無，無統計相關數據","無，無統計相關數據","","無，無統計相關數據","",""
"=""2495""","普安","0.2500","15.5300","15.7800","僅母公司","無，無統計相關數據","",""
"=""2496""","卓越","無，無統計相關數據","無，無統計相關數據","無，無統計相關數據","","無，無統計相關數據","",""
"=""2497""","怡利電","0.0000","0.0000","42.8000","有害+非有害","無，無統計相關數據","","ISO 14001"
"=""2498""","宏達電","8.1860","500.2070","508.3930","範圍以HTC台灣區域為主，涵蓋所有HTC在台灣執行營運的母子公司組織範疇","86.9000","廢棄物回收率","AA1000"
"=""2501""","國建","0.0000","0.0000","5351.0000","僅母公司","535.0000","工地數量",""
"=""2504""","國產","0.0000","0.0000","19129.0000","母公司各廠","無，無統計相關數據","",""
"=""2505""","國揚","無，請參考報告書廢棄物處理一節p.44","無，請參考報告書廢棄物處理一節p.44","無，請參考報告書廢棄物處理一節p.44","","無，請參考報告書廢棄物處理一節p.44","",""
"=""2506""","太設","無，無統計相關數據，因資本額未達規定。","無，無統計相關數據，因資本額未達規定。","無，無統計相關數據，因資本額未達規定。","","無，無統計相關數據，因資本額未達規定。","",""
"=""2509""","全坤建","無，無統計相關數據","無，無統計相關數據","無，無統計相關數據","","無，無統計相關數據","",""
"=""2511""","太子","0.0000","0.0000","1382.7300","其中1356.26噸為營建廢棄物占總量98.0%，26.48噸為一般廢棄物占總量 1.91%。","無，無統計相關數據","",""
"=""2514""","龍邦","無，無統計相關數據","無，無統計相關數據","無，無統計相關數據","","無，無統計相關數據","",""
"=""2515""","中工","無，無統計相關數據","無，無統計相關數據","無，無統計相關數據","","無，無統計相關數據","","ISO 14001"
"=""2516""","新建","無，無統計相關數據","無，無統計相關數據","無，無統計相關數據","","無，無統計相關數據","",""
"=""2520""","冠德","無，無統計相關數據","無，無統計相關數據","無，無統計相關數據","","無，無統計相關數據","",""
"=""2524""","京城","無，無統計相關數據","無，無統計相關數據","無，無統計相關數據","","無，無統計相關數據","",""
"=""2527""","宏璟","無，無統計相關數據","無，無統計相關數據","無，無統計相關數據","","無，無統計相關數據","",""
"=""2528""","皇普","無，無統計相關數據","無，無統計相關數據","無，無統計相關數據","","無，無統計相關數據","",""
"=""2530""","華建","0.0000","0.0000","398.8900","母公司","無，無統計相關數據","",""
"=""2534""","宏盛","0.0000","258.0000","258.0000","在建工案(新店斯馨、汐止智興、北投石牌)","無，無統計相關數據","",""
"=""2535""","達欣工","0.0000","0.0000","14.5600","母公司總部","0.0010","營業額( /百萬 )",""
"=""2536""","宏普","無，無統計相關數據","無，無統計相關數據","無，無統計相關數據","","無，無統計相關數據","",""
"=""2537""","聯上發","無，無統計相關數據","無，無統計相關數據","無，無統計相關數據","","無，無統計相關數據","",""
"=""2538""","基泰","無，無統計相關數據","無，無統計相關數據","無，無統計相關數據","","無，無統計相關數據","",""
"=""2539""","櫻花建","0.0000","0.0000","4262.6200","母公司","0.0095","總樓地板面積㎡",""
"=""2540""","愛山林","無，無統計相關數據","無，無統計相關數據","無，無統計相關數據","","無，無統計相關數據","",""
"=""2542""","興富發","無，無統計相關數據","無，無統計相關數據","無，無統計相關數據","","無，無統計相關數據","",""
"=""2543""","皇昌","無，無統計相關數據","無，無統計相關數據","無，無統計相關數據","","無，無統計相關數據","",""
"=""2545""","皇翔","無，尚未啟動","無，尚未啟動","無，尚未啟動","","無，尚未啟動","",""
"=""2546""","根基","0.0000","0.0000","26241.7700","根基2021年施工中工地","無，無統計相關數據","",""
"=""2547""","日勝生","0.0000","0.0000","5371.1150","日勝生/日鼎水務/萬達通","0.0941","日勝生: 噸/人","ISO 14001"
"=""2548""","華固","0.0000","0.0000","2.3016","僅母公司辦公室","0.0069","母公司樓地板面積(坪)",""
"=""2597""","潤弘","0.0000","120.0000","120.0000","冬山廠冷卻用水","無，無統計相關數據","",""
"=""2601""","益航","無，無統計相關數據","無，無統計相關數據","無，無統計相關數據","","179769.6200","海運廢棄物總量",""
"=""2603""","長榮","0.0000","0.0000","231.7000","海上船舶及陸上營運","無，N/A","",""
"=""2605""","新興","0.0000","0.0000","1.0500","統計船隊產出之廢棄物，包含塑膠類(一般廢棄物)、食物廢棄物(廚房廢油)及有害廢棄物(汙油水/ Sludge)。","無，無統計相關數據","",""
"=""2606""","裕民","0.0000","0.0000","0.3800","船上食物廢棄物、紙、玻璃、金屬、 塑膠及食用油","無，無統計相關數據","","DNV VeriSustain 中度保證等級"
"=""2607""","榮運","無，詳年報說明","無，詳年報說明","無，詳年報說明","","無，無","",""
"=""2608""","嘉里大榮","0.0000","0.0000","1618.8000","嘉里大榮物流組織全部(母公司)","0.1500","營業額",""
"=""2609""","陽明","0.0000","0.0000","311.6550","七堵總公司、台灣營業部、基隆分公司(含基隆陽明貨櫃場)。","無，無統計相關數據","","ISO14064"
"=""2610""","華航","0.0000","0.0000","1570.0000","一般生活，資源回收，廚餘/廢料，事業廢棄物。","0.1441","廢棄物總重量/總員工數","ISO 14001"
"=""2611""","志信","無，無統計相關數據","無，無統計相關數據","無，無統計相關數據","","無，無統計相關數據","",""
"=""2612""","中航","0.0000","0.0000","128.0000","合併公司楊梅,台中,高雄場區之般廢棄物","0.0360","佰萬營業額",""
"=""2613""","中櫃","0.0000","0.0000","685.2300","本公司","無，無統計相關數據","","ISO 14001"
"=""2614""","東森","無，無統計相關數據","無，無統計相關數據","無，無統計相關數據","","無，無統計相關數據","",""
"=""2615""","萬海","0.0000","0.0000","732.9900","台中高雄專用碼頭+台北辦公室","0.6200","噸/人，分母為台灣員工總人數","ISO 14001"
"=""2616""","山隆","無，無統計相關數據","無，無統計相關數據","無，無統計相關數據","","無，無統計相關數據","",""
"=""2617""","台航","無，無統計相關數據","無，無統計相關數據","無，無統計相關數據","","無，無統計相關數據","",""
"=""2618""","長榮航","0.0000","0.0000","191.6650","僅母公司","0.0007","每人每日廢棄物產出量(以24小時計算)","ISO 14001"
"=""2630""","亞航","0.0000","0.0000","116.2700","本公司廠區(松山、台中、台南(含歸仁)、屏東)所產生之廢棄物量。","0.0299","百萬營業額",""
"=""2633""","台灣高鐵","0.0000","0.0000","5947.3500","車站及基地","無，詳年報說明","",""
"=""2634""","漢翔","456.4800","1660.1600","2116.6400","僅母公司","0.0900","百萬營業額","ISO 14001"
"=""2636""","台驊控股","無，無統計相關數據","無，無統計相關數據","無，無統計相關數據","","無，無統計相關數據","",""
"=""2637""","慧洋-KY","無，統計單位為立方公尺：1057立方公尺","無，統計單位為立方公尺：1057立方公尺","無，統計單位為立方公尺：1057立方公尺","","0.0002","廢棄物量/船隊總噸位數",""
"=""2642""","宅配通","0.0000","703.0000","703.0000","台灣宅配通股份有限公司","無，無統計相關數據","",""
"=""2646""","星宇航空","","","","","","","N/A"
"=""2701""","萬企","無，無統計相關數據","無，無統計相關數據","無，無統計相關數據","","無，無統計相關數據","",""
"=""2702""","華園","0.0000","0.0000","54.0000","僅為母公司","43665.0000","千元營業額",""
"=""2704""","國賓","0.0000","198.8972","198.8972","2021/1/1~2021/12/31以國賓大飯店為主體，包 含台北、新竹、高雄三館","0.0001","千元營業額",""
"=""2705""","六福","0.0000","0.0000","688.7237","母公司之主要營運地，包含總公司及南港分公司","0.0006","營業額-千元",""
"=""2706""","第一店","無，無統計相關數據","無，無統計相關數據","無，無統計相關數據","","無，無統計相關數據","",""
"=""2707""","晶華","0.0000","0.0000","1228.7500","台北晶華","0.5249","百萬營業額",""
"=""2712""","遠雄來","0.0000","0.0000","81122.0000","母公司","0.0002","營業額",""
"=""2722""","夏都","0.0000","137.3000","137.3000","僅為母公司","無，無統計相關數據","",""
"=""2723""","美食-KY","無，無統計相關數據","無，無統計相關數據","無，無統計相關數據","","無，無統計相關數據","",""
"=""2727""","王品","0.0000","0.0000","13296.0000","含王品、王莆(子公司)、群品(子公司)","4.0000","一門店",""
"=""2731""","雄獅","無，無統計相關數據","無，無統計相關數據","無，無統計相關數據","","無，無統計相關數據","",""
"=""2739""","寒舍","0.0000","0.0000","2033.2150","母公司","0.0009","仟元營業額",""
"=""2748""","雲品","0.0000","0.0000","297.3350","合併財務報表母子公司","0.2049","營業額",""
"=""2753""","八方雲集","0.0000","3709.8000","3709.8000","母公司淡水廠、西螺廠、高雄廠","0.9200","百萬營業額",""
"=""2801""","彰銀","0.0000","0.0000","118.6300","總行(臺北大樓)","無，無統計相關數據","",""
"=""2809""","京城銀","0.0000","11.8710","11.8710","母公司總行大樓","3.7100","垃圾總量/員工人數(單位：公斤/人)",""
"=""2812""","台中銀","0.0000","0.0000","211.0653","總行民權及民族大樓、南台中分行及太平員訓中心","無，無統計相關數據","",""
"=""2816""","旺旺保","無，無統計相關數據","無，無統計相關數據","無，無統計相關數據","","無，無統計相關數據","",""
"=""2820""","華票","0.0000","0.0000","0.0820","總公司與5家分公司","0.0005","廢棄辦公傢俱",""
"=""2832""","台產","無，無統計相關數據","無，無統計相關數據","無，無統計相關數據","","無，無統計相關數據","",""
"=""2834""","臺企銀","0.0000","0.0000","15.0300","總行大樓110年10-12月","0.0210","總行大樓702人","ISO 14001"
"=""2836""","高雄銀","無，無統計相關數據","無，無統計相關數據","無，無統計相關數據","","無，無統計相關數據","","ISO 14001"
"=""2838""","聯邦銀","0.0000","173.7000","173.7000","全行各單位","無，無統計相關數據","",""
"=""2845""","遠東銀","0.0000","0.0000","239.5600","母公司國內據點","0.0930","人",""
"=""2849""","安泰銀","0.0000","31.9200","31.9200","110年度資訊設備及廢紙銷毀","無，無統計相關數據","",""
"=""2850""","新產","0.0000","0.0000","44.8800","總公司","0.1000","服務",""
"=""2851""","中再保","0.0000","0.0000","3.9600","母公司","無，無統計相關數據","",""
"=""2852""","第一保","0.0000","0.0000","72.4210","全公司","無，無統計相關數據","",""
"=""2855""","統一證","0.0000","0.0000","75.1400","總部大樓","0.1149","人均",""
"=""2867""","三商壽","0.0000","0.0000","9.6200","信義總公司","無，無統計相關數據","",""
"=""2880""","華南金","0.0000","0.0000","268.6000","國內各子公司營運總部","無，資料完整度不足","",""
"=""2881""","富邦金","0.0000","0.0000","912.0000","富邦金控、富邦人壽、台北富邦銀行、富邦產物及富邦證券。","0.0255","人 (員工)","ISO14001、ISO14064"
"=""2882""","國泰金","0.0000","0.0000","1246.2900","包含集團(金控、人壽、銀行、產險、證券、投信、投顧、創投、期貨、私募)之國內據點","26.8400","總員工數","ISO14064-1"
"=""2883""","凱基金","0.0000","0.0000","488.7300","包含合併報表之母子公司，員工涵蓋率99.27%","無，無統計相關數據","",""
"=""2884""","玉山金","0.0000","697.8000","697.8000","100%持有合併財務報表之母子公司，其中95%國內據點有實際盤查，另外5%海外據點為推估值","0.0120","營收百萬元","ISO 14001、ISO 14064"
"=""2885""","元大金","0.0000","0.0000","661.1800","公司或包含合併財務報表之母子公司之台灣營運範疇","0.0600","人均產生廢棄物","ISO 14001"
"=""2886""","兆豐金","0.0000","125.7560","125.7560","包括集團五棟自有大樓（兆金、兆吉、兆證、兆產及衡陽等大樓）廢棄物。","0.0149","國內員工人數",""
"=""2887""","台新金","0.0000","0.0000","804.8100","以台新銀行三棟自有大樓廢棄物量推估至全金控","0.0723","員工人數","GRI準則-核心選項與AA1000AS v3第二類型中度保證等級查證"
"=""2888""","新光金","0.0000","0.0000","1907.8400","100%包含合併財務報表之母子公司","0.1200","人均廢棄物量",""
"=""2889""","國票金","無，目前正委請顧問進行盤查","無，目前正委請顧問進行盤查","無，目前正委請顧問進行盤查","","無，目前正委請顧問進行盤查","",""
"=""2890""","永豐金","0.0000","0.0000","563.0560","金控及旗下5家主要子公司（永豐銀行、永豐金證券、永豐投信、永豐金租賃、永豐創業投資） 之國內所有營運據點納入統計範疇。","0.0667","每人","AA1000 Assurance Standard v3, Type 2 Moderate level of assurance"
"=""2891""","中信金","0.0000","0.0000","1014.0000","中信銀行全據點及總部各子公司","0.0680","人","ISO14064-1:2018"
"=""2892""","第一金","0.0000","0.0000","280.0000","國內全數營運據點。","0.0300","280公噸/9,420人=0.030公噸","ISO 14001"
"=""2897""","王道銀行","0.0000","96.5500","96.5500","母公司總部大樓，並包含2家子公司(中華票券金融股份有限公司、台灣工銀租賃股份有限公司)之總部廢棄物量","0.1570","員工人數","ISO 14001"
"=""2901""","欣欣","0.0000","192.4000","192.4000","包含合併財務報表之母子公司","無，無統計相關數據","",""
"=""2903""","遠百","0.0000","0.0000","6776.0000","僅母公司","14.4500","億元營業額",""
"=""2904""","匯僑","0.0000","0.0000","47.2200","臺中港西二及西五槽區","無，無統計相關數據","",""
"=""2905""","三商","無，無統計相關數據","無，無統計相關數據","無，無統計相關數據","","無，無統計相關數據","",""
"=""2906""","高林","無，無統計相關數據","無，無統計相關數據","無，無統計相關數據","","無，無統計相關數據","",""
"=""2908""","特力","0.0000","0.0000","402.6000","特力(股)總部及楊梅物流中心","0.0200","百萬營收",""
"=""2910""","統領","無，無統計相關數據","無，無統計相關數據","無，無統計相關數據","","無，無統計相關數據","",""
"=""2911""","麗嬰房","無，無統計相關數據","無，無統計相關數據","無，無統計相關數據","","無，無統計相關數據","",""
"=""2912""","統一超","0.0000","0.0000","56156.0100","實際統計包含總部大樓及1,010家門市、推估值包含9 處區辦公室及5,369家門市。","7.4000","門市數","AA1000 type2"
"=""2913""","農林","無，無統計相關數據","無，無統計相關數據","無，無統計相關數據","","無，無統計相關數據","",""
"=""2915""","潤泰全","無，本公司廢棄物均為員工日常辦公所產生之辦公廢棄物總量不高，且因係委託大樓管理單位與其他大樓用戶共同處理，統計困難。且經評估後認為廢棄物項目不具重大性故暫不予統計。","無，本公司廢棄物均為員工日常辦公所產生之辦公廢棄物總量不高，且因係委託大樓管理單位與其他大樓用戶共同處理，統計困難。且經評估後認為廢棄物項目不具重大性故暫不予統計。","無，本公司廢棄物均為員工日常辦公所產生之辦公廢棄物總量不高，且因係委託大樓管理單位與其他大樓用戶共同處理，統計困難。且經評估後認為廢棄物項目不具重大性故暫不予統計。","","無，無統計相關數據","",""
"=""2923""","鼎固-KY","0.0000","0.0000","27969.2500","包含上海打浦橋日月光中心、上海嘉定日月光中心、上海御華山以及重慶日月光中心，共計四據點。","0.5800","新台幣十萬元營收",""
"=""2929""","淘帝-KY","無，無統計相關數據","無，無統計相關數據","無，無統計相關數據","","無，無統計相關數據","",""
"=""2939""","永邑-KY","無，無統計相關數據","無，無統計相關數據","無，無統計相關數據","","無，無統計相關數據","",""
"=""2945""","三商家購","0.0000","0.0000","300.0000","物流部紙箱回收數據","無，無統計相關數據","",""
"=""3002""","歐格","無，無統計相關數據","無，無統計相關數據","無，無統計相關數據","","無，無統計相關數據","",""
"=""3003""","健和興","0.0000","0.0000","109.5500","母公司","0.0000","產品","ISO 14001"
"=""3004""","豐達科","0.0000","0.0000","387.2900","母公司","0.3000","單位:百萬營業額","ISO9001、ISO14001"
"=""3005""","神基","1629.6800","4250.4600","5880.1400","涵蓋神基投控暨其八家子公司","5.4742","營業額","GRI Standards核心依循選項與AA 1000 ASv3 Type1 中度保證等級的要求"
"=""3006""","晶豪科","0.8707","16.2550","17.1257","母公司","0.0007","廢棄物量/百萬營業額(個體)",""
"=""3008""","大立光","25.0000","2472.0000","2497.0000","母公司","無，無統計相關數據","",""
"=""3010""","華立","0.0000","5.5000","5.5000","僅母公司","無，無統計相關數據","",""
"=""3011""","今皓","無，尚在評估中","無，尚在評估中","無，尚在評估中","","無，尚在評估中","",""
"=""3013""","晟銘電","172.0000","4341.0000","4513.0000","包含合併財務報表之母子公司","無，無統計相關數據","",""
"=""3014""","聯陽","2.1400","184.5000","186.6400","母公司","無，無統計相關數據","",""
"=""3015""","全漢","0.0000","0.0000","262.1200","母公司與部分子公司的一般事業廢棄物","0.0157","百萬營業額",""
"=""3016""","嘉晶","5.2724","133.3044","138.5768","僅母公司","0.0015","產品","ISO 14001"
"=""3017""","奇鋐","574.4100","1674.7900","2249.2000","台灣高雄、深圳奇宏/興奇宏、東莞明鑫/興奇宏、成都奇宏、武漢奇宏/興奇宏、嘉善萬順達","4.7500","廢棄物總量/營業額= 2249.20噸/ 47,332 TWD’M=4.75%",""
"=""3018""","隆銘綠能","無，無統計相關數據","無，無統計相關數據","無，無統計相關數據","","無，無統計相關數據","",""
"=""3019""","亞光","無，委託合法清運業者清除","無，委託合法清運業者清除","無，委託合法清運業者清除","","無，委託合法清運業者清除","",""
"=""3021""","鴻名","無，無統計相關數據","無，無統計相關數據","無，無統計相關數據","","無，無統計相關數據","",""
"=""3022""","威強電","無，無統計相關數據","無，無統計相關數據","無，無統計相關數據","","無，無統計相關數據","",""
"=""3023""","信邦","95.4800","862.7600","958.2400","集團100%持股之11個據點","0.0030","95.48(噸)/25,530.706(新台幣百萬元,2021年營收) = 0.003","ISO 14001"
"=""3024""","憶聲","0.0000","12.0000","12.0000","總公司辦公室","無，無統計相關數據","",""
"=""3025""","星通","無，無統計相關數據","無，無統計相關數據","無，無統計相關數據","","無，無統計相關數據","",""
"=""3026""","禾伸堂","0.0000","0.0000","1114.0600","母公司","0.0600","產品",""
"=""3027""","盛達","無，預計9月底申報","無，預計9月底申報","無，預計9月底申報","","無，預計9月底申報","",""
"=""3028""","增你強","0.0000","0.0000","26.3000","母公司","0.0006","營業額",""
"=""3029""","零壹","無，無統計相關數據","無，無統計相關數據","無，無統計相關數據","","無，無統計相關數據","",""
"=""3030""","德律","0.0000","54.6940","54.6940","母公司","0.0003","產品","TUV:ISO 9001"
"=""3031""","佰鴻","0.0000","309.7000","309.7000","含合併報表母子公司","0.2020","佰萬營收",""
"=""3032""","偉訓","無，無統計相關數據","無，無統計相關數據","無，無統計相關數據","","無，無統計相關數據","",""
"=""3033""","威健","0.0000","21.4840","21.4840","威健在台灣營運據點為主（臺北內湖總公司、內湖倉儲中心、桃園倉儲中心及中南部聯絡處(新竹、臺中及高雄)）","0.0019","公噸/樓地板面積m2",""
"=""3034""","聯詠","36.9900","47.1000","84.0900","母公司","0.0006","新臺幣百萬營業額",""
"=""3035""","智原","0.0000","0.0000","14.6700","母公司","0.0020","營業額",""
"=""3036""","文曄","0.0000","118.3300","118.3300","包含合併財務報表母子公司之台灣各營運據點","無，無統計相關數據","",""
"=""3037""","欣興","0.0000","0.0000","121941.0000","母公司及部份子公司","1.1700","百萬元營業額","ISO 14001"
"=""3038""","全台","32.0000","192.0000","224.0000","母公司及東莞廠","0.2300","每一標準工時產出量",""
"=""3040""","遠見","0.0000","500.0000","500.0000","母公司","無，無工廠，無生產行為","",""
"=""3041""","揚智","0.0000","0.0000","41.0000","僅母公司","0.0006","產品",""
"=""3042""","晶技","144.9000","84.7100","229.6100","台灣晶技平鎮廠","0.0197","以個體營收計算，單位 : 新臺幣佰萬元","ISO 14001"
"=""3043""","科風","無，無統計相關數據","無，無統計相關數據","無，無統計相關數據","","無，無統計相關數據","",""
"=""3044""","健鼎","130567.0000","39994.0000","170561.0000","健鼎-平鎮/無錫/湖北廠區","0.0027","營業額","由UL驗證的Zero Waste to Landfill Platinum Operations零填埋白金等級認證,詳見我司官網www.tripod-tech.com"
"=""3045""","台灣大","0.0000","1625.0653","1625.0653","2021","0.0000","營業額","依中華民國會計研究發展基金會確信準則公報第1號「非屬歷史性財務資訊查核或核閱之確信案件」進行有限確信"
"=""3046""","建碁","0.0000","0.0000","2.0000","包含合併財務報表之母子公司","0.0000","百萬營業額",""
"=""3047""","訊舟","無，無統計相關數據","無，無統計相關數據","無，無統計相關數據","","無，無統計相關數據","",""
"=""3048""","益登","0.0000","0.0000","8.0000","僅母公司(台灣區)","0.0001","百萬營業額",""
"=""3049""","精金","356.1500","1088.6300","1444.7800","和鑫光電股份有限公司","0.0029","產品",""
"=""3050""","鈺德","195.0000","52.0000","247.0000","僅母公司","無，無統計相關數據","","ISO 14001"
"=""3051""","力特","0.0000","542.5400","542.5400","母公司","0.1700","營業額","ISO 14001"
"=""3052""","夆典","無，無統計相關數據","無，無統計相關數據","無，無統計相關數據","","無，無統計相關數據","",""
"=""3054""","立萬利","無，本公司之產品皆委由加工廠製造生產，無生產所產生之廢棄物，故無相關資訊。","無，本公司之產品皆委由加工廠製造生產，無生產所產生之廢棄物，故無相關資訊。","無，本公司之產品皆委由加工廠製造生產，無生產所產生之廢棄物，故無相關資訊。","","無，本公司之產品皆委由加工廠製造生產，無生產所產生之廢棄物，故無相關資訊。","",""
"=""3055""","蔚華科","無，無統計相關數據","無，無統計相關數據","無，無統計相關數據","","無，無統計相關數據","",""
"=""3056""","富華新","無，無統計相關數據","無，無統計相關數據","無，無統計相關數據","","無，無統計相關數據","",""
"=""3057""","喬鼎","0.0000","0.0000","680.5660","母公司","0.8958","百萬營業額",""
"=""3058""","立德","無，無統計相關數據","無，無統計相關數據","無，無統計相關數據","","無，無統計相關數據","",""
"=""3059""","華晶科","0.0000","0.0000","24.0000","母公司","無，無統計相關數據","",""
"=""3060""","銘異","0.0000","6935.0000","6935.0000","僅桃園市龜山區母公司範疇","6915.0000","產品","ISO 14001"
"=""3062""","建漢","0.0000","0.0000","13.1600","僅母公司","無，該年度未清運","",""
"=""3090""","日電貿","0.0000","0.0000","6.5300","委託專業廠商資料銷毀，製成再生紙","無，無統計相關數據","",""
"=""3092""","鴻碩","0.0000","81.1210","81.1210","合併財務報表之重要子公司-鴻碩蘇州公司","0.0001","營業額","ISO 9001"
"=""3094""","聯傑","0.0000","0.0000","7.3800","母公司","0.0269","營業額",""
"=""3130""","一零四","0.0000","0.0000","29.2500","包含合併財務報表之母子公司全台營運據點","0.0400","員工人數",""
"=""3138""","耀登","0.0000","0.0000","5.5000","僅母公司","0.0000","營業額",""
"=""3149""","正達","0.0000","751.5100","751.5100","母公司","0.3100","751.51公噸/個體營收淨額2,431百萬元","ISO 14001"
"=""3164""","景岳","0.0000","0.0000","74.6517","110年各月廢棄物總量(噸) 1月	2.5947 2月	1.4153 3月	3.55515 4月	1.43795 5月	4.5419 6月	1.7177 7月	7.685 8月	5.2731 9月	12.9008 10月	5.4301 11月	22.0142 12月	6.0858","1.9884","產品",""
"=""3167""","大量","無，無統計相關數據","無，無統計相關數據","無，無統計相關數據","","無，無統計相關數據","",""
"=""3189""","景碩","7743.0000","5530.0000","13273.0000","母公司","0.0036","產品",""
"=""3209""","全科","0.0000","0.0000","48.5500","僅包含母公司的台灣總部、各點辦公室及物流倉儲。","0.1000","營業額",""
"=""3229""","晟鈦","170.7100","57.2500","227.9600","僅母公司","無，無統計相關數據","","ISO 14001"
"=""3231""","緯創","1043.5000","38251.6000","39295.1000","母公司(內湖總部/汐止辦公區/新竹廠)及全球主要營運與製造廠區(昆山廠、泰州廠、中山廠、重慶廠、成都廠、墨西哥廠、捷克廠及昆山光電廠)","0.0500","單位:千公噸廢棄物量/十億元新台幣(以緯創全球主要製造廠區用水量/ 廠區營收做為計算基準)","ISO 14001"
"=""3257""","虹冠電","0.0000","0.0000","2.9390","110年事業廢棄物統計資料","0.2300","營業額",""
"=""3266""","昇陽","無，無統計相關數據","無，無統計相關數據","無，無統計相關數據","","無，無統計相關數據","",""
"=""3296""","勝德","無，無統計相關數據","無，無統計相關數據","無，無統計相關數據","","無，無統計相關數據","",""
"=""3305""","昇貿","1.7800","28.6000","30.3800","110/1/1~110/12/31","無，無統計相關數據","",""
"=""3308""","聯德","無，無統計相關數據","無，無統計相關數據","無，無統計相關數據","","無，無統計相關數據","",""
"=""3311""","閎暉","無，無統計相關數據","無，無統計相關數據","無，無統計相關數據","","無，無統計相關數據","",""
"=""3312""","弘憶股","無，無統計相關數據","無，無統計相關數據","無，無統計相關數據","","無，無統計相關數據","",""
"=""3321""","同泰","0.0000","0.0000","526.8000","母公司","0.0036","產品",""
"=""3338""","泰碩","無，無統計相關數據","無，無統計相關數據","無，無統計相關數據","","無，無統計相關數據","",""
"=""3346""","麗清","2.2110","24.5180","26.7290","2021/01~2021~12","無，無統計相關數據","","ISO 14001"
"=""3356""","奇偶","無，無統計相關數據","無，無統計相關數據","無，無統計相關數據","","無，無統計相關數據","",""
"=""3376""","新日興","94.5600","110.7400","205.3000","僅母公司","無，無統計相關數據","",""
"=""3380""","明泰","0.0000","0.0000","68.0440","2021/1/1~2021/12/31","0.0001","營業額",""
"=""3406""","玉晶光","0.0000","35.1310","35.1310","台中市大雅區科雅東路一號，包括辦公室、作業廠區及依據環保署管制編號要求設定。","0.2400","產品","ISO 14001"
"=""3413""","京鼎","無，預計9月出具","無，預計9月出具","無，預計9月出具","","無，預計9月出具","",""
"=""3416""","融程電","0.3233","312.0000","312.3233","僅母公司","無，無統計相關數據","",""
"=""3419""","譁裕","0.0000","60.0000","60.0000","僅母公司","無，無統計相關數據","",""
"=""3432""","台端","無，無統計相關數據","無，無統計相關數據","無，無統計相關數據","","無，無統計相關數據","",""
"=""3437""","榮創","0.0000","0.0000","98.5100","榮創能源科技股份有限公司","無，無統計相關數據","","ISO 14001"
"=""3443""","創意","0.0000","0.0000","1.5920","本次報告書邊界為創意電子台灣地區，涵蓋新竹總部、新竹分部，未納入海外子公司","0.0001","營業額",""
"=""3450""","聯鈞","0.4309","46.6300","47.0609","母公司","無，無統計相關數據","",""
"=""3454""","晶睿","0.0000","23.7960","23.7960","中和192+168","無，無統計相關數據","",""
"=""3481""","群創","24993.0000","75253.0000","100246.0000","群創光電(母公司)及子公司：寧波群志光電、寧波群輝光電、寧波群安電子科技、佛山群志光電、佛山群輝物流、南京群志光電、上海群志光電、寧波群豐駿電子","0.0003","單位: 廢棄物(Kg)/營業額(元)","ISO 14001"
"=""3494""","誠研","0.0000","0.0000","31.6000","包含合併財務報表之母子公司","無，與當年度銷售產品組合有關","",""
"=""3501""","維熹","0.0000","8.4000","8.4000","僅母公司","無，無統計相關數據","",""
"=""3504""","揚明光","0.0000","0.0000","57.0000","僅母公司","無，無統計相關數據","",""
"=""3515""","華擎","0.0000","0.0000","3.5500","母公司","0.0100","員工人均廢棄物量",""
"=""3518""","柏騰","無，詳年報說明","無，詳年報說明","無，詳年報說明","","無，無統計相關數據","",""
"=""3528""","安馳","無，無統計相關數據","無，無統計相關數據","無，無統計相關數據","","無，無統計相關數據","",""
"=""3530""","晶相光","0.0000","0.0000","0.1250","廠內","無，無統計相關數據","",""
"=""3532""","台勝科","1.5400","5855.0000","5856.5400","","0.0220","產品",""
"=""3533""","嘉澤","0.0000","0.0000","11528.0865","本公司於中國大陸廣州、蘇州、中山之子公司","無，無統計相關數據","",""
"=""3535""","晶彩科","0.0000","26.2000","26.2000","僅母公司","0.1860","以百萬元營業額為單位",""
"=""3543""","州巧","無，無統計相關數據","無，無統計相關數據","無，無統計相關數據","","無，無統計相關數據","",""
"=""3545""","敦泰","0.0000","0.0000","1.5700","台灣新竹總部","0.0400","員工人數",""
"=""3550""","聯穎","無，無統計相關數據","無，無統計相關數據","無，無統計相關數據","","無，無統計相關數據","",""
"=""3557""","嘉威","無，無統計相關數據","無，無統計相關數據","無，無統計相關數據","","無，無統計相關數據","",""
"=""3563""","牧德","0.0000","0.0000","10.0000","牧德科技股份有限公司","無，無統計相關數據","",""
"=""3576""","聯合再生","1828.2000","1585.3000","3413.5000","母公司(竹科廠、竹南廠及台南廠)","0.2800","百萬營業額",""
"=""3583""","辛耘","0.0000","0.0000","319.4700","新竹縣湖口鄉中華路16號","319.4700","35473520000 (辛耘母公司營收)",""
"=""3588""","通嘉","0.0000","0.0000","0.5000","母公司","0.0002","營業額",""
"=""3591""","艾笛森","0.3080","6.9920","7.3000","僅母公司","0.0076","每百萬元營業額",""
"=""3592""","瑞鼎","0.0000","0.0000","11.1100","公司產生廢棄物主要為辦公室生活垃圾與廢電子零組件，廢棄物清運皆委託合格清除廠商處理。","0.4600","每百萬營業額0.46公斤","ISO 14001"
"=""3593""","力銘","無，無統計相關數據","無，無統計相關數據","無，無統計相關數據","","無，無統計相關數據","",""
"=""3596""","智易","160.0000","1051.0000","1211.0000","台灣總部及中國與越南生產中心","0.0000","產品",""
"=""3605""","宏致","2.2285","20.8000","23.0285","此數據是上環保局網站申報的資料","無，生活垃圾佔比較大","",""
"=""3607""","谷崧","無，詳年報說明","無，詳年報說明","無，詳年報說明","","無，無統計相關數據","",""
"=""3617""","碩天","無，無統計相關數據","無，無統計相關數據","無，無統計相關數據","","無，無統計相關數據","","IECQQC08000"
"=""3622""","洋華","1.0000","24.0000","25.0000","母公司","0.0172","TON/百萬元營業額",""
"=""3645""","達邁","無，無統計相關數據","無，無統計相關數據","無，無統計相關數據","","無，無統計相關數據","",""
"=""3652""","精聯","0.0000","3.2000","3.2000","僅母公司之文件紙張銷毀量及電子廢棄物數量","0.1839","億營業額",""
"=""3653""","健策","622.4750","392.8780","1015.3530","母公司","0.1440","營業額(百萬)","ISO 14001"
"=""3661""","世芯-KY","無，無統計相關數據","無，無統計相關數據","無，無統計相關數據","","無，無統計相關數據","",""
"=""3665""","貿聯-KY","44.9300","3839.2300","3884.1600","統計範圍涵蓋集團 17 個生產據點：昆山貿聯廠、昆山翔光廠、常州廠、深圳通盈廠、翔耀廠、康聯廠、廈門新視廠、百事聯廠、佛山城鉞廠、新加坡加冷廠、馬來西亞柔佛廠、馬來西亞檳城廠、塞爾維亞廠、斯洛伐克廠、加州廠、德州廠、墨西哥廠。","無，無統計相關數據","",""
"=""3669""","圓展","0.0000","0.0000","88.1970","母公司","121.6800","產品","ISO 14001"
"=""3673""","TPK-KY","348.9800","6942.0700","7291.0500","宸鴻科技（廈門）有限公司、鴻通科技（廈門）有限公司、宸美（廈門）光電有限公司、祥達光學（廈門）有限公司、寶宸（廈門）光學科技有限公司、宸鴻科技（平潭）有限公司","0.0001","千元營業額","ISO 14001"
"=""3679""","新至陞","0.0000","21.5600","21.5600","母公司110年01月~110年12月","1.6800","營業額","ISO 14001"
"=""3686""","達能","0.0000","1.1000","1.1000","包含合併財務報表之母子公司。","0.0000","營業額",""
"=""3694""","海華","0.0000","0.0000","16.2790","上海子公司廠區","無，無統計相關數據","",""
"=""3701""","大眾控","無，無統計相關數據","無，無統計相關數據","無，無統計相關數據","","無，無統計相關數據","",""
"=""3702""","大聯大","0.0000","0.0000","381.6522","盤查範圍包含台灣區南港總部辦公室、林口倉及香港倉","0.1800","各據點員工合計數","依據確信準則公報一號進行驗證，指標揭露內容參照GRI 306"
"=""3703""","欣陸","0.0000","0.0000","32483.2200","母公司及主要營運子公司","1.2100","百萬營業額","ISO 14001，驗證範圍：鳳山、安平及淡水水資源回收中心"
"=""3704""","合勤控","0.0000","0.0000","232.0000","母公司","0.1798","百萬營業額",""
"=""3705""","永信","無，預計2026年12月完成","無，預計2026年12月完成","無，預計2026年12月完成","","無，預計2026年12月完成","",""
"=""3706""","神達","139.2000","2134.9200","2274.1200","合併財務報表之母子公司, 含台灣營運、研發中心及廠區; 中國主要生產據點: 廣東順達廠區、江蘇昆達廠區; 美國加州組裝廠區: MiTACIS","0.0540","營業額/單位為「百萬新台幣」","ISO 14001"
"=""3708""","上緯投控","245.0500","159.4800","404.5300","上緯興業股份有限公司","0.1400","百營業額","ISO 14001"
"=""3711""","日月光投控","29540.2600","52617.8000","82158.0600","日月光半導體製造股份有限公司(高雄廠、中壢廠、蘇州廠、 威海廠、無錫廠、日榮半導體(上海)、上海材料廠、 上海月芯半導體、昆山廠、日本廠、韓國廠、 新加坡廠、馬來西亞廠、ISE Labs)、矽品精密工業股份有限公司(大豐廠、中山廠、中科廠、新竹廠、彰化廠、蘇州廠)、環電股份有限公司(南投廠、張江廠、昆山廠、金橋廠、深圳廠、墨西哥廠)","1.4406","公斤/千美金營收","ISO14001; GRI; SASB"
"=""3712""","永崴投控","0.0000","0.0000","0.0000","母公司","無，母公司為投控公司 無廢棄物產生","",""
"=""3714""","富采","無，富采母公司為辦公場所，非屬工廠。","無，富采母公司為辦公場所，非屬工廠。","無，富采母公司為辦公場所，非屬工廠。","","無，富采母公司為辦公場所，非屬工廠。","",""
"=""3716""","中化控股","","","","","","","N/A"
"=""4104""","佳醫","0.0000","0.0000","22.7100","僅母公司","0.0000","仟元營業額",""
"=""4106""","雃博","0.3820","64.0000","64.3820","母公司","0.0549","單位：百萬元營收",""
"=""4108""","懷特","0.0000","0.0000","12.3500","台北公司及楊梅精製廠","無，無統計相關數據","",""
"=""4119""","旭富","533.4500","1293.6500","1827.1000","僅母公司","無，無統計相關數據","","ISO 14001"
"=""4133""","亞諾法","0.0000","0.0000","6.0500","僅母公司","無，詳年報說明","",""
"=""4137""","麗豐-KY","0.0000","0.0000","38.8060","子公司微碩(上海)日用品有限公司","無，無統計相關數據","",""
"=""4142""","國光生","0.0000","0.0000","637.8228","僅母公司","無，無統計相關數據","",""
"=""4148""","全宇生技-KY","無，無統計相關數據","無，無統計相關數據","無，無統計相關數據","","無，無統計相關數據","",""
"=""4155""","訊映","無，無統計相關數據","無，無統計相關數據","無，無統計相關數據","","無，無統計相關數據","",""
"=""4164""","承業醫","0.0000","0.0000","5.9560","包含合併財務報表之母子公司","0.0020","百萬營業額",""
"=""4190""","佐登-KY","0.3276","12.8652","13.1928","台灣子公 有害0.18464公噸/非有害7.8652公噸 司:廣州子公司: 有害0.143公噸/非有害5公噸","無，無統計相關數據","",""
"=""4306""","炎洲","0.0000","0.0000","13504.2700","台灣廠區","0.7800","百萬營業額",""
"=""4414""","如興","12.7520","660.5990","673.3510","中國廠區與柬埔寨廠區","無，無統計相關數據","",""
"=""4426""","利勤","237.0600","439.4300","676.4900","110年全年廢棄物量","0.4200","產品","ISO 14001"
"=""4438""","廣越","無，無統計相關數據","無，無統計相關數據","無，無統計相關數據","","無，無統計相關數據","",""
"=""4439""","冠星-KY","6167.8767","868.7061","7036.5828","Top Sports Textile Limited","0.4114","產品","EMeRet"
"=""4440""","宜新實業","0.0000","237.4800","237.4800","本公司(無子公司)","無，無統計相關數據","","廢棄物清理法"
"=""4526""","東台","0.0000","86.2080","86.2080","東台精機股份有限公司第一廠","0.0080","產品",""
"=""4532""","瑞智","0.0000","0.0000","303.8700","母公司","無，無統計相關數據","","ISO 14001"
"=""4536""","拓凱","0.0000","0.0000","130.0000","本公司","無，無統計相關數據","",""
"=""4540""","全球傳動","0.0000","90.0700","90.0700","110年度","0.0600","營業額",""
"=""4545""","銘鈺","166.0000","312.0000","478.0000","母公司","0.4200","百萬營業額",""
"=""4551""","智伸科","188.3600","409.9300","598.2900","包含合併財務報表之母子公司","0.0000","產品","ISO 14001"
"=""4552""","力達-KY","","","","","","",""
"=""4555""","氣立","無，無統計相關數據","無，無統計相關數據","無，無統計相關數據","","無，無統計相關數據","",""
"=""4557""","永新-KY","無，無統計相關數據","無，無統計相關數據","無，無統計相關數據","","無，無統計相關數據","",""
"=""4560""","強信-KY","無，無統計相關數據","無，無統計相關數據","無，無統計相關數據","","無，無統計相關數據","",""
"=""4562""","穎漢","0.0000","20.3000","20.3000","110年度","無，無統計相關數據","",""
"=""4564""","元翎","17.7300","411.9200","429.6500","母公司及重要子公司","無，無統計相關數據","",""
"=""4566""","時碩工業","無，無統計相關數據","無，無統計相關數據","無，無統計相關數據","","無，無統計相關數據","",""
"=""4571""","鈞興-KY","無，無統計相關數據","無，無統計相關數據","無，無統計相關數據","","無，無統計相關數據","",""
"=""4572""","駐龍","0.0000","23.4000","23.4000","母公司","0.0600","百萬營業額",""
"=""4576""","大銀微系統","0.0000","289.7900","289.7900","母公司之總部及二廠","0.0900","營業額單位為佰萬元","ISO 14001"
"=""4581""","光隆精密-KY","0.0000","79.5590","79.5590","合併財務報表之母子公司","0.0001","營業額","ISO 14001"
"=""4583""","台灣精銳","0.0000","0.0000","231.5100","母公司","0.0000","營業額","ISO9001、ISO14001"
"=""4720""","德淵","10.1400","50.8300","60.9700","廢棄物量係以母公司計算；排放密集度單位係以合併財務報表百萬營業額計算。","0.0172","營業額",""
"=""4722""","國精化","152.0000","5312.0000","5464.0000","母公司","無，無統計相關數據","",""
"=""4736""","泰博","0.0000","0.4000","0.4000","RT/月，依清運環保公司收費計算","0.0001","營業額",""
"=""4737""","華廣","11.2000","5.2150","16.4150","母公司","11.2000","營業額",""
"=""4739""","康普","0.0000","0.0000","358.3500","新竹廠及頭份廠","6.0900","廢棄物產生(噸)/個體營收(億)","ISO 14001"
"=""4746""","台耀","0.0000","0.0000","1524.2100","母公司","0.4810","公噸/百萬營業額","ISO 14001"
"=""4755""","三福化","906.9200","103.6100","1010.5300","僅母公司(善化廠、柳科廠、高雄廠)","0.0002","營業額；廢棄物量 / 仟元","ISO 14064-1 溫室氣體盤查標準、確信準則公報第一號"
"=""4763""","材料-KY","411.0000","742.8500","1153.8500","合併財務報表之母子公司","0.0004","營業額(仟元單位)",""
"=""4764""","雙鍵","2.9780","1.8440","4.8220","母公司","0.0016","百萬營業額",""
"=""4766""","南寶","853.0000","1009.0000","1862.0000","僅母公司","0.3500","百萬營收",""
"=""4770""","上品","0.0000","20.2100","20.2100","僅母公司","0.0079","百萬營業額",""
"=""4807""","日成-KY","無，無統計相關數據","無，無統計相關數據","無，無統計相關數據","","無，無統計相關數據","",""
"=""4904""","遠傳","0.0000","0.0000","437.0460","遠傳電信股份有限公司及兩家子公司(新世紀資通股份有限公司、和宇寬頻網路股份有限公司)","0.0000","營業額",""
"=""4906""","正文","4.7500","127.3700","132.1200","正文科技股份有限公司","0.0000","營業額","ISO 14001"
"=""4912""","聯德控股-KY","34.0000","560.0000","594.0000","重要子公司聯德精密材料(中國)股份有限公司","5.7200","產品",""
"=""4915""","致伸","140.2980","1843.6520","1983.9500","致伸科技及子公司東莞東聚、致伸重慶、致伸昆山、惠州迪芬尼、東莞迪芬尼及東城迪芬尼","0.0277","營業額","ISO 14001"
"=""4916""","事欣科","無，無統計相關數據","無，無統計相關數據","無，無統計相關數據","","無，無統計相關數據","",""
"=""4919""","新唐","565.0000","305.0000","870.0000","僅含母公司(不含台南、竹北、北辦)","0.0824","單位：公斤/層-晶圓光罩","ISO 14001"
"=""4927""","泰鼎-KY","4798.0300","17130.3900","21928.4200","包含合併財務報表之母子公司","1.4800","台幣百萬營收","ISO 14001"
"=""4930""","燦星網","無，無統計相關數據","無，無統計相關數據","無，無統計相關數據","","無，無統計相關數據","",""
"=""4934""","太極","無，無統計相關數據","無，無統計相關數據","無，無統計相關數據","","無，無統計相關數據","",""
"=""4935""","茂林-KY","無，無統計相關數據","無，無統計相關數據","無，無統計相關數據","","無，無統計相關數據","",""
"=""4938""","和碩","1602.0000","68569.0000","70171.0000","和碩企業總部、臺灣營運中心、上海昌碩、昆山世碩、蘇州名碩/康碩/凱碩、重慶旭碩/凱全、捷克製造中心、墨西哥營運中心、印尼廠","0.0560","每百萬營業額(元)","ISO 14001"
"=""4942""","嘉彰","0.0000","1030.2900","1030.2900","110年度廢棄物量統計","0.6112","百萬元營業額",""
"=""4943""","康控-KY","無，無統計相關數據","無，無統計相關數據","無，無統計相關數據","","無，無統計相關數據","",""
"=""4952""","凌通","0.0000","0.0000","10.6390","母公司","0.0031","百萬營業額",""
"=""4956""","光鋐","381.3300","132.1425","513.4725","110年1月~12月","無，無統計相關數據","",""
"=""4958""","臻鼎-KY","62545.0000","32095.0000","94640.0000","大陸園區與台灣園區","0.6100","營業額","UL2799 Zero Waste"
"=""4960""","誠美材","1000.0000","3559.0000","4559.0000","僅母公司","0.1270","產能(仟米平方)","ISO 14001"
"=""4961""","天鈺","0.0000","43.8880","43.8880","僅含天鈺科技（母公司）新竹總部及公道五路之據點","0.0024","0.0024公噸/百萬營業額","AA1000 Type 2 中度保證"
"=""4967""","十銓","無，詳年報說明","無，詳年報說明","無，詳年報說明","","無，無統計相關數據","",""
"=""4968""","立積","0.6240","28.0000","28.6240","母公司","無，無統計相關數據","",""
"=""4976""","佳凌","無，詳年報說明","無，詳年報說明","無，詳年報說明","","無，無統計相關數據","","ISO 14001"
"=""4977""","眾達-KY","無，無統計相關數據","無，無統計相關數據","無，無統計相關數據","","無，無統計相關數據","",""
"=""4989""","榮科","1062.7500","40.5900","1103.3400","本公司","0.0100","產量(噸)","ISO 14001"
"=""4994""","傳奇","無，無統計相關數據","無，無統計相關數據","無，無統計相關數據","","無，無統計相關數據","",""
"=""4999""","鑫禾","0.0000","40.0000","40.0000","僅母公司","無，無統計相關數據","",""
"=""5007""","三星","1.0000","535.0000","536.0000","母公司","0.0838","百萬營業額","ISO 14001"
"=""5203""","訊連","無，詳年報說明","無，詳年報說明","無，詳年報說明","","無，詳年報說明","",""
"=""5215""","科嘉-KY","無，詳年報說明","無，詳年報說明","無，詳年報說明","","無，詳年報說明","",""
"=""5222""","全訊","6.1000","24.2916","30.3916","僅個別公司大順一廠","0.0331","百萬營業額","ISO 9001"
"=""5225""","東科-KY","無，無統計相關數據","無，無統計相關數據","無，無統計相關數據","","無，無統計相關數據","",""
"=""5234""","達興材料","572.9000","194.7900","767.6900","所有生產廠區","0.1700","百萬營業額",""
"=""5243""","乙盛-KY","無，無統計相關數據","無，無統計相關數據","無，無統計相關數據","","無，無統計相關數據","",""
"=""5244""","弘凱","無，無統計相關數據","無，無統計相關數據","無，無統計相關數據","","無，無統計相關數據","",""
"=""5258""","虹堡","無，無統計相關數據","無，無統計相關數據","無，無統計相關數據","","無，無統計相關數據","",""
"=""5269""","祥碩","1.1600","11.2830","12.4430","110/1/1~12/31, 祥碩總公司辦公室","9.7600","營業額(億元)",""
"=""5283""","禾聯碩","無，尚在評估規畫中","無，尚在評估規畫中","無，尚在評估規畫中","","無，尚在評估規畫中","",""
"=""5284""","jpp-KY","1368.8100","52.7800","1421.5900","Jan - Dec 2021","1851.0000","製程","ISO14001 No. 44 104 082456"
"=""5285""","界霖","101.4800","8.9800","110.4600","界霖科技楠梓廠區","無，無統計相關數據","",""
"=""5288""","豐祥-KY","1505.6500","13563.4300","15069.0800","主要營運子公司台灣豐祥及越南VPIC1","0.0026","仟元營業額","ISO 14001"
"=""5306""","桂盟","0.0000","0.0000","12.0000","母公司","0.0001","營業額",""
"=""5388""","中磊","28.6700","581.9100","610.5800","本公司(竹南廠)","0.6300","員工人數(竹南廠)",""
"=""5434""","崇越","0.0000","19.0990","19.0990","台北總部、新竹辦事處、竹南倉庫","0.0000","營業額",""
"=""5469""","瀚宇博","5738.1200","616.4400","6354.5600","110年度","0.0027","產品",""
"=""5471""","松翰","0.0000","0.0000","0.2500","僅母公司","0.0004","營業額(新台幣仟元)","ISO9001 ISO14001 QC080000"
"=""5484""","慧友","0.0000","1.5500","1.5500","母公司110年存貨報廢的重量","0.0001","母公司110年存貨報廢,平均每千元報廢金額約0.0001公噸的廢棄物量",""
"=""5515""","建國","0.0000","0.0000","23790.5500","工地","無，無統計相關數據","",""
"=""5519""","隆大","無，無統計相關數據","無，無統計相關數據","無，無統計相關數據","","無，無統計相關數據","",""
"=""5521""","工信","0.0000","0.0000","85219.0000","僅母公司","286.9300","員工人數",""
"=""5522""","遠雄","0.0000","0.0000","155.4100","僅母公司","0.1800","坪數",""
"=""5525""","順天","無，無統計相關數據","無，無統計相關數據","無，無統計相關數據","","無，無統計相關數據","",""
"=""5531""","鄉林","無，無統計相關數據","無，無統計相關數據","無，無統計相關數據","","無，無統計相關數據","",""
"=""5533""","皇鼎","無，無統計相關數據","無，無統計相關數據","無，無統計相關數據","","無，無統計相關數據","",""
"=""5534""","長虹","無，無統計相關數據","無，無統計相關數據","無，無統計相關數據","","無，無統計相關數據","",""
"=""5538""","東明-KY","無，公司為控股公司","無，公司為控股公司","無，公司為控股公司","","無，公司為控股公司","",""
"=""5546""","永固-KY","無，無統計相關數據","無，無統計相關數據","無，無統計相關數據","","無，無統計相關數據","",""
"=""5607""","遠雄港","0.0000","2019.1460","2019.1460","2021.01~2021.12","無，首次辦理統計資料不全","",""
"=""5608""","四維航","0.0000","0.0000","622.2380","母子孫公司所屬船舶","0.8606","廢棄物總量/(海勤船員+辦公室員工人數)",""
"=""5706""","鳳凰","無，無統計相關數據","無，無統計相關數據","無，無統計相關數據","","無，無統計相關數據","",""
"=""5871""","中租-KY","0.0000","0.0000","273.1930","台灣地區，資料出處:2021年CSR報告書","無，無統計相關數據","","ISO 14001"
"=""5876""","上海商銀","0.0000","386.3500","386.3500","僅母公司","0.0164","分母為百萬元營業額","1.確信準則公報第一號 2.通過ISO 14001驗證"
"=""5880""","合庫金","0.0000","0.0000","300.2300","合庫金控及各子公司，合計306處據點(不含國外)","0.0055","淨收益佰萬元","ISO 14064-1:2018 類別4.3固體和液體廢棄物處理產生的排放"
"=""5906""","台南-KY","無，無統計相關數據","無，無統計相關數據","無，無統計相關數據","","無，無統計相關數據","",""
"=""5907""","大洋-KY","無，無統計相關數據","無，無統計相關數據","無，無統計相關數據","","無，無統計相關數據","",""
"=""6005""","群益證","無，無統計相關數據","無，無統計相關數據","無，無統計相關數據","","無，無統計相關數據","",""
"=""6024""","群益期","無，無統計相關數據","無，無統計相關數據","無，無統計相關數據","","無，無統計相關數據","",""
"=""6108""","競國","1779.0000","57.0000","1836.0000","僅母公司","0.0010","產品",""
"=""6112""","邁達特","0.0000","0.0000","4.0500","台北總公司","4.0500","營業額","本公司一般事業廢棄物總重量經2021永續報告書驗證。"
"=""6115""","鎰勝","168.2170","47.3150","215.5320","母公司","168.2170","產品",""
"=""6116""","彩晶","3983.7500","7047.1800","11030.9300","母公司及子公司(南京瀚宇彩欣科技有限責任公司)","0.1060","母公司的內湖營業所密集度為0.011 ton /樓地板面積(坪);母公司的南科廠為0.002 ton /投片面積(m2)；子公司(南京)為0.093 ton /投片量(片)",""
"=""6117""","迎廣","0.0000","0.0000","115.0000","母公司","1.6750","產品 元/台","ISO 14001"
"=""6120""","達運","119.0000","9444.0000","9563.0000","包含本公司及合併財務報表內子公司","無，無統計相關數據","",""
"=""6128""","上福","0.0000","418.6800","418.6800","上福全球在台灣營運據點為主（包含本廠、二廠及三廠）","0.0000","產品",""
"=""6133""","金橋","無，無統計相關數據","無，無統計相關數據","無，無統計相關數據","","無，無統計相關數據","",""
"=""6136""","富爾特","無，無統計相關數據","無，無統計相關數據","無，無統計相關數據","","無，無統計相關數據","",""
"=""6139""","亞翔","0.0000","0.0000","4.0100","2021年新竹廠區非有害廢棄物量。","無，無統計相關數據","",""
"=""6141""","柏承","無，無統計相關數據","無，無統計相關數據","無，無統計相關數據","","無，無統計相關數據","",""
"=""6142""","友勁","1.9540","103.2250","105.1790","母公司","0.0424","單位:公噸/百萬營業額","ISO 14001"
"=""6152""","百一","0.0000","0.0000","1.2240","1100101~1101231","無，無統計相關數據","",""
"=""6153""","嘉聯益","1830.0000","1020.0000","2850.0000","僅母公司樹林廠","無，無統計相關數據","","UL2799"
"=""6155""","鈞寶","13.4500","51.2300","64.6800","母公司","無，無統計相關數據","",""
"=""6164""","華興","無，無統計相關數據","無，無統計相關數據","無，無統計相關數據","","無，無統計相關數據","",""
"=""6165""","浪凡","無，無統計相關數據","無，無統計相關數據","無，無統計相關數據","","無，無統計相關數據","",""
"=""6166""","凌華","2.2300","1.9618","4.1918","2021/1/1-2021/12/31","0.0000","產品",""
"=""6168""","宏齊","4.2620","92.8470","97.1090","母公司","0.0000","營業額","ISO 14001"
"=""6176""","瑞儀","90.0000","6552.0000","6642.0000","台灣與中國大陸製造廠區","0.0007","產品塑膠粒投料量(公斤)",""
"=""6177""","達麗","無，無統計相關數據","無，無統計相關數據","無，無統計相關數據","","無，無統計相關數據","",""
"=""6183""","關貿","0.0000","1.9060","1.9060","總公司","0.0009","總重量(噸)/營業額(百萬)",""
"=""6184""","大豐電","無，無統計相關數據","無，無統計相關數據","無，無統計相關數據","","無，無統計相關數據","",""
"=""6189""","豐藝","0.0000","4.9800","4.9800","母公司及子公司勁豐","無，無統計相關數據","",""
"=""6191""","精成科","49432.9000","18740.6000","68173.5000","包含合併財務報表之母子公司","2.4681","百萬營業額",""
"=""6192""","巨路","無，無統計相關數據","無，無統計相關數據","無，無統計相關數據","","無，無統計相關數據","",""
"=""6196""","帆宣","0.0000","0.0000","370.6100","母公司廠區","370.6100","產品",""
"=""6197""","佳必琪","無，無統計相關數據","無，無統計相關數據","無，無統計相關數據","","無，無統計相關數據","",""
"=""6201""","亞弘電","0.0000","0.0000","30.4800","母公司","無，無統計相關數據","",""
"=""6202""","盛群","0.0000","0.0000","11.9457","本公司台灣總部","0.0018","百萬營業額","ISO 14001"
"=""6205""","詮欣","無，本公司主要係生產組裝連接器及連接線，其組裝製程中並不會產生重大污染環境之有害物質與廢水、廢氣","無，本公司主要係生產組裝連接器及連接線，其組裝製程中並不會產生重大污染環境之有害物質與廢水、廢氣","無，本公司主要係生產組裝連接器及連接線，其組裝製程中並不會產生重大污染環境之有害物質與廢水、廢氣","","無，本公司主要係生產組裝連接器及連接線，其組裝製程中並不會產生重大污染環境之有害物質與廢水、廢氣","","ISO 14001"
"=""6206""","飛捷","0.0000","37.5800","37.5800","飛捷母公司","0.0002","產品",""
"=""6209""","今國光","46.7700","138.3300","185.1000","110年今國光學工業股份有限公司(母公司)","0.1344","百萬營業","ISO 14001"
"=""6213""","聯茂","443.3300","397.7400","841.0700","母公司","無，3680佰萬營業額","","ISO 14001"
"=""6214""","精誠","0.0000","0.0000","66.9000","僅母公司","0.0600","員工人數",""
"=""6215""","和椿","0.0000","7.7500","7.7500","母公司","0.0054","百萬營業額",""
"=""6216""","居易","0.0000","15.0000","15.0000","一般事業廢棄物","無，無統計相關數據","",""
"=""6224""","聚鼎","34838.0000","55410.0000","90248.0000","母公司","無，無統計相關數據","",""
"=""6225""","天瀚","無，主要為可回收的辦公室消耗品及廢紙","無，主要為可回收的辦公室消耗品及廢紙","無，主要為可回收的辦公室消耗品及廢紙","","無，無統計相關數據","",""
"=""6226""","光鼎","無，無統計相關數據","無，無統計相關數據","無，無統計相關數據","","無，無統計相關數據","",""
"=""6230""","尼得科超眾","0.0000","39.8000","39.8000","中興廠","0.0040","營業額","ISO 14001"
"=""6235""","華孚","無，無統計相關數據","無，無統計相關數據","無，無統計相關數據","","無，無統計相關數據","",""
"=""6239""","力成","2384.4600","5771.8000","8156.2600","僅母公司台灣地區","0.1600","營業額(百萬)以台灣地區計算","ISO 14001"
"=""6243""","迅杰","0.0000","0.0000","0.0000","母公司","0.0000","百萬營業額",""
"=""6257""","矽格","53.0400","270.2600","323.3000","所有廠區及子公司","無，無統計相關數據","",""
"=""6269""","台郡","1783.0000","1151.0000","2934.0000","僅母公司","0.0029","產品","ISO 14001"
"=""6271""","同欣電","0.0000","0.0000","1847.0000","母公司","0.1828","百萬產值",""
"=""6277""","宏正","0.0000","43.3055","43.3055","範疇一+範疇二","無，無統計相關數據","",""
"=""6278""","台表科","48.5100","43.7800","92.2900","母公司","0.0014","百萬營業額",""
"=""6281""","全國電","無，無統計相關數據","無，無統計相關數據","無，無統計相關數據","","無，無統計相關數據","",""
"=""6282""","康舒","156.2500","5593.1700","5749.4200","2021年康舒科技股份有限公司永續報告書","262459.0000","新臺幣每億元營業收入","ISO 14001、UL 2799"
"=""6283""","淳安","無，無統計相關數據","無，無統計相關數據","無，無統計相關數據","","無，無統計相關數據","",""
"=""6285""","啟碁","350.0000","4233.0000","4583.0000","總部、力行廠、南科廠、啟佳、啟新、啟基永昌（昆山）、越南廠","0.0700","新臺幣百萬元營收","AA1000 保證標準v3"
"=""6288""","聯嘉","30.4750","81.4510","111.9260","組織邊界  台灣總公司(聯嘉光電股份有限公司) 地址：350苗栗縣竹南鎮科東一路2號  外倉 地址：350苗栗縣竹南鎮和興路364號","111.9260","營業額",""
"=""6405""","悅城","4473.1000","343.5050","4816.6050","110年","無，詳年報說明","",""
"=""6409""","旭隼","2.4000","624.0000","626.4000","1.旭隼科技在營運過程中所處理的全部固體廢物 2.2021年產生的總廢棄物5,518公噸;使用/回收/出售的廢棄物總量4,966公噸;處置的廢物總量624公噸","無，請詳閱本公司ESG報告","","ISO 9001 .ISO 4001 .ISO45001 ; 採用ISAE3000及ISAE3410進行確信"
"=""6412""","群電","56.3300","3563.2500","3619.5800","群電東莞廠、群電蘇州廠、群電重慶廠、群電泰國廠","無，無統計相關數據","","ISO 14001"
"=""6414""","樺漢","0.0000","0.0000","233.0000","僅母公司 僅母公司 僅母公司","無，無統計相關數據","",""
"=""6415""","矽力*-KY","0.0000","471.0000","471.0000","母公司包含杭州子公司(重要子公司)","2.1900","營業額",""
"=""6416""","瑞祺電通","0.3800","1.0000","1.3800","母公司","0.0004","營業額",""
"=""6426""","統新","0.0000","0.0000","23.0755","母公司","無，無統計相關數據","",""
"=""6431""","光麗-KY","無，無統計相關數據","無，無統計相關數據","無，無統計相關數據","","無，無統計相關數據","",""
"=""6438""","迅得","0.0000","59.7820","59.7820","僅母公司","0.0000","營業額",""
"=""6442""","光聖","0.0000","44.6610","44.6610","僅母公司","0.0800","工時",""
"=""6443""","元晶","0.0000","0.0000","2452.1700","110年新竹廠廢棄物統計","4.8700","MW","ISO 14001"
"=""6446""","藥華藥","4.5070","17.1160","21.6230","台灣總部及台灣子公司","0.3400","產品",""
"=""6449""","鈺邦","無，無統計相關數據","無，無統計相關數據","無，無統計相關數據","","無，無統計相關數據","",""
"=""6451""","訊芯-KY","43.4700","24.3000","67.7700","2021.1~2021.12訊芯電子科技(中山)有限公司及訊芸電子科技(中山)有限公司之廣東省中山市廠區(廣東省固體廢物環境監管信息平臺)","5.4000","萬元產值，2021.1~2021.12訊芯電子科技(中山)有限公司及訊芸電子科技(中山)有限公司之廣東省中山市廠區",""
"=""6456""","GIS-KY","802.9800","19231.2600","20034.2400","所有廠區及子公司，不包含於2021年初期營運之業泓台灣公司","無，無統計相關數據","","ISO 14001"
"=""6464""","台數科","0.0000","4.3100","4.3100","僅母公司","無，無統計相關數據","",""
"=""6472""","保瑞","9.7400","47.5600","57.3000","竹南廠及台南廠","0.0117","營業額",""
"=""6477""","安集","0.6800","176.4870","177.1670","20210101-20211231","0.7100","噸／員工人數",""
"=""6491""","晶碩","28.0470","2717.6130","2745.6600","晶碩大溪廠及龜山廠","0.0000","每百萬單位產品3.70公噸",""
"=""6504""","南六","0.0000","186.4700","186.4700","110/1/1-110/12/31","4.0000","原物料","ISO 14001"
"=""6505""","台塑化","423.0000","1216709.0000","1217132.0000","母公司","1.9600","百萬營業額",""
"=""6515""","穎崴","4.7000","709.2000","713.9000","母公司","無，無統計相關數據","","ISO 14001"
"=""6525""","捷敏-KY","278.0000","213025.0000","213303.0000","包含合併財務報表之子公司","0.0387","產品",""
"=""6531""","愛普*","無，無統計相關數據","無，無統計相關數據","無，無統計相關數據","","無，無統計相關數據","",""
"=""6533""","晶心科","0.0000","0.0000","0.0000","包含合併財務報表之母子公司","無，無統計相關數據","",""
"=""6541""","泰福-KY","無，無統計相關數據","無，無統計相關數據","無，無統計相關數據","","無，無統計相關數據","",""
"=""6550""","北極星藥業-KY","無，無統計相關數據","無，無統計相關數據","無，無統計相關數據","","無，無統計相關數據","",""
"=""6552""","易華電","1796.0748","149.5200","1945.5948","易華公司","0.0000","產品",""
"=""6558""","興能高","無，無統計相關數據","無，無統計相關數據","無，無統計相關數據","","無，無統計相關數據","",""
"=""6573""","虹揚-KY","無，尚在蒐集中","無，尚在蒐集中","無，尚在蒐集中","","無，尚在蒐集中","",""
"=""6579""","研揚","3.4330","10.7570","14.1900","僅母公司","14.1900","營業額",""
"=""6581""","鋼聯","1900.0000","116397.0000","118297.0000","僅母公司。","0.8308","服務","ISO 14001"
"=""6582""","申豐","5.0900","1135.2100","1140.3000","母公司","0.0085","產品","ISO9001及ISO14001"
"=""6585""","鼎基","0.0000","268.0000","268.0000","母公司","268.0000","營業額","ISO 14001"
"=""6591""","動力-KY","無，無統計相關數據","無，無統計相關數據","無，無統計相關數據","","無，無統計相關數據","",""
"=""6592""","和潤企業","無，詳年報說明","無，詳年報說明","無，詳年報說明","","無，詳年報說明","",""
"=""6598""","ABC-KY","無，無統計相關數據","無，無統計相關數據","無，無統計相關數據","","無，無統計相關數據","",""
"=""6605""","帝寶","0.0000","122.0000","122.0000","僅母公司","無，無統計相關數據","",""
"=""6625""","必應","無，無統計相關數據","無，無統計相關數據","無，無統計相關數據","","無，無統計相關數據","",""
"=""6641""","基士德-KY","無，無統計相關數據","無，無統計相關數據","無，無統計相關數據","","無，無統計相關數據","",""
"=""6655""","科定","無，無統計相關數據","無，無統計相關數據","無，無統計相關數據","","無，無統計相關數據","",""
"=""6666""","羅麗芬-KY","0.0000","47.0000","47.0000","子公司嘉文麗（福建）化妝品有限公司","0.0410","產品",""
"=""6668""","中揚光","127.5300","91.8800","219.4100","清運紀錄","0.2400","營業額",""
"=""6669""","緯穎","160.1140","319.3990","479.5130","母公司","無，計算密集度的衡量因子多元且無一致性","","ISO 14001"
"=""6670""","復盛應用","104.5700","8133.6800","8238.2500","桃園廠","0.0010","產品","ISO 14001"
"=""6671""","三能-KY","無，無統計相關數據","無，無統計相關數據","無，無統計相關數據","","無，無統計相關數據","",""
"=""6672""","騰輝電子-KY","0.0000","0.0000","1926.3800","合併財務報表之子公司生產型廠區","0.0003","千元營業額",""
"=""6674""","鋐寶科技","無，無統計相關數據","無，無統計相關數據","無，無統計相關數據","","無，無統計相關數據","",""
"=""6691""","洋基工程","無，無統計相關數據","無，無統計相關數據","無，無統計相關數據","","無，無統計相關數據","",""
"=""6698""","旭暉應材","0.0000","4.5300","4.5300","僅母公司","無，無統計相關數據","",""
"=""6706""","惠特","0.0000","129.7690","129.7690","僅母公司","0.0000","營業額",""
"=""6715""","嘉基","無，無統計相關數據","無，無統計相關數據","無，無統計相關數據","","無，無統計相關數據","","ISO 14001"
"=""6719""","力智","無，無統計相關數據","無，無統計相關數據","無，無統計相關數據","","無，無統計相關數據","",""
"=""6743""","安普新","無，無統計相關數據","無，無統計相關數據","無，無統計相關數據","","無，無統計相關數據","",""
"=""6754""","匯僑設計","無，無統計相關數據","無，無統計相關數據","無，無統計相關數據","","無，無統計相關數據","",""
"=""6756""","威鋒電子","0.0000","0.0000","0.0500","母公司","無，無統計相關數據","",""
"=""6768""","志強-KY","無，本公司之廢棄物屬生活廢棄物。","無，本公司之廢棄物屬生活廢棄物。","無，本公司之廢棄物屬生活廢棄物。","","無，無，本公司之廢棄物屬生活廢棄物。","",""
"=""6770""","力積電","6454.3608","11333.5513","17787.9121","力積電各廠區110年產出加總","0.0135","產品",""
"=""6776""","展碁國際","0.0000","0.0000","10.1400","包含合併財務報表之母子公司","0.0000","百萬營業額",""
"=""6781""","AES-KY","0.0000","0.0000","36.9000","嘉普+兆普","0.0800","噸/人數",""
"=""6789""","采鈺","1273.0000","781.0000","2054.0000","采鈺新竹廠及中壢廠","0.1381","公斤／8吋晶圓當量－層",""
"=""6790""","永豐實","0.0000","3482.0000","3482.0000","臺灣紙品工廠：楊梅廠、清水廠","無，無統計相關數據","",""
"=""6792""","詠業","116.1200","91.6300","207.7500","母公司","無，目前每月清運費用均在營業額1%以下","",""
"=""6796""","晉弘","0.0000","0.0000","0.0000","110年度","無，無統計相關數據","",""
"=""6799""","來頡","無，本公司無工廠,無工廠廢棄物","無，本公司無工廠,無工廠廢棄物","無，本公司無工廠,無工廠廢棄物","","無，本公司無工廠,無工廠廢棄物","",""
"=""6806""","森崴能源","0.0000","8.3180","8.3180","僅母公司","0.0790","平均每人產生",""
"=""6807""","峰源-KY","無，無統計相關數據","無，無統計相關數據","無，無統計相關數據","","無，無統計相關數據","",""
"=""6838""","台新藥","","","","","","","N/A"
"=""6862""","三集瑞-KY","","","","","","","N/A"
"=""6919""","康霈*","","","","","","","N/A"
"=""6923""","中台","","","","","","","N/A"
"=""6958""","日盛台駿","","","","","","","N/A"
"=""6962""","ITH-KY","","","","","","","N/A"
"=""6969""","成信實業*-創","","","","","","","N/A"
"=""6988""","威力暘-創","","","","","","","N/A"
"=""7705""","三商餐飲","","","","","","","N/A"
"=""8011""","台通","無，無統計相關數據","無，無統計相關數據","無，無統計相關數據","","無，無統計相關數據","",""
"=""8016""","矽創","無，無統計相關數據","無，無統計相關數據","無，無統計相關數據","","無，無統計相關數據","",""
"=""8021""","尖點","0.0000","88.0000","88.0000","僅母公司","無，無統計相關數據","",""
"=""8028""","昇陽半導體","113.9400","1274.8000","1388.7400","僅母公司","0.0035","產品","ISO 14001"
"=""8033""","雷虎","0.0000","0.0000","7.2000","110年1月-110年12月","0.0001","營業額以仟元計算",""
"=""8039""","台虹","278.5350","1412.5960","1691.1310","母公司","0.0471","產品",""
"=""8046""","南電","5135.0000","17342.0000","22477.0000","母公司","30.0000","噸/百萬營業額",""
"=""8070""","長華*","13247.0000","5408.0000","18655.0000","包含合併財務報表之母子公司","0.0009","營業額",""
"=""8072""","陞泰","無，無統計相關數據","無，無統計相關數據","無，無統計相關數據","","無，無統計相關數據","",""
"=""8081""","致新","0.0700","10.4050","10.4750","母公司","0.0013","營業額",""
"=""8101""","華冠","無，無統計相關數據","無，無統計相關數據","無，無統計相關數據","","無，無統計相關數據","",""
"=""8103""","瀚荃","0.0000","5.1320","5.1320","母公司","無，無統計相關數據","","ISO 14001"
"=""8104""","錸寶","68.2600","45.8800","114.1400","母公司-錸寶","0.0700","營業額","ISO 14001"
"=""8105""","凌巨","1888.1390","3473.2500","5361.3890","母公司及子公司KGO","無，無統計相關數據","","ISO 14001"
"=""8110""","華東","0.0000","737.3100","737.3100","僅母公司","0.0000","產品",""
"=""8112""","至上","無，本公司為代理通路商故無製造廢棄物產量。 產生之廢棄物全為生活廢棄物，由大樓管委會於樓梯間設置 大型垃圾桶統一處理，大樓同時有其他企業承租戶，因此無 法細分垃圾總重量。","無，本公司為代理通路商故無製造廢棄物產量。 產生之廢棄物全為生活廢棄物，由大樓管委會於樓梯間設置 大型垃圾桶統一處理，大樓同時有其他企業承租戶，因此無 法細分垃圾總重量。","無，本公司為代理通路商故無製造廢棄物產量。 產生之廢棄物全為生活廢棄物，由大樓管委會於樓梯間設置 大型垃圾桶統一處理，大樓同時有其他企業承租戶，因此無 法細分垃圾總重量。","","無，本公司為代理通路商故無製造廢棄物產量。 產生之廢棄物全為生活廢棄物，由大樓管委會於樓梯間設置 大型垃圾桶統一處理，大樓同時有其他企業承租戶，因此無 法細分垃圾總重量。","",""
"=""8114""","振樺電","0.0000","0.2300","0.2300","110年1月~12月","0.0100","每億營業額","ISO 14001"
"=""8131""","福懋科","76.3841","394.3800","470.7641","母公司","0.0002","產品",""
"=""8150""","南茂","0.0000","0.0000","3379.0000","母公司(台灣六個廠區)","0.1200","百萬營業額","ISO 14001"
"=""8163""","達方","681.3700","526.0000","1207.3700","台灣廠區+中國廠區","0.0606","百萬營業額",""
"=""8201""","無敵","0.3000","10.0000","10.3000","母公司","0.0130","營業額",""
"=""8210""","勤誠","11.7500","2197.7200","2209.4700","子公司工廠","0.0002","營業額","ISO 14001"
"=""8213""","志超","2178.4800","378.2000","2556.6800","僅母公司","無，無統計相關數據","",""
"=""8215""","明基材","994.8100","13612.7700","14607.5800","桃園廠區、雲林廠區及大陸廠區","0.2200","噸數/百萬營業額",""
"=""8222""","寶一","8.6260","41.2100","49.8360","目前無相關資料","無，無統計相關數據","",""
"=""8249""","菱光","無，無統計相關數據","無，無統計相關數據","無，無統計相關數據","","無，無統計相關數據","",""
"=""8261""","富鼎","0.0000","1.3200","1.3200","僅母公司","0.0100","服務","ISO 14001"
"=""8271""","宇瞻","6.1995","28.2746","34.4741","僅母公司","0.0000","營業額","ISO 14001"
"=""8341""","日友","0.0000","0.0000","6438.0000","母公司(雲林廠及彰濱廠)","0.1099","焚化量","ISO 14001"
"=""8367""","建新國際","0.0000","0.0000","25.2000","僅母公司","0.0158","百萬營業額",""
"=""8374""","羅昇","無，無統計相關數據","無，無統計相關數據","無，無統計相關數據","","無，無統計相關數據","",""
"=""8404""","百和興業-KY","115.5300","5067.3900","5182.9200","江蘇百宏複合材料科技股份有限公司(原公司名稱:無錫百和織造股份有限公司)、東莞百宏實業有限公司、越南百宏責任有限公司","無，無統計相關數據","",""
"=""8411""","福貞-KY","無，僅統計追蹤有害廢棄物，非有害廢棄物無統計相關數據","無，僅統計追蹤有害廢棄物，非有害廢棄物無統計相關數據","無，僅統計追蹤有害廢棄物，非有害廢棄物無統計相關數據","","無，無統計相關數據","",""
"=""8422""","可寧衛","2.8900","37322.8600","37325.7500","可寧衛、吉衛、大寧(股)公司","12.3500","百萬營收",""
"=""8429""","金麗-KY","無，無統計相關數據","無，無統計相關數據","無，無統計相關數據","","無，無統計相關數據","",""
"=""8438""","昶昕","119.3300","322.6000","441.9300","大園廠、大園一廠、海湖廠、含銅廢液處理廠、蘆竹廠","無，無統計相關數據","",""
"=""8442""","威宏-KY","無，無統計相關數據","無，無統計相關數據","無，無統計相關數據","","無，無統計相關數據","",""
"=""8443""","阿瘦","無，不適用","無，不適用","無，不適用","","無，不適用","",""
"=""8454""","富邦媒","0.0000","445.2000","445.2000","2021年揭露範圍：北區物流中心、4個主倉(蘆竹、林口、蘆四、南工)","14.3900","人均廢棄物產出量：momo辦公室廢棄物總量(單位：公斤)/momo辦公室總人數","ISO 14001"
"=""8462""","柏文","無，無統計相關數據","無，無統計相關數據","無，無統計相關數據","","無，無統計相關數據","",""
"=""8463""","潤泰材","0.0000","120.0000","120.0000","宜蘭冬山廠","無，無統計相關數據","",""
"=""8464""","億豐","無，待2021年ESG資料盤整完畢","無，待2021年ESG資料盤整完畢","無，待2021年ESG資料盤整完畢","","無，待2021年ESG資料盤整完畢","",""
"=""8466""","美吉吉-KY","無，無統計相關數據","無，無統計相關數據","無，無統計相關數據","","無，無統計相關數據","",""
"=""8467""","波力-KY","83.1100","98.2500","181.3600","2021年","無，無統計相關數據","",""
"=""8473""","山林水","無，無統計相關數據","無，無統計相關數據","無，無統計相關數據","","無，無統計相關數據","",""
"=""8476""","台境*","無，無統計相關數據","無，無統計相關數據","無，無統計相關數據","","無，無統計相關數據","",""
"=""8478""","東哥遊艇","無，無統計相關數據","無，無統計相關數據","無，無統計相關數據","","無，無統計相關數據","",""
"=""8481""","政伸","0.0000","25.2250","25.2250","僅母公司","0.0271","百萬營業額",""
"=""8482""","商億-KY","31.3100","285.0400","316.3500","2021年全年","無，無統計相關數據","","ISO 9001"
"=""8488""","吉源-KY","無，無統計相關數據","無，無統計相關數據","無，無統計相關數據","","無，無統計相關數據","",""
"=""8499""","鼎炫-KY","無，無統計相關數據","無，無統計相關數據","無，無統計相關數據","","無，無統計相關數據","",""
"=""8926""","台汽電","0.0000","0.0000","26530.8800","台灣汽電共生股份有限公司 官田汽電共生廠","無，尚未進行估算","",""
"=""8940""","新天地","無，無統計相關數據","無，無統計相關數據","無，無統計相關數據","","無，無統計相關數據","",""
"=""8996""","高力","0.0000","640.8160","640.8160","母公司","0.2900","百萬營業額",""
"=""9103""","美德醫療-DR","","","","","","","N/A"
"=""910322""","康師傅-DR","","","","","","","N/A"
"=""9105""","泰金寶-DR","","","","","","","N/A"
"=""910861""","神州-DR","","","","","","","N/A"
"=""9110""","越南控-DR","","","","","","","N/A"
"=""911608""","明輝-DR","","","","","","","N/A"
"=""911622""","泰聚亨-DR","","","","","","","N/A"
"=""911868""","同方友友-DR","","","","","","","N/A"
"=""912000""","晨訊科-DR","","","","","","","N/A"
"=""9136""","巨騰-DR","","","","","","","N/A"
"=""9802""","鈺齊-KY","58.5380","784.7470","843.2850","合併財務報表之母子公司","無，無統計相關數據","",""
"=""9902""","台火","無，無統計相關數據","無，無統計相關數據","無，無統計相關數據","","無，無統計相關數據","",""
"=""9904""","寶成","5564.2000","58873.0000","64437.2000","本公司製鞋廠區","無，無統計相關數據","",""
"=""9905""","大華","19.1600","175.0900","194.2500","母公司","0.0719","百萬營業額",""
"=""9906""","欣巴巴","無，無統計相關數據","無，無統計相關數據","無，無統計相關數據","","無，無統計相關數據","",""
"=""9907""","統一實","354.4100","4235.2000","4589.6100","廢棄物量為台灣總公司所產生之廢棄物","0.0050","產品",""
"=""9908""","大台北","0.0000","0.0000","42.5940","母公司三棟大樓","0.0013","營業額每10萬元",""
"=""9910""","豐泰","3919.0000","32098.0000","36017.0000","包含合併財務報表之母子公司","0.0183","每仟元美金產值",""
"=""9911""","櫻花","無，無統計相關數據","無，無統計相關數據","無，無統計相關數據","","無，無統計相關數據","","ISO 14001"
"=""9912""","偉聯","無，無統計相關數據","無，無統計相關數據","無，無統計相關數據","","無，無統計相關數據","",""
"=""9914""","美利達","0.0000","2109.0000","2109.0000","僅母公司","0.0900","營業額單位為佰萬元","依據行政院環境保護署及有關機關之標準方法進行採樣、檢測。"
"=""9917""","中保科","0.0000","0.0000","28.8670","母公司","4.0205","計算標準:排放量/每百萬元營收",""
"=""9918""","欣天然","0.0000","0.0000","5.2000","欣欣大樓","5.2000","營業額",""
"=""9919""","康那香","0.0000","1301.0000","1301.0000","僅個體公司所有製造廠區(不含分公司)","0.2000","產量(噸)",""
"=""9921""","巨大","0.0000","3585.0000","3585.0000","僅母公司日南廠","0.0042","單台",""
"=""9924""","福興","12.4700","70.0900","82.5600","僅母公司","82.5600","百萬營業額","ISO 14001"
"=""9925""","新保","0.0000","136.5000","136.5000","母公司","無，無統計相關數據","",""
"=""9926""","新海","無，無統計相關數據","無，無統計相關數據","無，無統計相關數據","","無，無統計相關數據","",""
"=""9927""","泰銘","0.0000","0.0000","565.7500","全廠","0.0188","產品",""
"=""9928""","中視","無，無統計相關數據","無，無統計相關數據","無，無統計相關數據","","無，無統計相關數據","",""
"=""9929""","秋雨","0.0000","1.8000","1.8000","僅母公司","無，無統計相關數據","",""
"=""9930""","中聯資源","0.8300","33896.7600","33897.5900","僅母公司","3.4287","公噸/百萬營業額(其中99.54%為廠內回收再利用)","ISO 14001"
"=""9931""","欣高","無，無統計相關數據","無，無統計相關數據","無，無統計相關數據","","無，無統計相關數據","",""
"=""9933""","中鼎","0.0000","1776.4910","1776.4910","中鼎總部大樓加上全球工地的一般廢棄物量","77.0067","百萬工時",""
"=""9934""","成霖","0.0000","3.6000","3.6000","母公司","無，無統計相關數據","",""
"=""9935""","慶豐富","0.0000","563.0000","563.0000","僅母公司","0.0001","營業額",""
"=""9937""","全國","0.0000","0.0000","929.3400","涵蓋本公司所有營運據點及同為經營加油站之子公司埔祥開發(股)公司及上員(股)公司","0.0010","單位銷售產出量 KG/L",""
"=""9938""","百和","0.0000","1345.5400","1345.5400","台灣百和工業股份有限公司","0.1700","產品",""
"=""9939""","宏全","72.8900","11705.7100","11778.6000","僅母公司","無，因產業特性不同，分為包材及飲料品項: 1.包材技術群:0.559(噸/百萬營收) 2.飲料技術群:0.0248(噸/成品(千公升))","","ISO 14001"
"=""9940""","信義","0.0000","0.0000","381.6590","信義房屋股份有限公司","0.0700","員工人數","ISO 14001"
"=""9941""","裕融","0.0000","0.0000","72.7200","母公司+子公司新鑫、裕富數位","0.0587","人",""
"=""9942""","茂順","無，無統計相關數據","無，無統計相關數據","無，無統計相關數據","","無，無統計相關數據","",""
"=""9943""","好樂迪","0.0000","1457.9500","1457.9500","廚餘廢油焚化","0.8668","廢棄物量密集度(1457.95)/其他-營收百萬元(1681.905)",""
"=""9944""","新麗","0.0000","51.9100","51.9100","新麗企業八德廠","0.0564","產品",""
"=""9945""","潤泰新","0.0000","120.0000","120.0000","冬山廠(子公司)","無，無統計相關數據","",""
"=""9946""","三發地產","無，無統計相關數據","無，無統計相關數據","無，無統計相關數據","","無，無統計相關數據","",""
"=""9955""","佳龍","0.0000","0.0000","13.8300","包含合併財務報表之母子公司","無，無統計相關數據","",""
"=""9958""","世紀鋼","0.0000","112.4900","112.4900","桃園市觀音區中山路一段1119號","無，無統計相關數據","","ISO 14001"