"報告年度:2022","議題:水資源管理"
"公司代號","公司名稱","用水量(公噸)-用水量(公噸)","資料範圍-資料範圍","用水密集度-密集度(公噸/單位)","用水密集度-單位","取得驗證-取得驗證"
"=""1101""","台泥","2861600.0000","台泥台灣個體公司 (涵蓋企業團營運總部、研究室、2座水泥廠、24座製品廠)","0.5500","產品","ISO 14001"
"=""1102""","亞泥","2329000.0000","亞洲水泥個體公司","0.6690","產品",""
"=""1103""","嘉泥","192562.0000","包含合併財務報表之母子公司","0.0850","百萬元營業額",""
"=""1104""","環泥","297227.2200","母公司","0.0660","公噸/新台幣千元產值",""
"=""1108""","幸福","955525.0000","幸福水泥(股)公司東澳廠","1.6115","產品",""
"=""1109""","信大","251619.0000","僅母公司宜蘭南聖湖廠","無，無統計相關數據","",""
"=""1110""","東泥","13060.0000","僅母公司","0.0219","總生產量(噸)",""
"=""1201""","味全","1831919.0000","1.母公司(含總公司、中央研究所、營業所、台中廠、斗六廠、高雄廠) 2.台中廠 斗六廠為地下水1,245,434公噸佔68%，總公司、中央研究所、營業所、   高雄廠為自來水586,485公噸佔32%。","226.2800","百萬元營業額",""
"=""1203""","味王","0.3120","僅母公司","0.1370","百萬元營業額",""
"=""1210""","大成","無，無統計相關數據","","無，無統計相關數據","",""
"=""1213""","大飲","9000.0000","地下水與自來水","37.5000","每日","ISO 14001"
"=""1215""","卜蜂","1109384.0000","南投肉食品加工廠、台中飼料廠、高雄飼料廠、雲林飼料廠","無，無統計相關數據","",""
"=""1216""","統一","4262517.0000","僅母公司","920.0000","營業收入千萬元",""
"=""1217""","愛之味","418537.0000","母公司自來水用量","57.3400","產品",""
"=""1218""","泰山","724060.0000","泰山企業所屬田中油脂廠、田中食品廠、水產飼料廠、田中行政大樓、台北長安大樓辦公室。","72.2979","百萬元營業額",""
"=""1219""","福壽","449458.0000","母公司、子公司","0.0264","千元營業額。","ISO 14001"
"=""1220""","台榮","786000.0000","本公司雲林廠","6.9780","產品",""
"=""1225""","福懋油","47643.6000","母公司","無，無統計相關數據","",""
"=""1227""","佳格","662540.0000","佳格大園廠、中壢廠及佳乳湖口廠","0.4200","公噸/萬元營業額",""
"=""1229""","聯華","53512.0000","母公司-聯華實業投資控股(股)公司以及 子公司-聯華製粉食品(股)公司、聯華置產(股)公司","7.2500","百萬元營業額",""
"=""1231""","聯華食","621920.0000","臺灣地區各工廠之所有營運相關之活動","0.0577","百萬元營業額",""
"=""1232""","大統益","353390.0000","僅母公司","17.4800","百萬元營業額",""
"=""1233""","天仁","84018.0000","本公司天仁茶業股份有限公司直營單位","46.0150","百萬元營業額",""
"=""1234""","黑松","771000.0000","中壢廠、斗六廠","4.1500","產品",""
"=""1235""","興泰","3984.0000","依111年台灣自來水公司使用度數資訊","0.0632","千元營業額",""
"=""1236""","宏亞","70353.0000","母子公司","33.0000","百萬元營業額",""
"=""1256""","鮮活果汁-KY","317572.0000","子公司：蘇州鮮活飲品股份有限公司、鮮活果汁工業（天津）有限公司、廣東鮮活果汁生物科技有限公司","77.4300","千元營業額","ISO 14001"
"=""1301""","台塑","21995920.0000","母公司","112.7494","百萬元營業額","ISO 14001"
"=""1303""","南亞","15269551.0000","母公司","0.0900","111年個體營業額(千元)。","ISO 14001"
"=""1304""","台聚","925439.0000","台聚高雄廠","4.4600","產品",""
"=""1305""","華夏","2886400.0000","華夏頭份廠、台氯林園廠、華聚林園廠","2.7700","產品",""
"=""1307""","三芳","171700.0000","母公司","223.0500","百萬元營業額",""
"=""1308""","亞聚","494813.0000","亞聚林園廠","3.8000","產品",""
"=""1309""","台達化","935065.0000","前鎮廠、林園廠、頭份廠、中山廠","1.0240","產品",""
"=""1310""","台苯","1270619.0000","111年高雄廠原水用量","3.6300","產品",""
"=""1312""","國喬","1894152.0000","僅母公司","104.2100","百萬元營業額",""
"=""1313""","聯成","234890.0000","母公司林園廠","1.9400","產品",""
"=""1314""","中石化","5936000.0000","母公司","2371744.0000","百萬元營業額",""
"=""1315""","達新","8294.0000","母公司","無，無統計相關數據","",""
"=""1316""","上曜","3.8680","包含本公司及營造業子公司上裕營造和永輝室內裝修辦公室工務所及建案餘屋","無，無統計相關數據","",""
"=""1319""","東陽","777805.0000","母公司","49.5200","百萬元營業額",""
"=""1321""","大洋","97.1200","母公司","0.6595","產品",""
"=""1323""","永裕","138916.0000","永裕塑膠:72,770噸 上海永裕:62,546噸 威瑪精密:3,600噸","0.0400","永裕塑膠72,770(噸)/1,816,611千元營業額=0.04",""
"=""1324""","地球","34088.9800","母公司(幼一二廠)","34.6785","百萬元營業額",""
"=""1325""","恆大","無，無統計相關數據","","無，無統計相關數據","",""
"=""1326""","台化","28188305.0000","111年母公司、台化出光及台醋公司之台灣廠區","11140.0000","營業額億元",""
"=""1337""","再生-KY","無，無統計相關數據","","無，無統計相關數據","",""
"=""1338""","廣華-KY","518590.0000","僅重要子公司東莞廣澤汽車飾件有限公司","3.3470","建築面積",""
"=""1339""","昭輝","92162.0000","母公司","無，無統計相關數據","",""
"=""1340""","勝悅-KY","無，無統計相關數據","","無，無統計相關數據","",""
"=""1341""","富林-KY","140374.0000","越南子公司","10.4883","產品","ISO 14001"
"=""1342""","八貫","無，無統計相關數據","","無，無統計相關數據","",""
"=""1402""","遠東新","20915000.0000","生產事業21個生產據點","3.0000","產品",""
"=""1409""","新纖","1907000.0000","中壢廠及觀音廠用水統計表","1.8104","產品",""
"=""1410""","南染","無，無統計相關數據","","無，無統計相關數據","",""
"=""1413""","宏洲","350900000.0000","宏洲纖維工業股份有限公司桃園工廠","111570.0000","百萬元營業額",""
"=""1414""","東和","41832.0000","本公司","184.0000","員工數",""
"=""1416""","廣豐","無，無統計相關數據","","無，無統計相關數據","",""
"=""1417""","嘉裕","無，無統計相關數據","","無，無統計相關數據","",""
"=""1418""","東華","384.0000","111年水權用水紀錄","無，無統計相關數據","",""
"=""1419""","新紡","67484.2000","生產單位","0.0072","產品",""
"=""1423""","利華","1.5460","母公司","0.0000","營業額",""
"=""1432""","大魯閣","無，無統計相關數據","","無，無統計相關數據","",""
"=""1434""","福懋","5888000.0000","台灣廠區","224.8800","百萬元營業額",""
"=""1435""","中福","無，無生產活動","","無，無生產活動","",""
"=""1436""","華友聯","0.1770","僅母公司","無，無統計相關數據","",""
"=""1437""","勤益控","無，公司屬於辦公大樓無實際用水資料","","無，公司屬於辦公大樓無實際用水資料","",""
"=""1438""","三地開發","無，無統計相關數據","","無，無統計相關數據","",""
"=""1439""","雋揚","1003.7699","母公司","無，無統計相關數據","",""
"=""1440""","南紡","813880.0000","母公司生產廠區","72.7497","百萬元營業額",""
"=""1441""","大東","無，無統計相關數據","","無，無統計相關數據","",""
"=""1442""","名軒","207.0000","母公司","無，無統計相關數據","",""
"=""1443""","立益物流","無，無統計相關數據","","無，無統計相關數據","",""
"=""1444""","力麗","506215.0000","母公司各廠區","1.3593","產品",""
"=""1445""","大宇","無，無統計相關數據","","無，無統計相關數據","",""
"=""1446""","宏和","23549.0000","母公司","0.1538","千元營業額",""
"=""1447""","力鵬","4715324.0000","母公司各廠區","35.3000","產品",""
"=""1449""","佳和","1894520.0000","母公司","363.0000","產品",""
"=""1451""","年興","2435899.0000","包含合併財務報表之母子公司","0.2801","千元營業額",""
"=""1452""","宏益","54674.0000","包含合併財務報表之母子公司","2.2890","每公噸產品",""
"=""1453""","大將","無，無統計相關數據","","無，無統計相關數據","",""
"=""1454""","台富","無，無統計相關數據","","無，無統計相關數據","",""
"=""1455""","集盛","545553.0000","母公司之五個製造廠區。","3.1803","產品",""
"=""1456""","怡華","1895.0000","台南官田廠","363.0000","服務",""
"=""1457""","宜進","1115.0000","宜進實業股份有限公司及子公司(光明絲織廠股份有限公司、宏洲纖維工業股份有限公司、億東纖維股份有限公司、欣懋投資股份有限公司、大田國際開發股份有限公司、大宜國際開發股份有限公司)台北公司","1.2240","百萬元營業額",""
"=""1459""","聯發","8254.0000","工廠","0.4215","產品",""
"=""1460""","宏遠","2511532.0000","母公司","182.1400","產品",""
"=""1463""","強盛新","無，無統計相關數據","","無，無統計相關數據","",""
"=""1464""","得力","2964.0000","水權狀+自來水","0.6803","百萬元營業額",""
"=""1465""","偉全","無，NA","","無，NA","",""
"=""1466""","聚隆","231531.0000","母公司","83.1300","百萬元營業額",""
"=""1467""","南緯","4173.0000","母公司","無，無統計相關數據","",""
"=""1468""","昶和","14460.0000","母公司","21.0700","百萬元營業額",""
"=""1470""","大統新創","937715.0000","合併財務報表之母子公司之桃園廠區","172.0000","產量(公噸)",""
"=""1471""","首利","無，無統計相關數據","","無，無統計相關數據","",""
"=""1472""","三洋實業","無，無統計相關數據","","無，無統計相關數據","",""
"=""1473""","台南","285958.0000","包含合併財務報表之母子公司","0.0118","產品",""
"=""1474""","弘裕","957544.0000","母公司","385.3300","百萬元營業額",""
"=""1475""","業旺","無，詳年報說明","","無，詳年報說明","",""
"=""1476""","儒鴻","2423526.0000","包含合併財務報表之母子公司","0.0609","百萬元營業額",""
"=""1477""","聚陽","679295.0000","範圍含聚陽股份有限公司(總公司)、Leader Garments Corp.、Moha Garments Co., Ltd.、Triple Garment(Vietnam) Co., Ltd.、Makalot Garments(Vietnam) Co., Ltd.、Makalot Garments(Cambodia) Co., Ltd.、PT. Glory Industrial Semarang、 PT. Starlight Garment Semarang、Leader Garment(Vietnam) Co., Ltd.、Jiaxing Ruiyang Garment Co., Ltd、Jiaxing Rising Garment Co.,Ltd、Jiaxing Suntex Garment Co.,Ltd","21.1700","百萬元營業額","ISO 14001"
"=""1503""","士電","222100.0000","揭露範疇涵蓋士電台灣營運地區，包含台北總部及四大事業群(重電事業群、電裝品事業群、機器事業群與自動化事業群)但揭露範疇不包含合併報表之子公司及海外據點。","0.0073","百萬元營業額",""
"=""1504""","東元","135107.0000","台灣所有廠區","7.7900","百萬元營業額",""
"=""1506""","正道","13093.0000","僅母公司","14.2000","百萬元營業額","ISO 14001"
"=""1512""","瑞利","21592.0000","母公司","無，無統計相關數據","",""
"=""1513""","中興電","21927.0000","母公司111年度自來水","1.1822","百萬元營業額",""
"=""1514""","亞力","23763.0000","母公司","3.3074","百萬元營業額",""
"=""1515""","力山","6857.0000","僅母公司","1.5100","百萬元營業額",""
"=""1516""","川飛","無，無統計相關數據","","無，無統計相關數據","",""
"=""1517""","利奇","10103.0000","彰化廠及南崗廠之自來水","2.6230","百萬元營業額",""
"=""1519""","華城","37884.0000","僅母公司","5.2214","百萬元營業額",""
"=""1521""","大億","無，無統計相關數據","","無，無統計相關數據","",""
"=""1522""","堤維西","100.0850","水費單","867.9700","億元營收",""
"=""1524""","耿鼎","71188.0000","母公司","0.0385","產品",""
"=""1525""","江申","16408.0000","僅母公司","10.9400","百萬元營業額",""
"=""1526""","日馳","12239.0000","母公司","無，無統計相關數據","",""
"=""1527""","鑽全","22930.0000","全公司","22930.0000","千元營業額",""
"=""1528""","恩德","無，無統計相關數據","","無，無統計相關數據","",""
"=""1529""","樂事綠能","2112.0000","年","無，無統計相關數據","",""
"=""1530""","亞崴","無，無統計相關數據","","無，無統計相關數據","",""
"=""1531""","高林股","無，無統計相關數據","","無，無統計相關數據","",""
"=""1532""","勤美","107817.0000","勤美股份有限公司金屬成型事業處","6.6373","產品",""
"=""1533""","車王電","21109.0000","母子(孫)公司","21109.0000","千元營業額",""
"=""1535""","中宇","18901.0000","包含合併財務報表之母子公司","2.1372","百萬元營業額",""
"=""1536""","和大","157279.0000","僅母公司","21.4300","百萬元營業額",""
"=""1537""","廣隆","374928.0000","包含合併財務報表之母子公司","無，無統計相關數據","",""
"=""1538""","正峰","無，無統計相關數據","","無，無統計相關數據","",""
"=""1539""","巨庭","無，無統計相關數據","","無，無統計相關數據","",""
"=""1540""","喬福","2.2100","11101-11112","無，無統計相關數據","",""
"=""1541""","錩泰","34950.0000","僅母公司","0.0086","百萬元營業額",""
"=""1558""","伸興","297725.0000","合併財務報表之母子公司","0.1179","產品","ISO 14001"
"=""1560""","中砂","1408751.0000","母公司","233.7100","營業額",""
"=""1568""","倉佑","16845.0000","僅母公司","12.4800","百萬營業額",""
"=""1582""","信錦","20281.0000","母公司","無，無統計相關數據","",""
"=""1583""","程泰","46.0700","111/01-111/12","無，無統計相關數據","",""
"=""1587""","吉茂","36958.0000","111年","無，無統計相關數據","",""
"=""1589""","永冠-KY","315200.0000","合併財務報表之母子公司","33.5894","百萬元營業額",""
"=""1590""","亞德客-KY","900710.0000","包含集團全部生產工廠及大陸地區全部銷售公司，已涵蓋集團95%以上之用水量","56.2700","每百萬元產值",""
"=""1597""","直得","35054.0000","母公司","24.7000","百萬元營業額","ISO 14001"
"=""1598""","岱宇","11088.0000","彰化一廠、二廠、五廠及台中辦公室","4.0430","百萬元營業額",""
"=""1603""","華電","無，無統計相關數據","","無，無統計相關數據","",""
"=""1604""","聲寶","無，無統計相關數據","","無，無統計相關數據","",""
"=""1605""","華新","14026956.0000","楊梅廠、新莊廠、鹽水廠、臺中廠。東莞華新、江陰華新、江陰合金、上海華新、煙台華新、常熟華新、華新精密","11.0100","產品",""
"=""1608""","華榮","73642.0000","涵蓋範圍僅限華榮電線電纜股份有限公司高楠工廠廠區","9.2912","百萬元營業額",""
"=""1609""","大亞","280.2030","2022年","10.4752","百萬元營業額",""
"=""1611""","中電","3844.0000","工廠","無，無統計相關數據","",""
"=""1612""","宏泰","67770.0000","僅母公司","10.6199","百萬元營業額","ISO 14001"
"=""1614""","三洋電","59796.0000","母子公司","9.7340","百萬元營業額",""
"=""1615""","大山","258192.0000","111年度","58.2400","百萬元營業額",""
"=""1616""","億泰","17417.0000","母公司","0.0050","千元營業額",""
"=""1617""","榮星","無，無統計相關數據","","無，無統計相關數據","",""
"=""1618""","合機","18882.0000","母公司(不含子公司)","6.5929","百萬元營業額","ISO 14001"
"=""1626""","艾美特-KY","275602.0000","營運地深圳艾美特+九江艾美特","275602.0000","百萬元營業額",""
"=""1702""","南僑","1597294.0000","台灣、中國大陸、泰國地區之製造單位及餐飲事業","0.0803","千元營業額",""
"=""1707""","葡萄王","338110.0000","葡萄王生技、葡眾企業","32.5000","百萬元營業額","ISO 14001"
"=""1708""","東鹼","772170.0000","僅母公司","96.2206","百萬元營業額",""
"=""1709""","和益","105050.0000","僅母公司(工廠)","12.8200","百萬元營業額",""
"=""1710""","東聯","1990891.0000","母公司","155.9000","百萬元營業額",""
"=""1711""","永光","721500.0000","永光化學一~四廠、新竹全通科技、蘇州永光","82.5100","百萬元產值","ISO 14001"
"=""1712""","興農","800127.0000","母公司王田廠區(王田廠、王田二廠、生物工廠)","52.5400","植物保護佰萬元營收",""
"=""1713""","國化","73863.0000","屏南分公司","0.1290","產品",""
"=""1714""","和桐","13705.0000","高雄廠","0.3810","產品",""
"=""1717""","長興","1073670.0000","母公司及包含合併財務報表之國內與國外子公司","0.3690","產品(公噸)","ISO 14001"
"=""1718""","中纖","2156374.0000","111年度總用水量","8.9984","總產品239638.7485公噸",""
"=""1720""","生達","150439.0000","生達一廠+生達二廠","54.2700","百萬元營業額",""
"=""1721""","三晃","209587.0000","母公司","9.1800","產品","ISO 14001"
"=""1722""","台肥","26010700.0000","母公司 台中廠 花蓮廠 苗栗廠","31.5600","產品",""
"=""1723""","中碳","350000.0000","母公司","33.5180","百萬元營業額",""
"=""1725""","元禎","2550.0000","母公司","0.3410","百萬元營業額",""
"=""1726""","永記","64740.0000","20220101~20221231","無，無統計相關數據","","ISO 14001"
"=""1727""","中華化","377913.4517","桃園一廠、桃園二廠、彰化廠","0.0020","百萬元營業額",""
"=""1730""","花仙子","12460.0000","包含合併財務報表之母子公司","4.4740","百萬元營業額",""
"=""1731""","美吾華","48634.2000","台北總公司、台中及高雄服務中心及楊梅工廠及物流中心","無，無統計相關數據","",""
"=""1732""","毛寶","19243.0000","母公司","32.7820","噸CO2e/百萬營收",""
"=""1733""","五鼎","49573.0000","母子公司","0.0221","千元營收",""
"=""1734""","杏輝","188394.0000","母公司","0.0750","仟元營業額",""
"=""1735""","日勝化","39764.0000","母公司","2.1600","產品",""
"=""1736""","喬山","75.1900","母公司","0.0022","個體營業收入（百萬元）",""
"=""1737""","臺鹽","173309.0000","環境會計資料","173309.0000","百萬元營業額",""
"=""1752""","南光","101289.0000","總公司+台北辦公室年度總用水量，含民生用水","5221.0825","用水量101289公噸 / 營業額19.4億 = 5221.0825",""
"=""1760""","寶齡富錦","47848.0000","僅母公司","19.9449","百萬元營業額",""
"=""1762""","中化生","83241.0000","母公司","0.4000","產品",""
"=""1773""","勝一","375042.0000","母公司","1.7447","產品",""
"=""1776""","展宇","2417.0000","母公司(第1廠及第2廠)","3.0829","營業額",""
"=""1783""","和康生","12792.0000","母公司","無，無統計相關數據","",""
"=""1786""","科妍","31585.0000","母公司","無，無統計相關數據","",""
"=""1789""","神隆","151662.0000","僅母公司","49.4100","百萬元營業額",""
"=""1795""","美時","58122.0000","母公司及重要子公司生產基地及研發中心","3.9700","百萬元營業額",""
"=""1802""","台玻","1880000.0000","僅母公司","無，無統計相關數據","","ISO 14001"
"=""1805""","寶徠","無，無統計相關數據","","無，無統計相關數據","",""
"=""1806""","冠軍","163158.0000","自來水","0.0163","產品",""
"=""1808""","潤隆","188.0000","本公司台北辦公室","無，無統計相關數據","",""
"=""1809""","中釉","8295.0000","僅母公司","無，無統計相關數據","",""
"=""1810""","和成","219513.0000","母公司","58.1337","百萬元營業額","ISO 14001"
"=""1817""","凱撒衛","2060.0000","台灣地區","0.7716","百萬元營業額",""
"=""1903""","士紙","無，依規定本公司屬資本額50億元以下之公司別，應於第三階段完成溫室氣體盤查(115年)，本公司預計於112年啟動執行。","","無，依規定本公司屬資本額50億元以下之公司別，應於第三階段完成溫室氣體盤查(115年)，本公司預計於112年啟動執行。","",""
"=""1904""","正隆","1015708.0000","母公司","10.5300","千公升/噸 (工業用紙產量)",""
"=""1905""","華紙","23381993.0000","華紙台灣四個生產據點","19.6400","產品",""
"=""1906""","寶隆","無，無統計相關數據","","無，無統計相關數據","",""
"=""1907""","永豐餘","31285457.0000","永豐餘年報所稱三大事業群（林漿紙事業群、工紙紙器事業群、消費品事業群）之台灣區合計13個生產據點。","13.3800","產品","ISO 14001"
"=""1909""","榮成","4656780.0000","全台灣廠區","87.9170","百萬元營業額",""
"=""2002""","中鋼","43076000.0000","母公司","4.8600","產品",""
"=""2006""","東和鋼鐵","2108753.0000","母公司","1.1030","公噸鋼胚產量","ISO 14001"
"=""2007""","燁興","126305.0000","本公司","10.1300","百萬元營業額",""
"=""2008""","高興昌","33930.0000","總公司(無子公司)含屏南廠","0.6804","產品",""
"=""2009""","第一銅","205990.0000","僅計算第一伸銅科技股份有限公司臨海廠","2.4600","產品",""
"=""2010""","春源","87035.0000","台灣總公司及北中南各生產營業據點","0.2020","產品","ISO 14001"
"=""2012""","春雨","211559.0000","母公司","0.0386","千元營業額","ISO 14001"
"=""2013""","中鋼構","37741.0000","僅母公司","無，無統計相關數據","",""
"=""2014""","中鴻","1193022.0000","母公司","0.4860","產品",""
"=""2015""","豐興","1797166.0000","僅母公司","46.5500","百萬元營業額","ISO 14001"
"=""2017""","官田鋼","144421.0000","母公司","53.0600","百萬元營業額",""
"=""2020""","美亞","16499.0000","111年度","0.0026","營業額單位：千元營業額","ISO 14001"
"=""2022""","聚亨","38727.0000","母公司","0.5700","產品",""
"=""2023""","燁輝","334640.0000","燁輝企業股份有限公司(僅母公司)","9.9760","百萬元營業額","ISO 14001"
"=""2024""","志聯","218382.0000","自來水+地下水","186.8100","百萬元營業額",""
"=""2025""","千興","30858.0000","僅母公司","0.0251","千元營業額",""
"=""2027""","大成鋼","109800.0000","僅母公司","0.0075","營業額(百萬公升/百萬元)",""
"=""2028""","威致","644630.0000","個別公司","無，無統計相關數據","",""
"=""2029""","盛餘","416130.0000","2022年績效月報","0.4183","產品",""
"=""2030""","彰源","121713.0000","一廠、二廠、三廠、大連廠、元山廠、元富廠、員製課、南營部、北營部","0.8443","生產量","ISO 14001"
"=""2031""","新光鋼","22.0000","母公司","0.0015","百萬元營業額",""
"=""2032""","新鋼","無，無統計相關數據","","無，無統計相關數據","",""
"=""2033""","佳大","33132.3000","母公司","40.8637","百萬元營業額",""
"=""2034""","允強","120492.0000","僅母公司","0.9900","產品",""
"=""2038""","海光","97145.0000","工業水使用","8.8000","百萬元營業額",""
"=""2049""","上銀","673357.0000","100%營運控制權，包含上銀科技股份有限公司(營運總部、台中廠區、雲林廠區及嘉義廠區)","30.2000","百萬元營業額","ISO 14001"
"=""2059""","川湖","53857.0000","母公司","0.0162","平方公尺產品表面積",""
"=""2062""","橋椿","122570.0000","母公司","37.4800","產品","ISO 14001"
"=""2069""","運錩","9657.0000","僅母公司所有廠區","無，無統計相關數據","",""
"=""2101""","南港","89216.0000","2022年總用水量","2.8981","產品",""
"=""2102""","泰豐","125045.0000","僅母公司","9.4200","每噸產品",""
"=""2103""","台橡","5550000.0000","合併財務報表之母子公司","10.2800","產品","ISO 14001"
"=""2104""","國際中橡","1387189.0000","國際中橡100%持有之子公司林園先進。","16.2000","產品",""
"=""2105""","正新","754751.0000","母公司","6.0200","產品",""
"=""2106""","建大","300857.0000","台灣地區","7.7906","百萬元營業額","ISO 14001"
"=""2107""","厚生","30036.0000","厚生 桃園廠","15.5050","百萬元營業額",""
"=""2108""","南帝","479040.0000","僅母公司","3554.5000","產量千噸",""
"=""2109""","華豐","369828.0000","人工抄錶流量計","68.3100","百萬元營業額",""
"=""2114""","鑫永銓","13859.0000","母公司","無，無統計相關數據","",""
"=""2115""","六暉-KY","無，無統計相關數據","","無，無統計相關數據","",""
"=""2201""","裕隆","285798.9100","裕隆汽車製造(股)公司三義廠區","12.7532","百萬營業額",""
"=""2204""","中華","206996.0000","占營運範圍比率100%","4.0550","產品",""
"=""2206""","三陽工業","435853.0000","母公司(新竹廠)","12.1465","百萬元營業額",""
"=""2207""","和泰車","16499.0000","母公司","29.3000","人數",""
"=""2208""","台船","520958.0000","台船高雄廠和基隆廠彙計","520958.0000","24,790,337千元產值",""
"=""2211""","長榮鋼","58760.0000","僅母公司(長榮鋼鐵)","5.1367","百萬元營業額",""
"=""2227""","裕日車","1500.0000","母公司","4.0872","每年人均用水量 (公噸-水 /人)",""
"=""2228""","劍麟","20754.0000","僅母公司","12.6858","百萬元營業額",""
"=""2231""","為升","23135.0000","2022年01~12月","無，無統計相關數據","",""
"=""2233""","宇隆","14834.0000","僅母公司","無，無統計相關數據","",""
"=""2236""","百達-KY","無，無統計相關數據","","無，無統計相關數據","",""
"=""2239""","英利-KY","無，無統計相關數據","","無，無統計相關數據","",""
"=""2241""","艾姆勒","79374.0000","母公司","0.0785","產品",""
"=""2243""","宏旭-KY","無，無統計相關數據","","無，無統計相關數據","",""
"=""2247""","汎德永業","83391.4300","合併財報之母子公司","1.8900","百萬元營業額",""
"=""2250""","IKKA-KY","無，無統計相關數據","","無，無統計相關數據","",""
"=""2301""","光寶科","2121945.0000","包含母公司與合併財報之部分子公司 光寶科技股份有限公司、光寶電子(天津)有限公司、光寶網絡通訊(東莞)有限公司、光寶光電(常州)有限公司、光寶科技(常州)有限公司、光寶電子(東莞)有限公司、光寶電源科技(東莞)有限公司、旭麗電子(東莞)有限公司、惠州市力信電子有限公司、光寶電子(廣州)有限公司、建興光電科技(北海)有限公司、敦揚(廣州)汽車電子有限公司、光寶智能汽車(廣州)有限公司、LITE-ON VIETNAM CO., LTD.、Lite-On Electronics (Thailand) Co., Ltd.、LITE-ON POWER ELECTRONIC INDIA PRIVATE LIMITED","14.2600","百萬元營業額","ISO 14001"
"=""2302""","麗正","24270.0000","母子公司","77.7885","產品",""
"=""2303""","聯電","17409833.0000","母公司(含新加坡分公司)","70.0800","wafer-m2","ISO 14001"
"=""2305""","全友","4000.0000","母公司","32.0000","百萬元營業額",""
"=""2308""","台達電","4310.3000","全球據點","392.0000","產值(單位：百萬美金)","ISO 14001"
"=""2312""","金寶","2081290.0000","合併財務報表之母子公司","11.4700","百萬元營業額",""
"=""2313""","華通","3480.8000","111年度","0.3000","百萬元營業額",""
"=""2314""","台揚","39462.0000","111年2月至112年1月","8.8000","百萬元營業額",""
"=""2316""","楠梓電","1402029.0000","僅母公司","0.8100","產品",""
"=""2317""","鴻海","91470723.0000","包含合併財務報表母子公司","13.8000","百萬元營業額","ISO 14001"
"=""2321""","東訊","21236.0000","自來水公司提供 111.01~111.12","174.0600","僅民生用水，無製程用水",""
"=""2323""","中環","485000.0000","僅母公司生產廠區","0.7900","員工人數",""
"=""2324""","仁寶","2499769.0000","母公司、仁寶(越南)、仁寶電腦(重慶)、仁寶電腦(成都)及仁寶視訊電子(昆山)、仁寶電子科技(昆山)、仁寶資訊工業(昆山)、仁寶信息技術(昆山)、仁寶數碼科技（昆山）、吉寶通訊（南京）、重慶翊寶智慧電子裝置及Compalead Eletr&#244;nica do Brasil Ind&#250;stria e Com&#233;rcio","2.3300","百萬元營業額","ISO 14001"
"=""2327""","國巨","303028.0000","母公司","75.0000","百萬營業額",""
"=""2328""","廣宇","1698.0000","母公司","0.1400","百萬元營業額",""
"=""2329""","華泰","1157376.0000","2022.01.01-2022.12.31","74.4581","百萬元營業額",""
"=""2330""","台積電","104681272.0000","台灣廠區及部分子公司","137.3000","公升/十二吋晶圓當量－光罩數","ISO 14001"
"=""2331""","精英","11628.0000","用水量涵蓋精英電腦台灣總部大樓","16.2170","2022年精英電腦總部大樓人均年用水量  16.217 公噸/  人.年",""
"=""2332""","友訊","10990.0000","僅母公司大樓","22.6000","員工人數",""
"=""2337""","旺宏","2836000.0000","旺宏總部、晶圓二廠、晶圓五廠、測試廠","65.0000","百萬元營業額",""
"=""2338""","光罩","176692.0000","僅母公司","無，無統計相關數據","",""
"=""2340""","台亞","1303.4590","創新廠及力行廠","287.7500","百萬元營業額",""
"=""2342""","茂矽","671256.0000","僅母公司","62.3150","產品",""
"=""2344""","華邦電","4131340.0000","母公司","0.1340","噸/layer(層-晶圓光罩)","ISO 14001"
"=""2345""","智邦","58132.0000","母公司。","0.7530","百萬元營業額",""
"=""2347""","聯強","21886.0000","僅母公司","18.8200","人均用水量(公噸)",""
"=""2348""","海悅","無，無統計相關數據","","無，無統計相關數據","",""
"=""2349""","錸德","113512.8135","僅母公司","0.0416","營業額單位:千元",""
"=""2351""","順德","1444382.0000","母公司","0.1580","千元營業額",""
"=""2352""","佳世達","441269.6482","佳世達台灣/蘇州/越南廠區","105.5564","百萬元營業額","ISO 14001"
"=""2353""","宏碁","162655.0000","包含合併財務報表之母子公司","0.5906","百萬元營業額",""
"=""2354""","鴻準","1505346.0000","鴻準集團主要廠區","16.6400","百萬元營業額","ISO 14001"
"=""2355""","敬鵬","3730.3000","母公司+ 子公司 敬鵬(常熟)電子有限公司","241.1800","百萬元營業額",""
"=""2356""","英業達","1052902.0000","英業達股份有限公司Inventec Corporation (士林廠 Shilin site(IET)、桃園廠 Taoyuan site(TAO)、桃園廠 Taoyuan site(TRDC/ITO)、 英業達(重慶)有限公司Inventec (Chongqing) Corporation (ICC)、 英業達科技有限公司Inventec (Pudong) Technology Corporation (IPT)、 上海順詮科技有限公司SQ Technology (Shanghai) Corporation (SQT)、 Inventec (Czech) S.R.O. (ICZ)、 IEC Technologies, S . de R. L. de C. V. (IMX)","232755.0000","公噸/千億營業額",""
"=""2357""","華碩","170677.0000","華碩全台辦公室(皇家除外)","23.8000","公噸/平均每人/年",""
"=""2359""","所羅門","7816.0000","所羅門辦公大樓","無，屬於生活用水","",""
"=""2360""","致茂","67151.9000","母公司及台灣地區分公司","0.0028","千元營業額",""
"=""2362""","藍天","39440.0000","台北總部辦公室、主要製造廠：昆山廠","0.0021","百萬元營業額",""
"=""2363""","矽統","21457.0000","水費繳費單","無，無統計相關數據","",""
"=""2364""","倫飛","6367.0000","母公司","0.0068","千元營業額",""
"=""2365""","昆盈","29654.0000","台北總公司及東莞廠","無，無統計相關數據","",""
"=""2367""","燿華","2274240.0000","僅母公司","0.5300","產品",""
"=""2368""","金像電","7674670.0000","合併財務報表之母子公司","234.0000","百萬元營業額",""
"=""2369""","菱生","858021.0000","全公司工業用水量","0.2314","產品",""
"=""2371""","大同","530493.0000","僅母公司","530493.0000","16,792,440千元營業額",""
"=""2373""","震旦行","35203.2400","僅母公司","0.0106","千元營業額",""
"=""2374""","佳能","5607.0000","111年度","1.0607","百萬元營業額",""
"=""2375""","凱美","2525.2500","子公司","無，無統計相關數據","",""
"=""2376""","技嘉","252964.0000","技嘉營運總部、桃園南平廠、中國東莞及寧波廠，2022年營運總部範疇新增B棟4樓","2.3583","百萬元營業額",""
"=""2377""","微星","877089.0000","台灣及大陸廠區","4.8600","百萬元營業額","ISO 14001"
"=""2379""","瑞昱","42871.4100","僅包含瑞昱台灣母公司營運總部","9.0100","瑞昱員工人數(4,758人)",""
"=""2380""","虹光","11330.0000","母公司","6.6657","百萬元營業額",""
"=""2382""","廣達","2976061.0000","廣達電腦(股)公司臺灣總部QRDC及廣達台灣製造城QTMC、廣達上海製造城QSMC、廣達重慶製造城QCMC、廣達泰國廠QMB","無，無統計相關數據","",""
"=""2383""","台光電","592489.0000","合併財務報表之母子公司(不含美國子公司)","0.0156","千元營業額",""
"=""2385""","群光","221193.5300","群光電子(含海外各廠區，不含子公司)","3.0669","百萬元營業額",""
"=""2387""","精元","無，無統計相關數據","","無，無統計相關數據","",""
"=""2388""","威盛","19880.0000","威盛台北總公司","2.1300","百萬元營業額","ISO 14001"
"=""2390""","云辰","無，無統計相關數據","","無，無統計相關數據","",""
"=""2392""","正崴","3200.0000","母公司及主要生產基地之子公司","0.0240","百萬元營業額",""
"=""2393""","億光","684.7000","總部、苑裡廠、銅鑼廠、蘇州吳江廠、廣東中山廠","0.0002","產量",""
"=""2395""","研華","361640.0000","邊界範疇包含研華台灣(瑞光、陽光、林口、東湖)、中國昆山廠區、日本廠區、韓國廠區、美國廠區及歐洲廠區","5.2606","百萬元營業額","ISO 14001"
"=""2397""","友通","22155.0000","友通資訊之組織邊界設定以營運控制權為主，友通包括汐止遠雄總部、新店辦公室及桃園工廠。","無，無統計相關數據","",""
"=""2399""","映泰","276.0000","110年1-12月每月平均用水噸數","無，法令無規範","",""
"=""2401""","凌陽","29240.0000","僅母公司","4.3603","百萬元營業額",""
"=""2402""","毅嘉","127488.9948","母公司","24.8241","百萬元營業額",""
"=""2404""","漢唐","10.2950","母公司","0.2140","百萬元營業額",""
"=""2405""","輔信","4999.0000","母公司","無，無統計相關數據","",""
"=""2406""","國碩","51450.0000","國碩二廠和國碩新豐廠","0.0550","千元營業額",""
"=""2408""","南亞科","3387740.0000","母公司","3.1100","千顆晶粒","ISO 14001"
"=""2409""","友達","21546.8600","全球營運據點","0.4500","產品","ISO 14001"
"=""2412""","中華電","2175.0000","2022年ESG永續報告書","無，詳年報說明","","ISO 14001"
"=""2413""","環科","26348.0000","母公司","5.4506","百萬元營業額",""
"=""2414""","精技","4754.0000","僅母公司","0.2148","百萬元營業額",""
"=""2415""","錩新","421804.0000","母公司+錩新科技(越南)公司","421804.0000","百萬元營業額",""
"=""2417""","圓剛","7110.0000","母公司","0.0030","百萬公升用水量/坪",""
"=""2419""","仲琦","42409.0000","新竹總部+海外據點(蘇州，越南)","102.3400","百萬元營業額",""
"=""2420""","新巨","18411.0000","母公司","6.9700","百萬元營業額",""
"=""2421""","建準","311181.0000","高雄總部及工廠、昆山廣興電子有限公司、北海建準電子有限公司、北海立準電子有限公司、Sunon Electronics Philippines Corp","0.0221","百萬元營業額",""
"=""2423""","固緯","11429.0000","母公司","無，無統計相關數據","",""
"=""2424""","隴華","無，無統計相關數據","","無，無統計相關數據","",""
"=""2425""","承啟","無，無統計相關數據","","無，無統計相關數據","",""
"=""2426""","鼎元","772188.0000","僅母公司","350.4600","百萬元營業額",""
"=""2427""","三商電","2313.0000","總公司及桃園倉庫","7.2965","員工人數",""
"=""2428""","興勤","393410.0000","本公司所有廠區及子公司元耀科技股份有限公司、興勤(常州)電子有限公司、東莞為勤電子有限公司、興勤(宜昌)電子有限公司及江西興勤電子有限公司","0.0404","KPCS產品",""
"=""2429""","銘旺科","31360.0000","僅母公司","無，無統計相關數據","",""
"=""2430""","燦坤","無，無統計相關數據","","無，無統計相關數據","",""
"=""2431""","聯昌","無，無統計相關數據","","無，無統計相關數據","",""
"=""2432""","倚天酷碁-創","610.0000","僅申報公司","0.3700","百萬元營業額",""
"=""2433""","互盛電","2251.7900","僅母公司","0.0016","千元營業額",""
"=""2434""","統懋","17366.0000","母公司","364.4415","百萬元營業額",""
"=""2436""","偉詮電","0.9430","新竹廠區","0.0003","百萬元營業額",""
"=""2438""","翔耀","無，無統計相關數據","","無，無統計相關數據","",""
"=""2439""","美律","372084.1726","母公司與部分合併財務報表之子公司","68.7908","員工人數",""
"=""2440""","太空梭","無，無統計相關數據","","無，無統計相關數據","",""
"=""2441""","超豐","1106755.0000","公義廠及頭份廠","69.3877","百萬元營業額",""
"=""2442""","新美齊","7062.0000","111年新美齊新建工程建案","無，詳年報說明","",""
"=""2444""","兆勁","31954.0000","母公司","0.0002","百萬元營業額",""
"=""2449""","京元電子","3280000.0000","包含合併財務報表之母子公司","8917.0000","億元",""
"=""2450""","神腦","8.7900","2022年盤查範疇為新店總公司共10間辦公室。","0.0252","公噸/人",""
"=""2451""","創見","28380.0000","僅母公司","2.3411","百萬元營業額",""
"=""2453""","凌群","10000.0000","母公司","1.7622","百萬元營業額",""
"=""2454""","聯發科","485629.0000","僅母公司","39.3700","母公司員工人數",""
"=""2455""","全新","77199.0000","平鎮廠、平鎮二廠","77199.0000","產品",""
"=""2457""","飛宏","13.6680","母公司","0.0210","百萬公升/人",""
"=""2458""","義隆","19735.0000","義隆電子(新竹)、義晶、義碩","31.3400","每年每人","ISO 14001"
"=""2459""","敦吉","6636.0000","母公司及子公司敦吉檢測科技股份有限公司台北商辦大樓","無，無統計相關數據","",""
"=""2460""","建通","無，詳年報說明","","無，詳年報說明","",""
"=""2461""","光群雷","11543.0000","僅母公司","6.5700","百萬元營業額",""
"=""2462""","良得電","無，無統計相關數據","","無，無統計相關數據","",""
"=""2464""","盟立","無，無統計相關數據","","無，無統計相關數據","",""
"=""2465""","麗臺","3553.0000","工廠","無，無統計相關數據","",""
"=""2466""","冠西電","10774.0000","母公司宜蘭廠","0.0172","仟元營業額",""
"=""2467""","志聖","14615.0000","母公司","無，無統計相關數據","",""
"=""2468""","華經","1580.0000","包含合併財務報表之母子公司","無，無統計相關數據","",""
"=""2471""","資通","7610.0000","主要來源為辦公室同仁基本之民生用水。","無，無統計相關數據","",""
"=""2472""","立隆電","319741.0000","立隆、立隆惠州、立隆蘇州","無，無統計相關數據","",""
"=""2474""","可成","2020430.0000","僅母公司台南廠區自來水總用量與回收水錶","273.0311","百萬元營業額",""
"=""2476""","鉅祥","無，無統計相關數據","","無，無統計相關數據","",""
"=""2477""","美隆電","5472.0000","111/01/01~111/12/31母公司","0.0017","千元營業額",""
"=""2478""","大毅","279913.0000","母公司","55.8010","百萬元營業額",""
"=""2480""","敦陽科","1474.0000","新竹總公司","0.2200","百萬元營業額",""
"=""2481""","強茂","301439.0000","岡山廠","34.0400","營業額",""
"=""2482""","連宇","5685.0000","母公司","無，無統計相關數據","",""
"=""2483""","百容","73750.0000","僅母公司","無，無統計相關數據","",""
"=""2484""","希華","76704.0000","母公司","25.1900","百萬元營業額",""
"=""2485""","兆赫","48292.0000","僅母公司","0.0073","千元營業額",""
"=""2486""","一詮","159296.0000","111年度自來水水費通知單","0.0584","千元營業額",""
"=""2488""","漢平","7390.0000","2022年自來水公司帳單","2.3950","百萬元營業額",""
"=""2489""","瑞軒","94655.0000","包含合併財務報表之母子公司","5.7900","百萬元營業額",""
"=""2491""","吉祥全","776.0000","母子公司","無，無統計相關數據","",""
"=""2492""","華新科","2293.0000","母公司及主要生產基地之子公司(東莞/蘇州/廣州)","0.0030","產品",""
"=""2493""","揚博","無，無統計相關數據","","無，無統計相關數據","",""
"=""2495""","普安","1640.0000","僅母公司","無，詳年報說明","",""
"=""2496""","卓越","無，無統計相關數據","","無，無統計相關數據","",""
"=""2497""","怡利電","24587.0000","111年度整年用水量","0.0113","千元營業額",""
"=""2498""","宏達電","85260.0000","範圍以HTC台灣區域為主，涵蓋所有HTC在台灣執行營運的母子公司組織範疇","46.5902","公噸/平均每人/年","ISO 14001"
"=""2501""","國建","1743.0000","僅母公司","10.8900","員工人數",""
"=""2504""","國產","176970.0000","總公司、汐止廠、台中廠及台南廠","無，無統計相關數據","",""
"=""2505""","國揚","無，無統計相關數據","","無，無統計相關數據","",""
"=""2506""","太設","1710.0000","僅執行中工地","1710.0000","千元營業額653,954=0.0026",""
"=""2509""","全坤建","無，無統計相關數據","","無，無統計相關數據","",""
"=""2511""","太子","255930.0000","母公司","2.5800","平方公尺(樓地板面積為99149.5平方公尺)",""
"=""2514""","龍邦","無，無統計相關數據","","無，無統計相關數據","",""
"=""2516""","新建","60195.0000","母公司","8.7800","百萬元營業額",""
"=""2520""","冠德","1533.0000","111年","0.0713","百萬元營業額",""
"=""2524""","京城","無，無統計相關數據","","無，無統計相關數據","",""
"=""2527""","宏璟","154686.0000","包含合併財務報表之母子公司","413.6000","員工及商場承租戶員工人數",""
"=""2528""","皇普","無，無統計相關數據","","無，無統計相關數據","",""
"=""2530""","華建","1287.6300","合併財務報表之母子公司","0.4600","樓地板面積(平方公尺)","ISO 14001"
"=""2534""","宏盛","無，無統計相關數據","","無，無統計相關數據","",""
"=""2535""","達欣工","1902.0000","母公司營運總部","0.1107","百萬元營業額",""
"=""2536""","宏普","3.8200","總公司大樓分攤用水量","0.5500","百萬元營業額",""
"=""2537""","聯上發","無，無統計相關數據","","無，無統計相關數據","",""
"=""2538""","基泰","無，無統計相關數據","","無，無統計相關數據","",""
"=""2539""","櫻花建","61880.0000","母公司","0.1100","樓地板面積",""
"=""2540""","愛山林","無，無統計相關數據","","無，無統計相關數據","",""
"=""2542""","興富發","2586.0000","母公司","0.1087","百萬元營業額",""
"=""2543""","皇昌","無，無統計相關數據","","無，無統計相關數據","",""
"=""2545""","皇翔","無，尚未啟動","","無，尚未啟動","",""
"=""2546""","根基","58461.0000","總公司及工程專案","4.1156","百萬元營業額",""
"=""2548""","華固","1299.0000","僅母公司辦公室","0.0880","百萬元營業額",""
"=""2597""","潤弘","694236.0000","冬山廠冷卻用水","無，無統計相關數據","",""
"=""2601""","益航","944.8500","合併財務報表之母子公司","無，無統計相關數據","",""
"=""2603""","長榮","153436.0000","海上船舶及陸上營運據點","無，N/A","",""
"=""2605""","新興","無，無統計相關數據","","無，無統計相關數據","",""
"=""2606""","裕民","1.4700","船舶艙底水及排泄汙水","0.0000","千元營業額","ISO 14001"
"=""2607""","榮運","無，詳年報說明","","無，無","",""
"=""2608""","嘉里大榮","161088.7900","嘉里大榮物流組織全部(僅母公司)","15.9900","百萬元營業額",""
"=""2609""","陽明","36662.0000","七堵總公司、基隆分公司(含基隆陽明貨櫃場)、高雄分公司(含70號碼頭)、台灣營業部、梧棲辦公室","0.0001","仟元個體營業收入","ISO 14001"
"=""2610""","華航","99207.0000","以母公司為主體（但包含企業總部、修護廠區、台灣地區作業區域與分公司，母數範圍較同業廣）","0.6580","百萬元營業額","ISO 14001"
"=""2611""","志信","無，無統計相關數據","","無，無統計相關數據","",""
"=""2612""","中航","16769.0000","合併財務報表之母子公司","3.8025","百萬元營業額",""
"=""2613""","中櫃","21867.0000","本公司內部統計資料","無，無統計相關數據","",""
"=""2614""","東森","16911.0000","僅母公司","11.4300","百萬元營業額",""
"=""2615""","萬海","205401.7700","母公司(萬海船隊、台中高雄碼頭和台灣辦公室)","0.7900","百萬元營業額",""
"=""2616""","山隆","無，無統計相關數據","","無，無統計相關數據","",""
"=""2617""","台航","1550.0000","含母子公司","無，無統計相關數據","",""
"=""2618""","長榮航","131859.0000","僅母公司","0.5500","總用水/樓地板面積","ISO 14001"
"=""2630""","亞航","52706.0000","本公司廠區(松山、台中、台南 (含歸仁)、屏東)所使用之用水量。","12.9530","百萬營業額",""
"=""2633""","台灣高鐵","653423.0000","全公司","0.0120","平均服務每名旅客",""
"=""2634""","漢翔","1475090.0000","母公司","48.7762","百萬元營業額",""
"=""2636""","台驊控股","無，無統計相關數據","","無，無統計相關數據","",""
"=""2637""","慧洋-KY","1939.0000","母公司總部辦公大樓","0.0800","百萬元營業額",""
"=""2642""","宅配通","58667.0000","台灣宅配通股份有限公司","無，無統計相關數據","",""
"=""2645""","長榮航太","無，無統計相關數據","","無，無統計相關數據","",""
"=""2646""","星宇航空","","","","",""
"=""2701""","萬企","28500.0000","以萬華企業為主體","125.5500","百萬元營業額",""
"=""2702""","華園","2816.0000","僅為母公司","21990.0000","千元營業額",""
"=""2704""","國賓","457389.0000","2022/1/1~2022/12/31以國賓大飯店為主體，包含台北、新竹、高雄三館","0.3156","千元營業額",""
"=""2705""","六福","953755.0000","母公司之主要營運地，包含總公司及南港分公司","0.5721","千元營業額",""
"=""2706""","第一店","11110.0000","臺北市中山區的第一大飯店","38.1787","百萬元營業額",""
"=""2707""","晶華","408154.0000","台北晶華","134.8370","百萬元營業額",""
"=""2712""","遠雄來","151218.0000","母公司","283.7111","百萬元營業額",""
"=""2722""","夏都","166020.0000","母公司","無，無統計相關數據","",""
"=""2723""","美食-KY","無，無統計相關數據","","無，無統計相關數據","",""
"=""2727""","王品","2373234.7800","含王品、王莆(子公司)、群品(子公司)","13023.3400","每年",""
"=""2731""","雄獅","無，無統計相關數據","","無，無統計相關數據","",""
"=""2739""","寒舍","798425.0000","母公司","0.2410","仟元營業額",""
"=""2748""","雲品","343230.7600","母公司","5.9866","總樓地板面積m2",""
"=""2753""","八方雲集","277006.0000","母公司及台灣子公司","51.1100","百萬元營業額",""
"=""2801""","彰銀","147532.0000","母公司之國內全數營運據點","4.3216","百萬元營業額",""
"=""2809""","京城銀","18707.0000","母公司","3.7400","單位淨收益用水量(度/百萬元)",""
"=""2812""","台中銀","11856.3000","盤查邊界包含總行民權大樓、民族大樓、南台中分行及員訓中心","無，無統計相關數據","",""
"=""2816""","旺旺保","10896.0000","總公司及15家分公司","9.8000","人",""
"=""2820""","華票","2443.0000","總公司與5家分公司","無，無統計相關數據","",""
"=""2832""","台產","11703.0000","總分公司","11703.0000","百萬元營業額",""
"=""2834""","臺企銀","168150.8900","國內外營業據點及合併報表子公司，共169處據點。","30.8000","169處據點員工人數共5,460人。","ISO 14001"
"=""2836""","高雄銀","22092.2900","母公司","5.6700","百萬元營業額",""
"=""2838""","聯邦銀","64454.5800","全行各單位","4.8300","百萬元營業額",""
"=""2845""","遠東銀","66932.0000","母公司+2家子公司(遠銀資產+遠榮租賃)","26.1200","人",""
"=""2849""","安泰銀","38503.0000","僅母公司共53個據點","無，無統計相關數據","",""
"=""2850""","新產","6039.4500","全公司","0.2696","服務",""
"=""2851""","中再保","2424.0000","母公司","0.1100","百萬元營業額",""
"=""2852""","第一保","7820.0000","總公司","9.1400","員工人數",""
"=""2855""","統一證","13839.0000","總部大樓","21.0900","人均用水量",""
"=""2867""","三商壽","152900.0000","全公司","1.3945","百萬元營業額",""
"=""2880""","華南金","303443.0000","包含合併財務報表之母子公司及孫公司","5.6500","百萬元營業額",""
"=""2881""","富邦金","531475.0000","包含富邦金控及子公司富邦人壽、台北富邦銀行、富邦產險、富邦證券、日盛銀行(2023/4併入北富銀)、日盛證券(2023/4併入富邦證券)、富邦期貨、富邦育樂、富邦運動場館、富邦投信、富邦投顧、北富銀創投、富銀香港、富邦華一銀行。","13.1200","員工人數",""
"=""2882""","國泰金","608227.8800","包含集團(金控、人壽、銀行、產險、證券、投信、投顧、創投、期貨、私募)之國內據點","13.3400","總員工數 (度/每人)",""
"=""2883""","凱基金","214610.0000","開發金控所有據點及中國人壽北京代表處，未涵蓋包含中國人壽國內所有通訊處及海外子公司所有據點","無，無統計相關數據","","ISO 14001"
"=""2884""","玉山金","248326.0000","100%持有合併財務報表之母子公司","4.5310","百萬元營業額","ISO 14001"
"=""2885""","元大金","167040.0000","合併財務報表之母子公司(全台灣營業據點)","636.2700","單位面積","ISO 14001"
"=""2886""","兆豐金","183047.0000","包含合併財務報表母子公司之國內所有據點","20.8400","國內員工人數","ISO 14001"
"=""2887""","台新金","141493.8402","台新金控的用水量以銀行為計算基礎，依銀行佔全金控的員工數比例推估。","2.1300","百萬元營業額","ISO 14001"
"=""2888""","新光金","380424.0000","包含合併財務報表之母子公司","3.7700","百萬元營業額","ISO 14001"
"=""2889""","國票金","28418.0000","涵蓋包含合併財務報表之母子公司，包括國票金融控股公司、國際票券金融股份有限公司、國票綜合證券股份有限公司、國票證券投資顧問股份有限公司、國票期貨股份有限公司、國票證創業投資股份有限公司、國票創業投資股份有限公司、國旺國際融資租賃有限公司、IBF Financial Holding Co., Ltd.，共計48個據點。","4.8700","佰萬元淨收益",""
"=""2890""","永豐金","173369.0000","金控及旗下5家主要子公司（永豐銀行、永豐金證券、永豐投信、永豐金租賃、永豐創業投資)之國內外所有營運據點納入統計範疇(與合併財報數據邊界一致)。","17.8400","每人","ISO 14001"
"=""2891""","中信金","359512.0000","中信金控、中信銀行(國內據點)、及以下子公司總部：台灣彩券、中信保全、台灣人壽、中信AMC、中信創投、中信投信、中信證券。2020年起，用水量盤查範疇扣除中國信託金融園區之商家用水量。","24.6800","人",""
"=""2892""","第一金","213770.0000","涵蓋範圍為第一銀行國內全數營運據點及證券、投信、人壽、AMC之總公司與國內分支機構。","23.4000","員工人數",""
"=""2897""","王道銀行","14916.0000","母公司全台營運據點","1.6500","每百萬元淨收益","ISO 14001"
"=""2901""","欣欣","53936.0000","1度=1頓","78.4500","百萬元營業額",""
"=""2903""","遠百","2075.6690","僅母公司","3641.5000","億元營業額","ISO 14001"
"=""2904""","匯僑","17777.0000","臺中港&#11972;&#12038;及&#11972;五槽區","無，無統計相關數據","",""
"=""2905""","三商","無，尚未盤查","","無，尚未盤查","",""
"=""2906""","高林","無，無統計相關數據","","無，無統計相關數據","",""
"=""2908""","特力","18488.0000","特&#12050;(股)總部、楊梅物流中&#12092;及台中辦公室","1.2243","百萬營收",""
"=""2910""","統領","無，無統計相關數據","","無，無統計相關數據","",""
"=""2911""","麗嬰房","無，無統計相關數據","","無，無統計相關數據","",""
"=""2912""","統一超","3020304.2000","實際統計包含總部大樓及4,206家門市及24家商場、推估值包含9處區辦公室及2,425家門市。","397.0000","門市數","ISO 14001"
"=""2913""","農林","無，無統計相關數據","","無，無統計相關數據","",""
"=""2915""","潤泰全","28830.4000","母公司","10.9700","百萬元營業額",""
"=""2923""","鼎固-KY","663345.0000","包含上海打浦橋日月光中心、上海嘉定日月光中心、上海御華山以及重慶日月光中心，共計四據點。","7.1934","新台幣十萬元營收",""
"=""2929""","淘帝-KY","無，無統計相關數據","","無，無統計相關數據","",""
"=""2939""","永邑-KY","無，無統計相關數據","","無，無統計相關數據","",""
"=""2945""","三商家購","無，無統計相關數據","","無，無統計相關數據","",""
"=""3002""","歐格","995.0000","母公司","1.9680","百萬元營業額",""
"=""3003""","健和興","46371.0000","僅母公司","0.0015","千元營業額",""
"=""3004""","豐達科","103.0100","僅母公司","4.7000","百萬元營業額",""
"=""3005""","神基","652740.0000","涵蓋神基投控暨其八家子公司","600.0000","百萬元營業額","ISO 14001"
"=""3006""","晶豪科","20499.0000","母公司","1.2647","百萬元營業額",""
"=""3008""","大立光","931191.0000","母公司","19.5300","百萬元營業額",""
"=""3010""","華立","4850.0000","母公司及子公司(全順)","4850.0000","公噸/仟萬元營業額",""
"=""3011""","今皓","無，策劃評估中","","無，策劃評估中","",""
"=""3013""","晟銘電","424265.0000","包含合併財務報表之母子公司","無，無統計相關數據","",""
"=""3014""","聯陽","14042.0000","母公司","2.6900","百萬元營業額",""
"=""3015""","全漢","203650.0000","母公司與部分子公司","0.0136","百萬元營業額",""
"=""3016""","嘉晶","632188.2000","111/1/1至111/12/31","107.1500","百萬元營業額",""
"=""3017""","奇鋐","1567702.9700","台灣高雄、深圳奇宏/興奇宏、東莞明鑫/興奇宏、成都奇宏、武漢奇宏/興奇宏、嘉善萬順達、越南","27.9900","總用水量/營業額=1,567,702.97公噸/56,017 TWD’M = 27.99",""
"=""3018""","隆銘綠能","無，無統計相關數據","","無，無統計相關數據","",""
"=""3019""","亞光","110636.0600","母公司","5.8000","百萬元營業額",""
"=""3021""","鴻名","3163.0000","母公司自有辦公區500坪/租用辦公室101坪","無，無統計相關數據","",""
"=""3022""","威強電","9216.0000","僅母公司","1.7592","百萬元營業額",""
"=""3023""","信邦","62026.0000","集團100%持股之11個據點","2.0290","62,026(噸)/30,574.800 (新台幣百萬元,2022年營收)= 2.029",""
"=""3024""","憶聲","6701000.0000","母公司","無，無統計相關數據","",""
"=""3025""","星通","無，無統計相關數據","","無，無統計相關數據","",""
"=""3026""","禾伸堂","273689.0000","母公司","16.7700","產品",""
"=""3027""","盛達","無，僅0.00013(宜蘭工廠)","","0.0009","百萬元營業額",""
"=""3028""","增你強","6749.0000","範圍包含台灣區內湖總部辦公室","0.3469","百萬元營業額",""
"=""3029""","零壹","無，無統計相關數據","","無，無統計相關數據","",""
"=""3030""","德律","13587.0000","母公司","4.6388","產品",""
"=""3031""","佰鴻","無，無統計相關數據","","無，無統計相關數據","",""
"=""3032""","偉訓","無，無統計相關數據","","無，無統計相關數據","",""
"=""3033""","威健","4060.0000","威健在台灣營運據點為主（臺北內湖總公司、內湖倉儲中心、桃園倉儲中心及中南部聯絡處(新竹、臺中及高雄)）","0.1409","百萬元營業額",""
"=""3034""","聯詠","93489.0000","母公司","0.8502","百萬元營業額",""
"=""3035""","智原","17645.0000","母公司","1.5400","百萬元營業額",""
"=""3036""","文曄","12949.0000","包含合併財務報表母子公司之台灣各營運據點，並新增香港物流中心。","0.3220","樓地板面積(平方公尺)",""
"=""3037""","欣興","21340802.0000","母公司及部份子公司","152.0000","百萬元營業額","ISO 14001"
"=""3038""","全台","295870.0000","母公司及東莞廠","45.3900","PCS",""
"=""3040""","遠見","0.5000","母公司","無，無工廠，無生產行為","",""
"=""3041""","揚智","1608.0000","僅母公司","0.0368","產品",""
"=""3042""","晶技","326820.0000","2022年自來水總用量","30.8408","以個體營收計算，單位：新台幣百萬元",""
"=""3043""","科風","無，無統計相關數據","","無，無統計相關數據","",""
"=""3044""","健鼎","16795547.0000","健鼎-平鎮/無錫/湖北廠區","0.2550","百萬元營業額","ISO 14001"
"=""3045""","台灣大","294790.0000","2022","0.0017","千元營業額","ISO 14001"
"=""3046""","建碁","152.0000","含合併財務報表之母子公司","0.0500","百萬元營業額",""
"=""3047""","訊舟","8987.0000","僅母公司","2.2477","百萬元營業額",""
"=""3049""","精金","944001.0000","自來水錶(2022/1/1~2022/12/31)","0.3924","用水量(公噸)/營業額(仟元)",""
"=""3050""","鈺德","32890.0000","僅母公司","無，無統計相關數據","",""
"=""3051""","力特","385557.0000","母公司","130.8303","百萬元營業額","ISO 14001"
"=""3052""","夆典","1288.0000","總部辦公處所(新北市中和區新民街112號4樓)","1.4537","營業額以百萬計",""
"=""3054""","立萬利","無，無統計相關數據","","無，無統計相關數據","",""
"=""3055""","蔚華科","10497.0000","僅母公司","16.9800","百萬元營業額",""
"=""3056""","富華新","52466.0000","資料涵蓋母公司及子公司總太營造","無，無統計相關數據","",""
"=""3057""","喬鼎","5110.0000","母公司","6.3893","百萬元營業額",""
"=""3058""","立德","無，無統計相關數據","","無，無統計相關數據","",""
"=""3059""","華晶科","18.0000","母公司","無，無統計相關數據","",""
"=""3060""","銘異","81342.0000","僅母公司桃園市龜山區範疇","無，無統計相關數據","",""
"=""3062""","建漢","5052.0000","111/1~111/12","無，無統計相關數據","",""
"=""3090""","日電貿","0.1570","母公司(新店廠辦及中和廠)","無，無統計相關數據","",""
"=""3092""","鴻碩","123020.0000","合併財務報表之重要子公司-鴻碩蘇州公司","36.5890","百萬元營業額","ISO 14001"
"=""3094""","聯傑","4329.0000","母公司","14.6255","百萬元營業額",""
"=""3130""","一零四","7792.0000","包含新店總公司","10.5900","員工人數",""
"=""3138""","耀登","3817.0000","僅母公司","33.0000","人",""
"=""3149""","正達","128570.0000","母公司","186.2682","百萬元營業額",""
"=""3164""","景岳","22430.0000","111年 用水量(度) 1月 1593 2月 1231 3月 1627 4月 1573 5月 1868 6月 2289 7月 2027 8月 1986 9月 2149 10月 2166 11月 2231 12月 1690","907.7600","產品",""
"=""3167""","大量","8906.0000","僅母公司","無，無統計相關數據","",""
"=""3189""","景碩","5700988.0000","母公司","1.6833","產品",""
"=""3209""","全科","1469.0000","僅包括母公司台灣總部","0.0200","百萬元營業額",""
"=""3229""","晟鈦","75440.0000","合併財務報表之母子公司","92.0000","百萬元營業額",""
"=""3231""","緯創","3812479.8510","母公司及全球主要營運與製造廠區(昆山廠、泰州廠、中山廠、重慶廠、成都廠、墨西哥廠、捷克廠、昆山光電廠及馬來西亞廠)","4.1831","百萬元營業額","ISO 14001"
"=""3257""","虹冠電","1476.0000","辦公室用水","2.9055","百萬元營業額",""
"=""3266""","昇陽","1.1280","僅母公司","0.0170","員工人數67人",""
"=""3296""","勝德","223.0000","僅母公司","無，無統計相關數據","",""
"=""3305""","昇貿","20528.0000","營運控制法","0.0050","公噸/千元營業額",""
"=""3308""","聯德","無，無統計相關數據","","無，無統計相關數據","",""
"=""3311""","閎暉","20939.0000","本公司之子公司(旭榮電子(深圳)有限公司)","104.5638","新台幣百萬元營業額",""
"=""3312""","弘憶股","無，無統計相關數據","","無，無統計相關數據","",""
"=""3321""","同泰","279668.0000","母公司","2.9148","產品",""
"=""3338""","泰碩","無，無統計相關數據","","無，無統計相關數據","",""
"=""3346""","麗清","6122.0000","母公司","無，無統計相關數據","",""
"=""3356""","奇偶","無，無統計相關數據","","無，無統計相關數據","",""
"=""3376""","新日興","204510.0000","僅母公司","2.3600","百萬元營業額",""
"=""3380""","明泰","51413.0000","民國111年","51413.0000","民國111年用水量",""
"=""3406""","玉晶光","73673.0000","母公司","73673.0000","百萬元營業額",""
"=""3413""","京鼎","299418.0000","2022/01/01~2022/12/31","0.0201","千元營業額",""
"=""3416""","融程電","480.4500","自來水水費單","無，無統計相關數據","",""
"=""3419""","譁裕","12188.0000","僅母公司","無，無統計相關數據","",""
"=""3432""","台端","401.0000","包含合併財務報表之母子公司","無，無統計相關數據","",""
"=""3437""","榮創","50888.0000","僅母公司","23.2690","百萬元營業額",""
"=""3443""","創意","15774.0000","新竹總部","0.6500","百萬元營業額",""
"=""3447""","展達","180366.5500","包含合併財務報表之母子公司","30.0300","百萬元營業額",""
"=""3450""","聯鈞","44240.0000","母公司","無，無統計相關數據","",""
"=""3454""","晶睿","13562.0000","168+192+桃園廠區","無，無統計相關數據","",""
"=""3481""","群創","18904748.0000","群創光電(母公司)及子公司：寧波群志光電、寧波群輝光電、佛山群志光電、 南京群志光電、 上海群志光電","84.5000","百萬元營業額","ISO 14001"
"=""3494""","誠研","17430.0000","包含合併財務報表之母子公司","無，與當年度銷售產品組合有關","",""
"=""3501""","維熹","109972.0000","合併財務報表之母子公司(不含美日子公司)","17.8600","百萬元營業額",""
"=""3504""","揚明光","88948.0000","僅母公司","無，無統計相關數據","",""
"=""3515""","華擎","4775.0000","母公司","15.3000","員工人均用水量",""
"=""3518""","柏騰","無，無統計相關數據","","無，無統計相關數據","",""
"=""3528""","安馳","無，無統計相關數據","","無，無統計相關數據","",""
"=""3530""","晶相光","無，無統計相關數據","","無，無統計相關數據","",""
"=""3532""","台勝科","3040015.0000","僅母公司","0.1850","百萬元營業額",""
"=""3533""","嘉澤","584123.0000","本公司及廣州、蘇州、中山子公司","21.5600","百萬元營業額",""
"=""3535""","晶彩科","5410.0000","僅母公司","3.7070","百萬元營業額",""
"=""3543""","州巧","無，無統計相關數據","","無，無統計相關數據","",""
"=""3545""","敦泰","無，新辦公大樓無獨立水表,統一由園區處理.","","無，無統計相關數據","",""
"=""3550""","聯穎","無，無統計相關數據","","無，無統計相關數據","",""
"=""3557""","嘉威","398066.0000","母公司及大陸子公司","70.8200","百萬元營業額",""
"=""3563""","牧德","10240.0000","牧德科技股份有限公司","4.8710","百萬元營業額",""
"=""3576""","聯合再生","693929.0000","母公司(竹科廠、竹南廠及台南廠)","42.4300","百萬元營業額",""
"=""3583""","辛耘","351530.0000","新竹縣湖口鄉中華路16號","無，無統計相關數據","",""
"=""3588""","通嘉","3646.8000","母公司(竹北及板橋office)","2.3439","百萬元營業額",""
"=""3591""","艾笛森","11365.0000","艾笛森中和所有廠區及子公司艾特中和廠區","38.8100","百萬元營業額",""
"=""3592""","瑞鼎","9559.0000","母公司-瑞鼎科技","12.2900","人均用水量(公噸/年)",""
"=""3593""","力銘","無，無統計相關數據","","無，無統計相關數據","",""
"=""3596""","智易","166291.0000","台灣總部、中國生產中心及越南生產中心","2.3300","每月人均",""
"=""3605""","宏致","19533.0000","東園廠及精工中心兩廠總度數","無，用於一般生活用水，空調設備用水是循環再利用","",""
"=""3607""","谷崧","無，無統計相關數據","","無，無統計相關數據","",""
"=""3617""","碩天","7771.1762","僅母公司（碩天科技台北總部與台南工廠）","無，無統計相關數據","","ISO 14001"
"=""3622""","洋華","10956.0000","母公司","7.0867","百萬元營業額",""
"=""3645""","達邁","177125.0000","母公司","97.5717","百萬元營業額",""
"=""3652""","精聯","5037.0000","僅母公司","2.6895","百萬元營業額",""
"=""3653""","健策","936257.0000","母公司","91.0600","百萬元營業額","ISO 14001"
"=""3661""","世芯-KY","0.2290","台北總公司、新竹辦公室","無，無統計相關數據","",""
"=""3665""","貿聯-KY","561871.0000","涵蓋集團33個生產據點: 昆山貿聯廠、昆山翔光廠、常州廠、常州BCNC廠、深圳通盈廠、翔耀廠、康聯廠、廈門新視廠、百事聯廠、佛山城鉞廠、新加 坡加冷廠、馬來西亞柔佛廠、馬來西亞檳城廠、加州廠、密西根廠、德州廠、墨西哥廠、加拿大廠、塞爾維亞廠、斯洛伐克廠、德國廠、法國廠、捷克廠、義大利廠等。","10.5000","百萬元營業額",""
"=""3669""","圓展","18180.0000","母公司","6.0400","百萬元營業額",""
"=""3673""","TPK-KY","3744674.0000","包含合併財務報表之母子公司","0.0400","千元營業額",""
"=""3679""","新至陞","4307.0000","111.01~111.12","3.8250","百萬元營業額",""
"=""3686""","達能","1.0600","包含合併財務報表之母子公司","0.0200","百萬元營業額",""
"=""3694""","海華","141122.0000","上海子公司廠區","112.9000","員工人數",""
"=""3701""","大眾控","無，無統計相關數據","","無，無統計相關數據","",""
"=""3702""","大聯大","55827.0000","台灣地區統計範圍包含台北總部、新竹辦公室及林口倉庫， 海外地區統計範圍包含中國地區部份辦公室及香港、東莞倉庫、新加坡辦公室、韓國辦公室","13.9300","各據點員工合計數","ISO 14001"
"=""3703""","欣陸","229723.0000","母公司及主要營運子公司","7.1463","百萬元營業額","ISO 14001"
"=""3704""","合勤控","52510.0000","合勤投資控股股份有限公司、盟創科技股份有限公司、合勤科技股份有限公司、兆勤科技股份有限公司","1.0500","百萬元營業額",""
"=""3705""","永信","無，無統計相關數據","","無，無統計相關數據","",""
"=""3706""","神達","469844.0000","合併財務報表之母子公司，含台灣營運、研發中心及廠區；中國主要生產據點：廣東順達廠區/江蘇昆達廠區/江蘇璽達廠區；美國加州組裝廠區：MiTAC Information SystemsCorp.","9.8000","百萬元營業額",""
"=""3708""","上緯投控","15849.0000","上緯興業股份有限公司、上偉碳纖複合材料股份有限公司、磁震科技開發股份有限公司","4.8540","百萬元營業額","ISO 14001"
"=""3711""","日月光投控","23398955.9500","日月光半導體製造股份有限公司(高雄廠、中壢廠、無錫廠、上海材料廠、上海月芯半導體、日本廠、韓國廠、 新加坡廠、馬來西亞廠、ISE Labs)、矽品精密工業股份有限公司(大豐廠、中山廠、中科廠、新竹廠、彰化廠、中工廠、蘇州廠)、環電股份有限公司(南投廠、張江廠、昆山廠、金橋廠、惠州廠、墨西哥廠)","1.0718","立方米/千美金營收","ISO 14001"
"=""3712""","永崴投控","94.9500","母公司","31.4800","用水量/人",""
"=""3714""","富采","3492000.0000","台灣廠區","0.1200","百萬元營業額",""
"=""3715""","定穎投控","4409199.0000","資料涵蓋範圍包含合併財務報表之母子公司","288.2400","百萬元營業額","ISO 14001"
"=""3716""","中化控股","","","","",""
"=""4104""","佳醫","1893.0000","僅母公司","0.0004","仟元營業額",""
"=""4106""","雃博","7308.0000","僅母公司(即土城廠區)","0.0058","千元營業額",""
"=""4108""","懷特","16205.2300","台北公司及楊梅精製廠","無，無統計相關數據","",""
"=""4119""","旭富","104000.0000","包含合併財務報表之母子公司","0.2661","產品",""
"=""4133""","亞諾法","5446.0000","資料涵蓋範圍僅母公司。","無，詳年報說明","",""
"=""4137""","麗豐-KY","11709.6000","子公司微碩(上海)日用品有限公司","無，無統計相關數據","",""
"=""4142""","國光生","156643.0000","僅母公司","69.5689","百萬元營業額",""
"=""4148""","全宇生技-KY","無，無統計相關數據","","無，無統計相關數據","",""
"=""4155""","訊映","無，無統計相關數據","","無，無統計相關數據","",""
"=""4164""","承業醫","3798.0000","包含合併財務報表之母子公司","1.2800","百萬元營業額",""
"=""4190""","佐登-KY","11593.0000","台灣子公司:453公噸 廣州子公司:11,140公噸","無，無統計相關數據","",""
"=""4306""","炎洲","117808.0000","母公司及台灣廠區","8.0298","百萬元營業額",""
"=""4414""","如興","2355.6750","中國常州廠區與柬埔寨長泰、宏興、如興三家水洗廠","無，無統計相關數據","","ISO 14001"
"=""4426""","利勤","569749.0000","111年全年用水量","153.7800","產品",""
"=""4438""","廣越","無，無統計相關數據","","無，無統計相關數據","",""
"=""4439""","冠星-KY","1495294.3480","TOP SPORTS TEXTILE LTD.","91.7764","產品","ISO 14001"
"=""4440""","宜新實業","2.2858","彰化廠/宿舍/台北公司","無，無統計相關數據","",""
"=""4526""","東台","22744.0000","母公司","0.0031","產品",""
"=""4532""","瑞智","51431.0000","僅母公司","5.5100","百萬元營業額",""
"=""4536""","拓凱","8800.0000","本公司","無，無統計相關數據","",""
"=""4540""","全球傳動","49578.0000","111年度水費單","14.6900","百萬元營業額",""
"=""4545""","銘鈺","260753.0000","母公司","216.0000","百萬元營業額",""
"=""4551""","智伸科","453058.0000","包含合併財務報表之母子公司","0.0014","產品",""
"=""4552""","力達-KY","無，無","","無，無","",""
"=""4555""","氣立","4778.0000","僅母公司","7.3600","百萬元營業額",""
"=""4557""","永新-KY","無，無統計相關數據","","無，無統計相關數據","",""
"=""4560""","強信-KY","無，無統計相關數據","","無，無統計相關數據","",""
"=""4562""","穎漢","無，無統計相關數據","","無，無統計相關數據","",""
"=""4564""","元翎","119373.0000","本公司及重要子公司","無，無統計相關數據","",""
"=""4566""","時碩工業","22576.0000","母公司","9.7540","百萬元營業額",""
"=""4571""","鈞興-KY","107053.0000","主要生產子公司珠海鈞興及越南鈞興","0.0438","千元營業額",""
"=""4572""","駐龍","26754.0000","合併財務報表之母子公司","42.0100","百萬元營業額",""
"=""4576""","大銀微系統","28839.0000","母公司之總部及二廠","20.9738","千小時總經歷工時",""
"=""4581""","光隆精密-KY","29726.0000","包含合併財務報表之母子公司","29.0624","百萬元營業額",""
"=""4583""","台灣精銳","81853.0000","母公司","0.0276","千元營業額","ISO 14001"
"=""4720""","德淵","14070.0000","用水量係以母公司計算；排放密集度單位係以合併財務報表百萬營業額計算。","3.8485","百萬元營業額",""
"=""4722""","國精化","109944.0000","母公司","無，無統計相關數據","",""
"=""4736""","泰博","64677.0000","母公司","7.7281","百萬元營業額",""
"=""4737""","華廣","28890.0000","母公司","無，無統計相關數據","",""
"=""4739""","康普","462120.0000","康普集團","5.4800","百萬元營業額","ISO 14001"
"=""4746""","台耀","430997.1507","母公司","113.2967","百萬元營業額",""
"=""4755""","三福化","379920.0000","僅母公司(善化廠、柳科廠、高雄廠)","0.0732","營業額；單位：公噸  / 仟元","ISO 14001"
"=""4763""","材料-KY","912512.0000","合併財務報表之母子公司","0.2137","營業額(仟元單位)",""
"=""4764""","雙鍵","20638.0000","母公司","7.3548","百萬元營業額",""
"=""4766""","南寶","70662.0000","僅母公司","0.0140","千元營業額",""
"=""4770""","上品","50210.0000","僅母公司","8.1801","百萬元營業額",""
"=""4807""","日成-KY","123745.0000","2022年度","無，無統計相關數據","",""
"=""4904""","遠傳","242341.0000","包含母公司及新世紀資通、和宇寬頻及全虹等三家子公司","2.7180","百萬元營業額","ISO 14001"
"=""4906""","正文","205230.0000","台灣總部、正鵬(昆山)廠、安博(常熟)廠及越南正文廠","0.0074","仟元營業額",""
"=""4912""","聯德控股-KY","33133.0000","重要子公司聯德精密材料(中國)股份有限公司","21530.0000","產品",""
"=""4915""","致伸","871671.8800","致伸科技及子公司東莞東聚、致伸重慶、致伸昆山、惠州迪芬尼、東莞迪芬尼、東城迪芬尼，迪芬尼電聲、致伸泰國、迪芬尼泰國","11.0000","百萬元營業額","ISO 14001"
"=""4916""","事欣科","無，無統計相關數據","","無，無統計相關數據","",""
"=""4919""","新唐","407532.0000","僅母公司(不含台北、竹北、台南)","40.0561","公升/層-晶圓光罩",""
"=""4927""","泰鼎-KY","3477000.0000","包含合併財務報表之母子公司","230.0000","百萬元營業額",""
"=""4930""","燦星網","無，無統計相關數據","","無，無統計相關數據","",""
"=""4934""","太極","6258.0000","母公司及越南子公司","6258.0000","百萬元營業額",""
"=""4935""","茂林-KY","無，無統計相關數據","","無，無統計相關數據","",""
"=""4938""","和碩","5058795.0000","和碩聯合科技(股)公司、昌碩科技(上海)、世碩電子(昆山)、名碩電腦(蘇州)、康碩電子(蘇州)、凱碩電腦(蘇州)、旭碩科技(重慶)、凱全電子(重慶)、Pegatron Mexico S.A. de C.V.、PEGATRON Czech s.r.o.、PT. PEGATRON TECHNOLOGY INDONESIA、PEGATRON VIETNAM COMPANY LIMITED、PEGATRON TECHNOLOGY HAI PHONG COMPANY LIMITED、PEGATRON TECHNOLOGY INDIA PRIVATE LIMITED","3.8400","百萬元營業額",""
"=""4942""","嘉彰","31984.0000","111年度用水量統計","15.7604","百萬元營業額",""
"=""4943""","康控-KY","無，無統計相關數據","","無，無統計相關數據","",""
"=""4952""","凌通","5253.0000","母公司","1.6574","百萬元營業額",""
"=""4956""","光鋐","130604.0000","111年01月~111年12月","無，無統計相關數據","",""
"=""4958""","臻鼎-KY","13612000.0000","大陸園區及台灣園區","79.4000","百萬元營業額","ISO 14001"
"=""4960""","誠美材","427801.0000","僅母公司","13.7350","產能(仟米平方)",""
"=""4961""","天鈺","5389.0000","天鈺總部篤行據點","0.2740","百萬元營業額","ISO 14001"
"=""4967""","十銓","3636.0000","涵蓋範圍僅母公司","0.5400","百萬元營業額",""
"=""4968""","立積","3880.0000","母公司","1.1310","百萬元營業額",""
"=""4976""","佳凌","無，無統計相關數據","","無，無統計相關數據","",""
"=""4977""","眾達-KY","16617.0000","2022年合計","無，無統計相關數據","",""
"=""4989""","榮科","323762.0000","本公司","31149.0000","取水量/產量",""
"=""4994""","傳奇","7011.0000","僅包含母公司，依111年台灣自來水公司使用度數資訊","無，無統計相關數據","",""
"=""4999""","鑫禾","35496.0000","母公司","0.0446","千元營業額",""
"=""5007""","三星","108.0290","母公司","0.0169","百萬元營業額",""
"=""5203""","訊連","9305.0000","僅母公司台北總部","6.6133","百萬元營業額",""
"=""5215""","科嘉-KY","無，詳年報說明","","無，詳年報說明","",""
"=""5222""","全訊","13227.0000","個別報表所有廠區","12.7797","百萬元營業額",""
"=""5225""","東科-KY","336574.1800","東科全集團（不含ScS）","26.7356","百萬元營業額",""
"=""5234""","達興材料","119001.0000","所有生產廠區","30.6000","百萬元營業額",""
"=""5243""","乙盛-KY","無，無統計相關數據","","無，無統計相關數據","",""
"=""5244""","弘凱","無，無統計相關數據","","無，無統計相關數據","",""
"=""5258""","虹堡","無，無統計相關數據","","無，無統計相關數據","",""
"=""5269""","祥碩","2481.0000","111/1/1~12/31, 範圍:祥碩總公司辦公室","47.2750","營業額(億元)",""
"=""5283""","禾聯碩","無，尚在評估規畫中","","無，尚在評估規畫中","",""
"=""5284""","jpp-KY","9566.0000","經寶精密工業股份有限公司","102.4261","直接員工人數","ISO 14001"
"=""5285""","界霖","147685.0000","界霖科技楠梓廠區","無，無統計相關數據","",""
"=""5288""","豐祥-KY","291931.0000","主要營運孫公司台灣豐祥及越南VPIC1","0.0363","仟元營業額","ISO 14001"
"=""5306""","桂盟","10857.0000","母公司及合併財務報表之子公司(桂盟企業)","3.0848","百萬元營業額",""
"=""5388""","中磊","48479.1616","本公司(台北辦公室及&#12149;南廠)","26.2345","員工人數(台北及&#12149;南)",""
"=""5434""","崇越","5834.0000","母公司","0.2066","百萬元營業額",""
"=""5469""","瀚宇博","325403.0000","瀚宇博德股份有限公司","0.1725","產品",""
"=""5471""","松翰","2667.0000","僅母公司","0.0009","營業額(新台幣仟元)",""
"=""5484""","慧友","2632.0000","母公司111年用水量","8.9524","百萬元營業額",""
"=""5515""","建國","1632.0000","企業總部","4.4300","人",""
"=""5519""","隆大","8517.0000","僅母公司","87.8000","組織員工數97人",""
"=""5521""","工信","27629.0000","僅母公司","5.9700","百萬元營業額",""
"=""5522""","遠雄","121960.0000","包含合併財務報表之母子公司","4.5881","百萬元營業額",""
"=""5525""","順天","4924.0000","母公司","0.0170","百萬元營業額",""
"=""5531""","鄉林","3039.0000","母公司個體","20.9500","員工人數",""
"=""5533""","皇鼎","641.0000","台北自水收費單","0.1417","百萬元營業額",""
"=""5534""","長虹","無，無統計相關數據","","無，無統計相關數據","",""
"=""5538""","東明-KY","無，母公司為控股公司","","無，母公司為控股公司","",""
"=""5546""","永固-KY","無，無統計相關數據","","無，無統計相關數據","",""
"=""5607""","遠雄港","無，因2023年為本公司盤查起始年","","無，因2023年為本公司盤查起始年","",""
"=""5608""","四維航","18938.2300","母公司總部辦公室和子孫公司船舶","26.7867","總取水量/(海勤船員+辦公室員工人數)",""
"=""5706""","鳳凰","無，無統計相關數據","","無，無統計相關數據","",""
"=""5871""","中租-KY","71398.0000","&#160;台灣分公司、中國大陸上海總部與分公司、泰國曼谷、越南胡志明市、馬來西亞吉隆坡、柬埔寨金邊、菲律賓馬尼拉等，揭露範疇占中租控股合併淨收益75%以上。","0.8200","百萬元營業額",""
"=""5876""","上海商銀","56900.0000","僅母公司","2.0248","百萬元營業額","ISO 14001"
"=""5880""","合庫金","310334.3200","集團全據點334處","5.8353","佰萬元淨收益","ISO 14001"
"=""5906""","台南-KY","無，無統計相關數據","","無，無統計相關數據","",""
"=""5907""","大洋-KY","無，無統計相關數據","","943680.0000","",""
"=""6005""","群益證","52.3740","母公司","0.9281","百萬元營業額",""
"=""6024""","群益期","3912.7628","全台營運據點","1.5121","百萬元營業額",""
"=""6108""","競國","352800.0000","本公司","0.3712","產品",""
"=""6112""","邁達特","7461.0000","1. 邁達特數位股份有限公司(台北總部、新竹分公司、台中分公司、高雄分公司) 2. 啟迪國際資訊股份有限公司(台北總部) 3. 聚上雲股份有限公司","0.6159","百萬元營業額","ISO 14001"
"=""6115""","鎰勝","295.5210","母公司及昆山子公司","295.5210","產品",""
"=""6116""","彩晶","5178960.0000","母公司及子公司(南京瀚宇彩欣科技有限責任公司)","303.7400","百萬元營業額",""
"=""6117""","迎廣","58425.0000","母公司","0.0264",":千元營業額",""
"=""6120""","達運","93.2000","包含本公司及合併財務報表內子公司","0.0060","百萬元營業額",""
"=""6128""","上福","19.1500","上福全球在台灣營運據點為主(包含本廠、二廠及三廠)","0.0001","仟元營業額",""
"=""6133""","金橋","401.0000","新北市深坑區北深路三段270巷6號3&4樓","無，無統計相關數據","",""
"=""6136""","富爾特","478.0000","母公司","無，無統計相關數據","",""
"=""6139""","亞翔","3600.0000","亞翔工程(股)公司三個辦公室","0.5800","百萬元營業額",""
"=""6141""","柏承","705465.0000","昆山子公司廠區","34.3675","仟元營業額",""
"=""6142""","友勁","31628.0000","母公司","9.3673","百萬元營業額",""
"=""6152""","百一","3550.0000","母公司","無，無統計相關數據","",""
"=""6153""","嘉聯益","669000.0000","僅母公司樹林廠","無，無統計相關數據","",""
"=""6155""","鈞寶","57850.0000","母公司","無，無統計相關數據","",""
"=""6164""","華興","2039.0000","202201~202212","無，無統計相關數據","",""
"=""6165""","浪凡","無，無統計相關數據","","無，無統計相關數據","",""
"=""6166""","凌華","40781.0000","母公司","1.2645","人員數量",""
"=""6168""","宏齊","49488.2000","母公司","0.0219","千元營業額",""
"=""6176""","瑞儀","1663000.0000","台灣與中國大陸製造廠區","0.1995","原物料塑膠粒投料量(公斤)",""
"=""6177""","達麗","無，無統計相關數據","","無，無統計相關數據","",""
"=""6183""","關貿","9.5756","總公司位於南港軟體園區,各進駐戶無獨立水錶,僅有分攤數值","0.0042","用水(噸)/營業額(百萬)",""
"=""6184""","大豐電","無，無統計相關數據","","無，無統計相關數據","",""
"=""6189""","豐藝","4694.0000","母公司","無，無統計相關數據","",""
"=""6191""","精成科","3367893.0000","包含合併財務報表之母子公司","138.8800","百萬元營業額",""
"=""6192""","巨路","無，無統計相關數據","","無，無統計相關數據","",""
"=""6196""","帆宣","63490.0000","母公司廠區","1.2600","百萬元營業額",""
"=""6197""","佳必琪","無，無統計相關數據","","無，無統計相關數據","",""
"=""6201""","亞弘電","2.0000","母公司","無，無統計相關數據","",""
"=""6202""","盛群","15638.0000","母公司","2.5994","百萬元營業額",""
"=""6205""","詮欣","無，本公司主要係生產組裝連接器及連接線，其組裝製程中並不需要用水","","無，本公司主要係生產組裝連接器及連接線，其組裝製程中並不需要用水","",""
"=""6206""","飛捷","10919.0000","飛捷母公司","25.5710","人均用水(以111年底人數計算)",""
"=""6209""","今國光","202325.0000","今國集團","無，無統計相關數據","",""
"=""6213""","聯茂","50202.0000","母公司","無，1,946佰萬營業額","","ISO 14001"
"=""6214""","精誠","21112.0000","僅母公司","17.3100","員工人數",""
"=""6215""","和椿","1570.0000","母公司","0.8708","百萬元營業額",""
"=""6216""","居易","4679.0000","生活用水","無，無統計相關數據","",""
"=""6224""","聚鼎","22350.0000","母公司","無，無統計相關數據","",""
"=""6225""","天瀚","無，詳年報說明","","無，詳年報說明","",""
"=""6226""","光鼎","無，無統計相關數據","","無，無統計相關數據","",""
"=""6230""","尼得科超眾","11966.0000","中興廠、興德廠、陞泰廠","1.0050","百萬元營業額",""
"=""6235""","華孚","無，無統計相關數據","","無，無統計相關數據","",""
"=""6239""","力成","2904510.0000","僅台灣地區力成科技","55.1100","百萬元營業額",""
"=""6243""","迅杰","629.0000","母公司","0.8813","百萬元營業額",""
"=""6257""","矽格","348415.0000","矽格北興廠區 中興廠區 湖口廠區","32.9000","百萬元營業額",""
"=""6269""","台郡","1194240.0000","僅母公司","1.1930","產品",""
"=""6271""","同欣電","1288590.3800","資料涵蓋合併財務報表之母子公司，共四個廠區，不含總部辦公室 1.台北廠-新北市鶯歌區鶯桃路365巷55號 2.龍潭廠-桃園市龍潭區龍園五路21號 3.竹北廠-新竹縣竹北市泰和路84號與 昌益辦公室-新竹縣竹北市環科一路1號6樓之1號 4.菲律賓廠-103Prosperity Ave, Calamba, 4037 Laguna, Philippines","54.7400","百萬元營業額",""
"=""6277""","宏正","17947.0600","本公司及汐萬廠區","4.7700","百萬元營業額",""
"=""6278""","台表科","466000.0000","母公司及子公司-峻凌電子(蘇州)有限公司","6.3000","百萬元營業額",""
"=""6281""","全國電","62598.0000","台水及北水","2.9262","百萬元營業額",""
"=""6282""","康舒","658770.0000","包含合併財務報表之母子公司","2601.6745","NTD每億元營收","ISO 14001"
"=""6283""","淳安","無，無統計相關數據","","無，無統計相關數據","",""
"=""6285""","啟碁","530711.0000","取水量計算範圍為碁總部、力行廠、南科廠、佳、新、基永昌（昆山與南京）、越南廠。","5.2700","百萬元營業額","ISO 14001"
"=""6288""","聯嘉","54010.0000","組織邊界  台灣總公司(聯嘉光電股份有限公司) 地址：350苗栗縣竹南鎮科東一路2號  外倉 地址：350苗栗縣竹南鎮和興路364號","0.0140","百萬元營業額",""
"=""6405""","悅城","116881.0000","母公司","86728.0000","製程用水",""
"=""6409""","旭隼","0.1923","1.包含合併財務報表之母子公司 2.旭隼科技在台灣、大陸及越南，均位於工業區辦公大樓，在生產製造時無需耗用水資源（即無工業用水需求），僅須使用員工生活用水、而其來源均為市政供水，其取得及排放均依市政供水規定。","0.2599","員工生活用水","ISO 14001"
"=""6412""","群電","657267.1200","群電台北總公司、群電東莞廠、群電蘇州廠、群電重慶廠、群電泰國廠","16.0100","百萬元營業額",""
"=""6414""","樺漢","3653.0000","僅母公司","無，無統計相關數據","",""
"=""6415""","矽力*-KY","17608.0000","矽力杰半導體技術（杭州）有限公司","0.0008","千元營業額",""
"=""6416""","瑞祺電通","7985.0000","僅母公司","2.3045","百萬元營業額",""
"=""6426""","統新","32253.0000","母公司","無，無統計相關數據","",""
"=""6431""","光麗-KY","無，未達盤查標準，尚未開始盤查。","","無，未達盤查標準，尚未開始盤查。","",""
"=""6438""","迅得","7312.0000","僅母公司","2.1415","百萬元營業額",""
"=""6442""","光聖","11768.0000","僅母公司","4.0000","百萬元營業額",""
"=""6443""","元晶","564635.0000","111年台北公司、新竹廠及屏東廠資料加總","62.7020","百萬元營業額",""
"=""6446""","藥華藥","46.2200","藥華醫藥台北總公司+台中廠(含取水量、排水量、耗水量)","無，無統計相關數據","",""
"=""6449""","鈺邦","無，無統計相關數據","","無，無統計相關數據","",""
"=""6451""","訊芯-KY","383954.0000","2022.1~2022.12訊芯電子科技(中山)有限公司及訊芸電子科技(中山)有限公司之廣東省中山市廠區","4.2100","噸/萬元產值，訊芯電子科技(中山)有限公司及訊芸電子科技(中山)有限公司之廣東省中山市廠區",""
"=""6456""","GIS-KY","2261131.9700","本公司及子公司所有廠區","18.0200","百萬元營業額",""
"=""6464""","台數科","6164.0000","僅母公司","0.3370","千元營業額",""
"=""6472""","保瑞","72413.0000","竹南廠、竹北廠及台南廠","6.9004","百萬元營業額",""
"=""6477""","安集","22075.0000","20220101-20221231","0.0068","千元營業額",""
"=""6491""","晶碩","313134.0000","僅母公司","0.0000","每百萬單位產品用水量393公噸",""
"=""6504""","南六","380028.0000","111/1/1-111/12/31","無，無統計相關數據","",""
"=""6505""","台塑化","44019018.0000","母公司","51.9063","百萬元營業額",""
"=""6515""","穎崴","15638.0000","台灣所有廠區","3.0530","百萬元營業額",""
"=""6525""","捷敏-KY","228191.0000","包含合併財務報表之子公司","0.0465","產品",""
"=""6531""","愛普*","2250.0000","母公司","0.4526","百萬元營業額",""
"=""6533""","晶心科","2248.0000","僅母公司","無，無統計相關數據","",""
"=""6541""","泰福-KY","2400.0000","合併財務報表之母子公司","0.1100","噸/新台幣仟元營收",""
"=""6550""","北極星藥業-KY","無，無統計相關數據","","無，無統計相關數據","",""
"=""6552""","易華電","432314.0000","易華公司","0.0010","產品",""
"=""6558""","興能高","3532.2000","合併財務報表之母子公司","3.0757","百萬元營業額",""
"=""6573""","虹揚-KY","無，無統計相關數據","","無，無統計相關數據","",""
"=""6579""","研揚","4678.0000","僅母公司","0.7880","百萬元營業額",""
"=""6581""","鋼聯","59472.0000","僅母公司","0.3619","服務",""
"=""6582""","申豐","108015.0000","母公司","3.3900","產品",""
"=""6585""","鼎基","89052.0000","本公司之高雄辦公室以及台灣各廠(高雄廠、屏東廠)","0.0360","仟元",""
"=""6591""","動力-KY","無，無統計相關數據","","無，無統計相關數據","",""
"=""6592""","和潤企業","9435.0000","母公司之全台營運據點","無，詳年報說明","",""
"=""6598""","ABC-KY","無，無統計相關數據","","無，無統計相關數據","",""
"=""6605""","帝寶","4200.0000","年度","0.0000","百萬元營業額",""
"=""6606""","建德工業","4961.0000","水費繳費單","無，無統計相關數據","",""
"=""6625""","必應","無，無統計相關數據","","無，無統計相關數據","",""
"=""6641""","基士德-KY","11862.0000","合併報表之子公司之一-川源(中國)平湖廠區","8.7029","百萬元營業額",""
"=""6655""","科定","無，無統計相關數據","","無，無統計相關數據","",""
"=""6657""","華安","無，無統計相關數據","","無，無統計相關數據","",""
"=""6666""","羅麗芬-KY","14517.0000","子公司嘉文麗（福建）化妝品有限公司","0.0114","產品",""
"=""6668""","中揚光","39134.0000","111/1/1~111/12/31","88.1400","百萬元營業額",""
"=""6669""","緯穎","187830.0000","母公司及全球主要營運與製造廠區(緯穎科技墨西哥子公司)","0.6413","百萬元營業額",""
"=""6670""","復盛應用","125432.0000","母公司","4.5000","百萬元營業額",""
"=""6671""","三能-KY","47623.7600","合併財務報表之母子公司","25.5772","百萬元營業額",""
"=""6672""","騰輝電子-KY","168006.0000","合併財務報表之子公司生產型廠區","0.0299","千元營業額",""
"=""6674""","鋐寶科技","53893.0000","母公司","無，無統計相關數據","",""
"=""6689""","伊雲谷","2633.0200","母公司","1.1081","百萬元營業額","ISO 14001"
"=""6691""","洋基工程","無，無統計相關數據","","無，無統計相關數據","",""
"=""6695""","芯鼎","無，111年水費屬房屋租約一部份，故無法取得揭露數據。","","無，111年水費屬房屋租約一部份，故無法取得揭露數據。","",""
"=""6698""","旭暉應材","42080.0000","僅母公司","0.0336","千元營業額",""
"=""6706""","惠特","28362.0000","僅母公司","6.3620","百萬元營業額",""
"=""6715""","嘉基","62539.0000","包含合併財務報表之母子公司-本公司及子公司嘉基蘇州","0.0859","百萬元營業額",""
"=""6719""","力智","4938.3700","母公司","0.8100","百萬元營業額",""
"=""6743""","安普新","無，無統計相關數據","","無，無統計相關數據","",""
"=""6753""","龍德造船","22117.0000","僅母公司","5.7723","百萬元營業額",""
"=""6754""","匯僑設計","3740.0000","總公司+中壢鴻僑","0.7300","百萬元營業額",""
"=""6756""","威鋒電子","3769.0000","僅母公司","無，無統計相關數據","",""
"=""6768""","志強-KY","865.0000","台灣總部辦公室","無，無統計相關數據","",""
"=""6770""","力積電","6359990.0000","母公司","47.9300","產品","ISO 14001"
"=""6776""","展碁國際","7167.0000","申報公司及100%持股子公司及博瑞達總部","0.3100","百萬元營業額",""
"=""6781""","AES-KY","58240.0000","太普動力新能源（常熟）股份有限公司","69.0000","(公噸/人均用水量)",""
"=""6782""","視陽","182200.0000","包含合併財務報表之母子公司","65.6000","百萬元營業額",""
"=""6789""","采鈺","272221.0000","采鈺公司新竹廠","22.6600","公升/8吋晶圓當量-層",""
"=""6790""","永豐實","1366708.0000","臺灣紙品工廠：楊梅廠、清水廠","14.9000","產品","ISO 14001"
"=""6792""","詠業","25109.0000","母公司","17.1700","百萬元營業額",""
"=""6796""","晉弘","2802.0000","僅母公司","5.7300","百萬元營業額",""
"=""6799""","來頡","308.0000","母公司","0.2611","百萬元營業額",""
"=""6806""","森崴能源","2822.0000","包含森崴能源母公司頂埔大樓8F總部及一處台南歸仁辦公室據點，與2022年永續報告書揭露排放量呈現一致。","30.0200","平均每位森崴員工2022年用水量，員工涵蓋森崴能源母公司頂埔大樓8F總部及一處台南歸仁辦公室據點",""
"=""6807""","峰源-KY","68650.0000","主要生產基地","16.3134","百萬元營業額",""
"=""6830""","汎銓","9000.0000","僅母公司","9000.0000","百萬元營業額",""
"=""6834""","天二科技","無，尚未完成相關數據統計","","無，尚未完成相關數據統計","",""
"=""6835""","圓裕","無，無統計相關數據","","無，無統計相關數據","",""
"=""6838""","台新藥","","","","",""
"=""6854""","錼創科技-KY創","12408.0000","年","12408.0000","年",""
"=""6861""","睿生光電","144.0000","僅母公司","0.0763","百萬元營業額",""
"=""6862""","三集瑞-KY","","","","",""
"=""6863""","永道-KY","16362.0000","包含合併財務報表之母子公司","無，無統計相關數據","",""
"=""6869""","雲豹能源","無，無統計相關數據","","無，無統計相關數據","",""
"=""6873""","泓德能源","2694.0000","包含合併財務報表之母子公司","0.5320","百萬元營業額",""
"=""6919""","康霈*","","","","",""
"=""6923""","中台","","","","",""
"=""6958""","日盛台駿","","","","",""
"=""6962""","ITH-KY","","","","",""
"=""6969""","成信實業*-創","","","","",""
"=""6988""","威力暘-創","","","","",""
"=""7705""","三商餐飲","","","","",""
"=""8011""","台通","無，無統計相關數據","","無，無統計相關數據","",""
"=""8016""","矽創","6506.8300","矽創(新竹總公司、台北辦公室)","0.5614","百萬元營業額",""
"=""8021""","尖點","32101.0000","僅母公司","0.2130","產品",""
"=""8028""","昇陽半導體","720615.0000","僅母公司","1.7700","產品",""
"=""8033""","雷虎","3749.0000","111年1月-111年12月","0.0400","營業額以仟元計算",""
"=""8039""","台虹","91546.0000","母公司","12.5613","百萬元營業額",""
"=""8046""","南電","4512000.0000","母公司","69.8000","百萬元營業額",""
"=""8070""","長華*","1323211.0000","包含合併財務報表之母子公司","60.5360","百萬元營業額",""
"=""8072""","陞泰","無，無統計相關數據","","無，無統計相關數據","",""
"=""8081""","致新","10908.0000","母公司","1.4700","百萬元營業額",""
"=""8101""","華冠","無，無統計相關數據","","無，無統計相關數據","",""
"=""8103""","瀚荃","無，無統計相關數據","","無，無統計相關數據","",""
"=""8104""","錸寶","160899.0000","母公司-錸寶","164.6900","百萬元營業額",""
"=""8105""","凌巨","2632197.0000","母公司八德廠、新竹廠、頭份廠及子公司KGO","無，無統計相關數據","",""
"=""8110""","華東","1198163.0000","僅母公司","0.0007","產品",""
"=""8112""","至上","2867.0000","僅含母公司","無，本公司主要從事半導體相關零組件代理經銷業務，未有生產製造的營運活動，各營運據點水資源主要用途為辦公區域空調循環用水及員工生活用水，故無統計相關數據。","",""
"=""8114""","振樺電","7767.0000","111年1月~12月","2.5230","百萬元營業額",""
"=""8131""","福懋科","1283290.0000","僅母公司","123.0000","百萬元營業額",""
"=""8150""","南茂","1767131.0000","母公司(台灣六個廠區)","75.1425","百萬元營業額",""
"=""8163""","達方","779870.0000","母公司(台灣廠區及中國廠區)","54.2632","百萬元營業額",""
"=""8201""","無敵","無，無統計相關數據","","無，無統計相關數據","",""
"=""8210""","勤誠","153757.0000","該年度用水量與該年度營收","0.0140","百萬元營業額",""
"=""8213""","志超","556202.0000","僅母公司","1755.0000","(度/人)",""
"=""8215""","明基材","432740.0000","包含合併財務報表之母子公司","2.7800","百萬公升/億元營業額",""
"=""8222""","寶一","2212.0000","臺南市新營區新工路13巷1號","無，無統計相關數據","",""
"=""8249""","菱光","963.0000","母公司","無，無統計相關數據","",""
"=""8261""","富鼎","2713.4900","僅母公司","21.0000","服務",""
"=""8271""","宇瞻","9875.0000","僅母公司","0.0012","千元營業額",""
"=""8341""","日友","298088.0000","母公司(雲林廠及彰濱廠)","4.9377","廢棄物焚化處理量",""
"=""8367""","建新國際","27338.0000","僅母公司","16.0060","百萬元營業額",""
"=""8374""","羅昇","1704.0000","母公司","1.3148","百萬元營業額",""
"=""8404""","百和興業-KY","914380.0000","江蘇百宏複合材料科技股份有限公司(原公司名稱:無錫百和織造股份有限公司)、東莞百宏實業有限公司、越南百宏責任有限公司","91.1283","產品",""
"=""8411""","福貞-KY","458000.0000","本公司(福貞控股)及所屬轉投資孫公司(「鼎新金屬股份有限公司」、「鼎立金屬包裝股份有限公司」、「福建福貞金屬包裝有限公司」、「福建福天食品有限公司」)作為揭露範疇","9.1200","產品",""
"=""8422""","可寧衛","657917.0000","可寧衛、吉衛、大寧、岡聯事業及上評資源循環","0.1255","千元營業額",""
"=""8429""","金麗-KY","7000.0000","合併財務報表之母子公司","無，無統計相關數據","",""
"=""8438""","昶昕","98450.0000","大園廠、大園一廠、海湖廠、含銅廢液處理廠、蘆竹廠。","無，無統計相關數據","",""
"=""8442""","威宏-KY","無，無統計相關數據","","無，無統計相關數據","",""
"=""8443""","阿瘦","11022.0000","僅母公司","無，不適用","",""
"=""8454""","富邦媒","97105.6800","母公司與國內子公司(富立人身、富 立綜保、千卉國際、富昇物流、富美 康健)","0.9300","百萬元營業額",""
"=""8462""","柏文","557755.0000","包含合併財務報表之母子公司","154.6742","百萬元營業額",""
"=""8463""","潤泰材","694236.0000","宜蘭冬山廠冷卻用水","無，無統計相關數據","",""
"=""8464""","億豐","無，2021年資料為885百萬公升。2022年資料盤查中。","","無，2022年資料盤查中。","",""
"=""8466""","美吉吉-KY","無，無統計相關數據","","無，無統計相關數據","",""
"=""8467""","波力-KY","158000.0000","2022年","無，無統計相關數據","","ISO 14001"
"=""8473""","山林水","無，無統計相關數據","","無，無統計相關數據","",""
"=""8476""","台境*","無，無統計相關數據","","無，無統計相關數據","",""
"=""8478""","東哥遊艇","10600.0000","僅母公司","392.5926","總用水量(公噸)/營收(億元)",""
"=""8481""","政伸","15770.0000","僅母公司","19.1616","百萬元營業額",""
"=""8482""","商億-KY","無，無統計相關數據","","無，無統計相關數據","",""
"=""8488""","吉源-KY","無，無統計相關數據","","無，無統計相關數據","",""
"=""8499""","鼎炫-KY","無，無統計相關數據","","無，無統計相關數據","",""
"=""8926""","台汽電","811448.0000","台灣汽電共生股份有限公司 官田汽電共生廠","無，無統計相關數據","",""
"=""8940""","新天地","47413.0000","僅母公司","0.0485","千元營業額",""
"=""8996""","高力","26970.0000","母公司","10.0500","百萬元營業額",""
"=""9103""","美德醫療-DR","","","","",""
"=""910322""","康師傅-DR","","","","",""
"=""9105""","泰金寶-DR","","","","",""
"=""910861""","神州-DR","","","","",""
"=""9110""","越南控-DR","","","","",""
"=""911608""","明輝-DR","","","","",""
"=""911622""","泰聚亨-DR","","","","",""
"=""911868""","同方友友-DR","","","","",""
"=""912000""","晨訊科-DR","","","","",""
"=""9136""","巨騰-DR","","","","",""
"=""9802""","鈺齊-KY","749365.0000","合併財務報表之母子公司","無，無統計相關數據","",""
"=""9902""","台火","0.4500","包含合併財務報表之母子公司","無，無統計相關數據","",""
"=""9904""","寶成","9969200.0000","本公司製鞋廠區","0.0433","產品",""
"=""9905""","大華","89415.0000","僅台灣母公司","36.7395","百萬元營業額",""
"=""9906""","欣巴巴","無，無統計相關數據","","無，無統計相關數據","",""
"=""9907""","統一實","1131625.0000","台灣總公司","1.3400","產品",""
"=""9908""","大台北","14406.0000","母公司自有大樓及辦公場所","0.4340","營業額每10萬元",""
"=""9910""","豐泰","1087100.0000","包含合併財務報表之母子公司","11.3350","百萬元營業額",""
"=""9911""","櫻花","13.4300","僅母公司","12.6500","用水度數 /人數",""
"=""9912""","偉聯","無，無統計相關數據","","無，無統計相關數據","",""
"=""9914""","美利達","120728.0000","僅母公司","3.7750","百萬元營業額",""
"=""9917""","中保科","49166.0000","母公司","6.7468","百萬元營業額",""
"=""9918""","欣天然","2052.0000","欣欣大樓","1.0545","百萬元營業額",""
"=""9919""","康那香","192404.0000","僅母公司","12.1500","產量(噸)",""
"=""9921""","巨大","2844990.0000","巨大集團大中華區所有自行車生產據點總取水量","0.4800","單台",""
"=""9924""","福興","52262.0000","僅母公司","0.0019","產品",""
"=""9925""","新保","8027.0000","母公司","無，無統計相關數據","",""
"=""9926""","新海","6122.0000","僅母公司","2.7400","百萬元營業額",""
"=""9927""","泰銘","29132.0000","全廠","4.3268","千元",""
"=""9928""","中視","無，無統計相關數據","","無，無統計相關數據","",""
"=""9929""","秋雨","無，無統計相關數據","","無，無統計相關數據","",""
"=""9930""","中聯資源","213410.0000","中聯資源公司","20.7800","百萬元營業額",""
"=""9931""","欣高","無，無統計相關數據","","無，無統計相關數據","",""
"=""9933""","中鼎","183698.0000","母公司(含總部大樓與全球工地)","5.7900","百萬元營業額","ISO 14001"
"=""9934""","成霖","3898.0000","母公司","無，無統計相關數據","",""
"=""9935""","慶豐富","19146.0000","僅母公司","0.0037","千元營業額",""
"=""9937""","全國","440200.0000","涵蓋本公司所有營運據點及出租加油站予本公司之100%子公司埔祥開發(股)公司及上員(股)公司。","0.1277","公噸/台(洗車台數)",""
"=""9938""","百和","30930.0000","僅母公司","6.3600","產品",""
"=""9939""","宏全","1662.1400","僅母公司","無，因產業特性不同，分為包材及飲料品項: 1.包材事業體:51.1(用水量(噸)/百萬營收) 2.飲料事業體:3.55(用水量(噸)/成品(千公升))","",""
"=""9940""","信義","74963.9000","信義房屋股份有限公司","14.6600","員工人數","ISO 14001"
"=""9941""","裕融","8185.0000","母公司+子公司新鑫、裕富數位","5.1900","員工人數",""
"=""9942""","茂順","無，無統計相關數據","","無，無統計相關數據","",""
"=""9943""","好樂迪","312902.0000","全省門市","131.6283","用水密集度(312902)/其他-營收百萬元(2377)",""
"=""9944""","新麗","17100.0000","母公司","8.2100","產品",""
"=""9945""","潤泰新","694236.0000","冬山廠（子公司）冷卻用水","無，無統計相關數據","",""
"=""9946""","三發地產","4179.0000","三發地產及京富祥營造","0.0018","千元單位營業額",""
"=""9955""","佳龍","9262.0000","包含合併財務報表之母子公司","無，無統計相關數據","",""
"=""9958""","世紀鋼","12034.0000","桃園市觀音區中山路一段1119號","無，無統計相關數據","",""