"報告年度:2022","議題:廢棄物管理"
"公司代號","公司名稱","有害廢棄物量(公噸)-有害廢棄物量(公噸)","非有害廢棄物(公噸)-非有害廢棄物(公噸)","總重量(有害+非有害)(公噸)-總重量(有害+非有害)(公噸)","資料範圍-資料範圍","廢棄物密集度-密集度(公噸/單位)","廢棄物密集度-單位","取得驗證-取得驗證"
"=""1101""","台泥","0.0000","1363.6600","1363.6600","台泥台灣個體公司 (涵蓋企業團營運總部、研究室、2座水泥廠、24座製品廠)","0.0002","產品","ISO 9001"
"=""1102""","亞泥","0.0000","2654.0000","2654.0000","亞洲水泥個體公司","0.2470","百萬元營業額","ISO14001、ISO9001"
"=""1103""","嘉泥","0.0000","344.0000","344.0000","包含合併財務報表之母子公司","0.0002","百萬元營業額",""
"=""1104""","環泥","0.0000","16243.7284","16243.7284","母公司","0.0036","新台幣千元產值",""
"=""1108""","幸福","無，本公司於生產水泥熟料過程中，經過1450度旋窯之燒成，所有替代原料(包含廢棄物)均不會產生，故於生產過程中尚無產生廢棄物；另一般辦公室及廠房所產生之垃圾，則無法統計數量。","無，本公司於生產水泥熟料過程中，經過1450度旋窯之燒成，所有替代原料(包含廢棄物)均不會產生，故於生產過程中尚無產生廢棄物；另一般辦公室及廠房所產生之垃圾，則無法統計數量。","無，本公司於生產水泥熟料過程中，經過1450度旋窯之燒成，所有替代原料(包含廢棄物)均不會產生，故於生產過程中尚無產生廢棄物；另一般辦公室及廠房所產生之垃圾，則無法統計數量。","","無，無統計相關數據","",""
"=""1109""","信大","無，詳年報說明","無，詳年報說明","無，詳年報說明","","無，無統計相關數據","","ISO 9001"
"=""1110""","東泥","0.0000","51.1400","51.1400","僅母公司","0.0301","百萬元營業額",""
"=""1201""","味全","1.3000","5378.4000","5379.7000","1.母公司(含總公司、中央研究所、營業所、台中廠、斗六廠、高雄廠) 2.111年廢棄物重量為5379.70公噸，包含非有害廢棄物5378.40公噸及有廢棄物1.30公噸。 廢棄物處理方式：有害廢棄物採焚燒及化學處理、非有害廢棄物則以回收再利用(含回收及  堆肥處理為主、焚化處理次之) 3.111年廢棄物回收再利用及堆肥量等共計5212.00公噸，資源回收再利用率為96.9%。","0.6650","百萬元營業額","ISO 14001"
"=""1203""","味王","0.0000","0.0000","567.8000","僅母公司","0.2500","百萬元營業額",""
"=""1210""","大成","無，無統計相關數據","無，無統計相關數據","無，無統計相關數據","","無，無統計相關數據","",""
"=""1213""","大飲","52.1300","20.0000","72.1300","僅母公司","無，NA","","NA"
"=""1215""","卜蜂","0.0000","30571.4500","30571.4500","南投肉食品加工廠、台中飼料廠、高雄飼料廠、雲林飼料廠","無，無統計相關數據","",""
"=""1216""","統一","2.2600","36403.7100","36405.9700","僅母公司","7.8000","營業收入千萬元","ISO 14001"
"=""1217""","愛之味","0.0000","2346.8000","2346.8000","污泥、廢食用油、 菜渣、垃圾、廢紙、寶特瓶等","0.3220","產品",""
"=""1218""","泰山","0.0000","1750.5400","1750.5400","泰山食品廠+油脂廠+行政大樓1542、水產飼料廠+北斗牧場208.54","0.1821","百萬元營業額",""
"=""1219""","福壽","0.0350","436.0500","436.0850","母公司、子公司","0.0000","千元營業額。",""
"=""1220""","台榮","0.0000","486.1800","486.1800","本公司雲林廠","0.0043","產品",""
"=""1225""","福懋油","0.4200","841.1500","841.5700","母公司","無，無統計相關數據","",""
"=""1227""","佳格","4.0000","6788.0000","6792.0000","佳格大園廠、中壢廠及佳乳湖口廠","0.0043","公噸/萬元營業額",""
"=""1229""","聯華","0.0000","322.6350","322.6350","母公司-聯華實業投資控股(股)公司以及 子公司-聯華製粉食品(股)公司、聯華置產(股)公司","0.0437","百萬元營業額",""
"=""1231""","聯華食","0.0000","6775.6300","6775.6300","臺灣地區的總公司及各工廠之所有營運相關之活動","0.6289","百萬元營業額",""
"=""1232""","大統益","0.0000","1993.0000","1993.0000","僅母公司","0.0990","百萬元營業額","ISO 14001"
"=""1233""","天仁","0.0000","0.0000","756.1000","本公司天仁茶業股份有限公司直營單位","0.4140","百萬元營業額",""
"=""1234""","黑松","0.6000","2324.0000","2324.6000","中壢廠、斗六廠","0.0100","產品",""
"=""1235""","興泰","無，無統計相關數據","無，無統計相關數據","無，無統計相關數據","","無，無統計相關數據","",""
"=""1236""","宏亞","0.0000","607.0000","607.0000","母子公司","0.2800","百萬元營業額",""
"=""1256""","鮮活果汁-KY","12.5260","4930.5680","4943.0940","子公司：蘇州鮮活飲品股份有限公司","0.0015","千元營業額",""
"=""1301""","台塑","3251.0000","197023.0000","200274.0000","母公司","1.0266","百萬元營業額",""
"=""1303""","南亞","5635.0700","80116.8600","85751.9300","母公司","0.0005","111年個體營業額(千元)。","ISO 14001"
"=""1304""","台聚","63.3500","389.2700","452.6200","台聚高雄廠","0.0022","產品",""
"=""1305""","華夏","47.0000","2812.0000","2859.0000","華夏頭份廠、華聚林園廠、台氯林園廠","0.0027","產品","ISO 14001"
"=""1307""","三芳","329.0000","2030.0000","2359.0000","母公司","3.0600","百萬元營業額",""
"=""1308""","亞聚","0.0000","274.4400","274.4400","亞聚林園廠","0.0021","產品","ISO 14001"
"=""1309""","台達化","2.1000","3492.6000","3494.7000","前鎮廠、林園廠、頭份廠、中山廠","0.0079","產品","ISO 14001"
"=""1310""","台苯","0.0000","1594.6200","1594.6200","台苯高雄廠","0.0050","產品",""
"=""1312""","國喬","0.0000","1114.7100","1114.7100","僅母公司","0.0610","百萬元營業額",""
"=""1313""","聯成","497.6400","1145.4100","1643.0500","母公司林園廠","0.0400","產品",""
"=""1314""","中石化","37627.0000","18552.0000","56179.0000","母公司","2.2446","百萬元營業額","ISO 9001"
"=""1315""","達新","0.0000","103.0000","103.0000","母公司","無，無統計相關數據","",""
"=""1316""","上曜","無，無統計相關數據","無，無統計相關數據","無，無統計相關數據","","無，無統計相關數據","",""
"=""1319""","東陽","382.0000","3320.0000","3702.0000","母公司","0.2357","百萬元營業額",""
"=""1321""","大洋","11.3200","633.9300","645.2500","母公司","0.0043","產品",""
"=""1323""","永裕","0.0000","229.1400","229.1400","永裕塑膠:96.65噸 上海永裕:129.84噸 威瑪精密:2.65噸","0.0001","母公司永裕塑膠96.65噸/1,816,611千元營業額=0.00005",""
"=""1324""","地球","86.0900","69.6200","155.7100","母公司(幼一二廠)","0.1584","百萬元營業額","ISO 14001"
"=""1325""","恆大","無，無統計相關數據","無，無統計相關數據","無，無統計相關數據","","無，無統計相關數據","",""
"=""1326""","台化","73.0000","223242.0000","223315.0000","111年母公司及台醋公司之台灣廠區","90.2800","營業額億元","ISO 14001"
"=""1337""","再生-KY","無，無統計相關數據","無，無統計相關數據","無，無統計相關數據","","無，無統計相關數據","",""
"=""1338""","廣華-KY","355.9200","1035.7200","1391.6400","僅重要子公司東莞廣澤汽車飾件有限公司","0.0090","建築面積",""
"=""1339""","昭輝","155.3100","18.4200","173.7300","母公司","無，無統計相關數據","",""
"=""1340""","勝悅-KY","無，無統計相關數據","無，無統計相關數據","無，無統計相關數據","","無，無統計相關數據","",""
"=""1341""","富林-KY","580.2200","6696.2510","7276.4710","越南子公司","0.5230","產品","ISO 14001"
"=""1342""","八貫","無，無統計相關數據","無，無統計相關數據","無，無統計相關數據","","無，無統計相關數據","",""
"=""1402""","遠東新","12138.0000","178072.0000","190210.0000","生產事業21個生產據點","0.0272","產品","ISO 14001"
"=""1409""","新纖","0.0000","0.0000","5935.1100","新光合纖中壢廠","無，無統計相關數據","",""
"=""1410""","南染","無，無統計相關數據","無，無統計相關數據","無，無統計相關數據","","無，無統計相關數據","",""
"=""1413""","宏洲","155.0800","48.6100","203.6900","宏洲纖維工業股份有限公司桃園工廠","0.0647","百萬元營業額",""
"=""1414""","東和","0.0000","800.5700","800.5700","本公司","無，無統計相關數據","",""
"=""1416""","廣豐","無，無統計相關數據","無，無統計相關數據","無，無統計相關數據","","無，無統計相關數據","",""
"=""1417""","嘉裕","無，無統計相關數據","無，無統計相關數據","無，無統計相關數據","","無，無統計相關數據","",""
"=""1418""","東華","252.7600","122.8200","375.5800","111年委託清除處理量(非經常性產出之事業廢棄物)","無，無統計相關數據","",""
"=""1419""","新紡","0.0000","106.9396","106.9396","生產單位","0.0000","產品",""
"=""1423""","利華","0.0000","2.0200","2.0200","母公司","0.0000","營業額",""
"=""1432""","大魯閣","無，無統計相關數據","無，無統計相關數據","無，無統計相關數據","","無，無統計相關數據","",""
"=""1434""","福懋","2508.4100","17143.5800","19651.9900","台灣廠區","0.7500","百萬元營業額",""
"=""1435""","中福","無，無生產活動","無，無生產活動","無，無生產活動","","無，無生產活動","",""
"=""1436""","華友聯","0.0000","0.0000","2935.0000","僅母公司","無，無統計相關數據","",""
"=""1437""","勤益控","無，公司位置在辦公室大樓，多為生活垃圾，無實際用廢棄物資料","無，公司位置在辦公室大樓，多為生活垃圾，無實際用廢棄物資料","無，公司位置在辦公室大樓，多為生活垃圾，無實際用廢棄物資料","","無，公司位置在辦公室大樓，多為生活垃圾，無實際用廢棄物資料","",""
"=""1438""","三地開發","無，無統計相關數據","無，無統計相關數據","無，無統計相關數據","","無，無統計相關數據","",""
"=""1439""","雋揚","0.0000","0.0000","2.5129","母公司","無，無統計相關數據","",""
"=""1440""","南紡","47.5200","456.2400","503.7600","母公司生產廠區","0.0450","百萬元營業額","ISO 14001"
"=""1441""","大東","無，無統計相關數據","無，無統計相關數據","無，無統計相關數據","","無，無統計相關數據","",""
"=""1442""","名軒","無，無統計相關數據","無，無統計相關數據","無，無統計相關數據","","無，無統計相關數據","",""
"=""1443""","立益物流","無，無統計相關數據","無，無統計相關數據","無，無統計相關數據","","無，無統計相關數據","",""
"=""1444""","力麗","0.0000","3082.0000","3082.0000","母公司各廠區","無，無統計相關數據","","ISO 14001"
"=""1445""","大宇","無，無統計相關數據","無，無統計相關數據","無，無統計相關數據","","無，無統計相關數據","",""
"=""1446""","宏和","0.0000","8.5800","8.5800","母公司","0.0001","千元營業額",""
"=""1447""","力鵬","203.0000","8565.0000","8768.0000","廠區","無，無統計相關數據","","ISO 14001"
"=""1449""","佳和","0.0000","380.7000","380.7000","母公司","0.1500","產品",""
"=""1451""","年興","7051.0000","7250.0000","14301.0000","包含合併財務報表之母子公司","0.0016","千元營業額",""
"=""1452""","宏益","0.0000","10.8100","10.8100","包含合併財務報表之母子公司","0.0005","每公噸產品",""
"=""1453""","大將","無，無統計相關數據","無，無統計相關數據","無，無統計相關數據","","無，無統計相關數據","",""
"=""1454""","台富","無，無統計相關數據","無，無統計相關數據","無，無統計相關數據","","無，無統計相關數據","",""
"=""1455""","集盛","0.0000","1494.3000","1494.3000","母公司之五個製造廠區。","0.0087","產品",""
"=""1456""","怡華","0.0000","132.0000","132.0000","台南官田廠","0.0130","服務",""
"=""1457""","宜進","0.0000","0.0000","2.7840","宜進實業股份有限公司及子公司(光明絲織廠股份有限公司、宏洲纖維工業股份有限公司、億東纖維股份有限公司、欣懋投資股份有限公司、大田國際開發股份有限公司、大宜國際開發股份有限公司)台北公司","0.0028","百萬元營業額",""
"=""1459""","聯發","0.0000","64.7500","64.7500","工廠","0.0033","產品",""
"=""1460""","宏遠","0.0000","10030.5900","10030.5900","母公司","無，無統計相關數據","",""
"=""1463""","強盛新","無，無統計相關數據","無，無統計相關數據","無，無統計相關數據","","無，無統計相關數據","",""
"=""1464""","得力","0.0000","3811.4200","3811.4200","僅母公司","0.8748","百萬元營業額","ISO 14001"
"=""1465""","偉全","無，NA","無，NA","無，NA","","無，NA","",""
"=""1466""","聚隆","0.0000","250.0000","250.0000","母公司","0.0089","百萬元營業額",""
"=""1467""","南緯","0.0320","25.7280","25.7600","母公司","無，無統計相關數據","",""
"=""1468""","昶和","無，無統計相關數據","無，無統計相關數據","無，無統計相關數據","","無，無統計相關數據","",""
"=""1470""","大統新創","0.0000","1281.0000","1281.0000","合併財務報表之母子公司之桃園廠區","0.2400","產量(公噸)",""
"=""1471""","首利","無，無統計相關數據","無，無統計相關數據","無，無統計相關數據","","無，無統計相關數據","",""
"=""1472""","三洋實業","無，無統計相關數據","無，無統計相關數據","無，無統計相關數據","","無，尚未訂定","",""
"=""1473""","台南","685.5300","1149.1500","1834.6800","包含合併財務報表之母子公司","0.0001","產品",""
"=""1474""","弘裕","0.0000","732.0000","732.0000","母公司","0.2900","百萬元營業額",""
"=""1475""","業旺","無，詳年報說明","無，詳年報說明","無，詳年報說明","","無，詳年報說明","",""
"=""1476""","儒鴻","0.0000","0.0000","12181.0810","包含合併財務報表之母子公司","0.0003","百萬元營業額",""
"=""1477""","聚陽","78.0000","2862.0000","2940.0000","範圍含聚陽股份有限公司(總公司)、Leader Garments Corp.、Moha Garments Co., Ltd.、Triple Garment(Vietnam) Co., Ltd.、Makalot Garments(Vietnam) Co., Ltd.、Makalot Garments(Cambodia) Co., Ltd.、PT. Glory Industrial Semarang、 PT. Starlight Garment Semarang、Leader Garment(Vietnam) Co., Ltd.、Jiaxing Ruiyang Garment Co., Ltd、Jiaxing Rising Garment Co.,Ltd、Jiaxing Suntex Garment Co.,Ltd","0.0900","百萬元營業額","ISAE3000"
"=""1503""","士電","2.0000","986.8400","988.8400","揭露範疇涵蓋士電台灣營運地區，包含台北總部及四大事業群(重電事業群、電裝品事業群、機器事業群與自動化事業群)但揭露範疇不包含合併報表之子公司及海外據點。","無，無統計相關數據","",""
"=""1504""","東元","0.0000","1981.2600","1981.2600","台灣所有廠區","11.5000","百萬元營業額","ISO 14001"
"=""1506""","正道","2.2300","839.8300","842.0600","僅母公司","0.9133","百萬元營業額",""
"=""1512""","瑞利","無，無統計相關數據","無，無統計相關數據","無，無統計相關數據","","無，無統計相關數據","",""
"=""1513""","中興電","0.0000","0.0000","416.8362","母公司111年度","0.0225","百萬元營業額",""
"=""1514""","亞力","0.0000","115.7600","115.7600","母公司","無，無統計相關數據","",""
"=""1515""","力山","19.1400","40.3600","59.5000","僅母公司","0.0130","百萬元營業額",""
"=""1516""","川飛","無，無統計相關數據","無，無統計相關數據","無，無統計相關數據","","無，無統計相關數據","",""
"=""1517""","利奇","0.0000","592.8791","592.8791","廢紙、廢木材棧板、廢塑膠、廢鐵、廢潤滑油、廢無機性污泥、廢橡膠或其混合物","0.1539","百萬元營業額",""
"=""1519""","華城","0.0000","0.0000","1046.4560","僅母公司","0.1442","百萬元營業額","ISO 14001"
"=""1521""","大億","無，無統計相關數據","無，無統計相關數據","無，無統計相關數據","","無，無統計相關數據","",""
"=""1522""","堤維西","0.0000","620.1500","620.1500","111年廢棄物聯單系統","5.3800","億元營收","ISO 14001"
"=""1524""","耿鼎","0.0000","219.9900","219.9900","母公司","0.0149","產品",""
"=""1525""","江申","0.0000","188.3500","188.3500","僅母公司","0.1250","百萬元營業額",""
"=""1526""","日馳","0.0000","0.0000","67.3400","母公司","無，無統計相關數據","",""
"=""1527""","鑽全","0.0000","40.6300","40.6300","全公司","40.6300","千元營業額","ISO 14001"
"=""1528""","恩德","無，無統計相關數據","無，無統計相關數據","無，無統計相關數據","","無，無統計相關數據","",""
"=""1529""","樂事綠能","無，無統計相關數據","無，無統計相關數據","無，無統計相關數據","","無，無統計相關數據","",""
"=""1530""","亞崴","無，無統計相關數據","無，無統計相關數據","無，無統計相關數據","","無，無統計相關數據","",""
"=""1531""","高林股","無，無統計相關數據","無，無統計相關數據","無，無統計相關數據","","無，無統計相關數據","",""
"=""1532""","勤美","4.2900","5549.4800","5553.7700","勤美股份有限公司金屬成型事業處","0.3419","產品","ISO 14001：2015"
"=""1533""","車王電","1.3900","118.5100","119.9000","母子(孫)公司","119.9000","千元營業額","ISO 14001"
"=""1535""","中宇","0.0000","12.0500","12.0500","包含合併財務報表之母子公司","0.0136","千萬元營業額",""
"=""1536""","和大","0.0000","0.0000","554.8700","僅母公司","0.0760","百萬元營業額","ISO 14001"
"=""1537""","廣隆","2491.0000","1089.0000","3580.0000","含合併財務報表之母子公司","無，無統計相關數據","",""
"=""1538""","正峰","0.0000","15.1000","15.1000","母公司","無，無統計相關數據","",""
"=""1539""","巨庭","無，無統計相關數據","無，無統計相關數據","無，無統計相關數據","","無，無統計相關數據","",""
"=""1540""","喬福","0.0000","0.0000","0.0000","母公司","無，無統計相關數據","",""
"=""1541""","錩泰","5.0000","93.0000","98.0000","僅母公司","0.0241","百萬元營業額",""
"=""1558""","伸興","0.0000","0.0000","920.0000","合併財務報表之母子公司","0.0004","產品","ISO 14001"
"=""1560""","中砂","21.4000","1540.4550","1561.8550","母公司","0.2600","營業額","ISO 14001"
"=""1568""","倉佑","6.6500","580.3050","586.9550","僅母公司","0.4351","百萬營業額","ISO 14001"
"=""1582""","信錦","無，無統計相關數據","無，無統計相關數據","無，無統計相關數據","","無，無統計相關數據","",""
"=""1583""","程泰","無，無統計相關數據","無，無統計相關數據","無，無統計相關數據","","無，無統計相關數據","",""
"=""1587""","吉茂","7735.0000","46900.0000","54635.0000","111年","無，無統計相關數據","",""
"=""1589""","永冠-KY","37184.4100","403.0860","37587.4960","合併財務報表之母子公司","4.0055","百萬元營業額","ISO 14001"
"=""1590""","亞德客-KY","4866.1900","14843.1700","19709.3600","包含集團全部生產工廠，已涵蓋集團95%以上之廢棄物量","1.2300","每百萬元產值",""
"=""1597""","直得","0.0000","334.5330","334.5330","母公司","0.2350","百萬元營業額","ISO 14001"
"=""1598""","岱宇","0.0000","0.0000","57.0200","彰化一廠、二廠及五廠","0.0210","百萬元營業額",""
"=""1603""","華電","無，無統計相關數據","無，無統計相關數據","無，無統計相關數據","","無，無統計相關數據","",""
"=""1604""","聲寶","無，無統計相關數據","無，無統計相關數據","無，無統計相關數據","","無，無統計相關數據","",""
"=""1605""","華新","0.0000","0.0000","234352.8800","楊梅廠、新莊廠、鹽水廠、臺中廠。東莞華新、江陰華新、江陰合金、上海華新、煙台華新、常熟華新、華新精密","0.1800","產品","ISO 14001"
"=""1608""","華榮","13.9000","479.4900","493.3900","涵蓋範圍僅限華榮電線電纜股份有限公司高楠工廠廠區","0.0622","百萬元營業額","ISO 14001"
"=""1609""","大亞","343.0000","2472.0000","2815.0000","大亞集團","0.1052","百萬元營業額",""
"=""1611""","中電","3.6000","21.1100","24.7100","工廠","無，無統計相關數據","","ISO 14001"
"=""1612""","宏泰","131.6700","257.2300","388.9000","僅母公司","0.0609","百萬元營業額","ISO 14001"
"=""1614""","三洋電","0.0000","0.0000","72.0000","母子公司","0.0117","百萬元營業額",""
"=""1615""","大山","0.0000","102.9400","102.9400","111年度","0.0257","百萬元營業額",""
"=""1616""","億泰","0.0000","141.0000","141.0000","母公司","0.0000","千元營業額",""
"=""1617""","榮星","無，無統計相關數據","無，無統計相關數據","無，無統計相關數據","","無，無統計相關數據","",""
"=""1618""","合機","0.0000","490.0100","490.0100","母公司(不含子公司)","0.1711","百萬元營業額","ISO 14001"
"=""1626""","艾美特-KY","114.6700","21.0000","135.6700","營運地深圳艾美特+九江艾美特","135.6700","百萬元營業額",""
"=""1702""","南僑","35.0000","14104.0000","14139.0000","台灣、中國大陸、泰國地區之製造單位及餐飲事業","0.6904","百萬元營業額",""
"=""1707""","葡萄王","10.8100","2815.1010","2825.9110","葡萄王生技","0.2720","百萬元營業額","ISO 14001"
"=""1708""","東鹼","0.0000","874.6200","874.6200","僅母公司","5.0000","公噸/每人/年","ISO 14001"
"=""1709""","和益","0.0600","178.0200","178.0800","僅母公司(工廠)","0.0200","百萬元營業額",""
"=""1710""","東聯","0.0300","640.6000","640.6300","母公司","0.0501","百萬元營業額","ISO 14001"
"=""1711""","永光","1693.4000","8804.0000","10497.4000","永光化學一~四廠、新竹全通科技、蘇州永光","1.2000","百萬元產值","ISO 14001"
"=""1712""","興農","0.0000","1947.8300","1947.8300","母公司王田廠區(王田廠、王田二廠、生物工廠)","0.1300","植物保護佰萬元營收","ISO 14001"
"=""1713""","國化","0.0000","0.0000","188.8000","屏南分公司","0.0003","產品",""
"=""1714""","和桐","0.0000","133.6200","133.6200","高雄廠","0.0037","產品","ISO 9001, ISO 14001及ISO 45001"
"=""1717""","長興","46661.0000","7598.0000","54259.0000","母公司及包含合併財務報表之國內與國外子公司","0.0841","產品",""
"=""1718""","中纖","0.0000","21486.1000","21486.1000","111年度申報量","4.0811","營業額5264762仟元",""
"=""1720""","生達","574.5836","202.2150","776.7986","生達一廠+生達二廠","28.0200","百萬元營業額",""
"=""1721""","三晃","129.4900","1741.5800","1871.0700","母公司","0.0819","產品","確信準則公報第一號"
"=""1722""","台肥","301.7300","710.3500","1012.0800","母公司 台中廠 花蓮廠 苗栗廠","0.1230","產品",""
"=""1723""","中碳","18.2400","194.0800","212.3200","母公司","0.0203","百萬元營業額","ISO 14001"
"=""1725""","元禎","0.0000","0.0000","21.5710","母公司","0.0029","百萬元營業額",""
"=""1726""","永記","672.8500","1590.9700","2263.8200","20220101~20221231","無，無統計相關數據","","ISO9001及ISO14001"
"=""1727""","中華化","189.7320","1451.5520","1641.2840","桃園一廠、桃園二廠","0.0100","產品",""
"=""1730""","花仙子","0.2260","78.9420","79.1680","包含合併財務報表之母子公司","0.0280","百萬元營業額",""
"=""1731""","美吾華","0.0000","12.1200","12.1200","台北總公司、台中及高雄服務中心及楊梅工廠及物流中心","無，無統計相關數據","",""
"=""1732""","毛寶","0.0000","521.2700","521.2700","母公司","0.8900","噸CO2e/百萬營收",""
"=""1733""","五鼎","2.6110","220.6000","223.2110","母子公司","0.0001","千元營收",""
"=""1734""","杏輝","12.9900","204.5200","217.5100","母公司","0.0001","仟元營業額","ISO 14001"
"=""1735""","日勝化","10.1200","498.6500","508.7700","母公司(未包含再利用廢棄物101.497公噸)","0.0276","產品",""
"=""1736""","喬山","0.0000","27.3700","27.3700","母公司","0.0008","個體營業收入（百萬元）","ISO 14001"
"=""1737""","臺鹽","0.0000","305.8600","305.8600","環境會計資料","305.8600","百萬元營業額",""
"=""1752""","南光","12.2000","214.7630","226.9630","總公司","11.6991","廢棄物有害12.2+非有害214.763公噸  / 營業額19.4億 = 11.6991",""
"=""1760""","寶齡富錦","0.0000","0.0000","359.3592","僅母公司","0.1498","百萬元營業額",""
"=""1762""","中化生","1549.0000","525.0000","2074.0000","母公司","0.0100","產品",""
"=""1773""","勝一","0.0000","829.7900","829.7900","母公司","0.0039","產品","ISO 14001"
"=""1776""","展宇","86.6900","492.9600","579.6500","母公司(第1廠及第2廠)","0.7393","營業額",""
"=""1783""","和康生","無，無統計相關數據","無，無統計相關數據","無，無統計相關數據","","無，無統計相關數據","",""
"=""1786""","科妍","0.0480","41.0000","41.0480","母公司","無，無統計相關數據","",""
"=""1789""","神隆","1891.0000","306.0000","2197.0000","僅母公司","0.7160","百萬元營業額",""
"=""1795""","美時","128.4000","210.9000","339.3000","母公司及重要子公司生產基地及研發中心","0.2300","千萬元營業額",""
"=""1802""","台玻","0.0000","0.0000","22340.7600","111年度 ESG報告書","無，無統計相關數據","","ISO 14001"
"=""1805""","寶徠","無，無統計相關數據","無，無統計相關數據","無，無統計相關數據","","無，無統計相關數據","",""
"=""1806""","冠軍","0.0000","17633.8700","17633.8700","工廠","0.0018","產品","ISO 14001"
"=""1808""","潤隆","0.0000","18460.0300","18460.0300","本公司基隆德安A、B、C區建案","無，無統計相關數據","",""
"=""1809""","中釉","16.2200","132.1800","148.4000","僅母公司","148.4000","產品",""
"=""1810""","和成","9.7000","3661.0000","3670.7000","母公司","0.9721","百萬元營業額","ISO 14001"
"=""1817""","凱撒衛","0.0000","0.0000","82.0800","台灣地區","0.0300","百萬元營業額",""
"=""1903""","士紙","無，依規定本公司屬資本額50億元以下之公司別，應於第三階段完成溫室氣體盤查(115年)，本公司預計於112年啟動執行。","無，依規定本公司屬資本額50億元以下之公司別，應於第三階段完成溫室氣體盤查(115年)，本公司預計於112年啟動執行。","無，依規定本公司屬資本額50億元以下之公司別，應於第三階段完成溫室氣體盤查(115年)，本公司預計於112年啟動執行。","","無，依規定本公司屬資本額50億元以下之公司別，應於第三階段完成溫室氣體盤查(115年)，本公司預計於112年啟動執行。","",""
"=""1904""","正隆","0.0000","335986.0000","335986.0000","母公司","0.2310","噸/噸(工紙、家品、紙與紙板)",""
"=""1905""","華紙","0.0000","255767.0000","255767.0000","華紙合併財報之台灣、大陸生產據點","無，因非GRI準則規範，並未於永續報告書中公開廢棄物密集度資訊。","",""
"=""1906""","寶隆","無，無統計相關數據","無，無統計相關數據","無，無統計相關數據","","無，無統計相關數據","",""
"=""1907""","永豐餘","369.0000","537374.0000","537743.0000","永豐餘年報所稱三大事業群（林漿紙事業群、工紙紙器事業群、消費品事業群）之台灣、大陸、越南合計35個生產據點。","0.2700","產品",""
"=""1909""","榮成","27.6100","52980.3600","53007.9700","全台灣廠區","1.0008","百萬元營業額",""
"=""2002""","中鋼","58.3000","559748.4000","559806.7000","母公司","0.0663","廢棄物量(公噸)/鋼胚(公噸)","ISO 14001"
"=""2006""","東和鋼鐵","33601.0000","320186.0000","353787.0000","母公司生產廠區 (桃園廠、苗栗廠、高雄廠) 廢棄物處理","0.1680","公噸鋼胚產量","ISO 14001"
"=""2007""","燁興","243.0000","8030.0000","8273.0000","本公司","1.2100","百萬元營業額",""
"=""2008""","高興昌","0.0300","435.4000","435.4300","總公司(無子公司)含屏南廠","0.0087","產品","ISO 14001"
"=""2009""","第一銅","796.3350","335.3900","1131.7250","僅計算第一伸銅科技股份有限公司臨海廠","0.1060","產品","ISO 14001"
"=""2010""","春源","0.0000","12480.0000","12480.0000","台灣總公司及北中南各生產營業據點","0.0290","產品","ISO 14001"
"=""2012""","春雨","7907.8600","2219.5000","10127.3600","母公司","0.0018","千元營業額","ISO 14001"
"=""2013""","中鋼構","0.0000","1387.7000","1387.7000","僅母公司","無，無統計相關數據","",""
"=""2014""","中鴻","17744.4750","87346.8060","105091.2810","母公司","0.0428","產品",""
"=""2015""","豐興","32434.0000","354464.0000","386898.0000","僅母公司","10.0220","百萬元營業額","ISO 14001"
"=""2017""","官田鋼","0.0000","2583.9700","2583.9700","官田廠、麻豆廠","0.9500","百萬元營業額",""
"=""2020""","美亞","0.0000","0.0000","7200.6540","111年度","0.0012","營業額單位：千元營業額","ISO 14001"
"=""2022""","聚亨","1294.7900","1067.1900","2361.9800","母公司","0.0500","產品",""
"=""2023""","燁輝","160.0000","2988.0000","3148.0000","燁輝企業股份有限公司(僅母公司)","1.6000","百萬元營業額","確信準則 3000號"
"=""2024""","志聯","769.0000","175.0000","944.0000","廢酸+生活垃圾","0.8075","百萬元營業額","ISO 14001"
"=""2025""","千興","0.0000","0.0000","1213.7900","僅母公司","0.0010","千元營業額",""
"=""2027""","大成鋼","0.0000","715.5300","715.5300","僅母公司","0.0172","產品",""
"=""2028""","威致","20830.0000","129025.0000","149855.0000","個別公司","無，無統計相關數據","",""
"=""2029""","盛餘","6.8000","1540.0900","1546.8900","統計2022年有害/一般污泥產出量","4.2140","產品",""
"=""2030""","彰源","0.0000","0.0000","330.6100","一廠、二廠、三廠、大連廠、元山廠、元富廠、員製課、南營部、北營部","0.0023","生產量","ISO 14001"
"=""2031""","新光鋼","0.0000","179.1339","179.1339","事業廢棄物(含生活垃圾)","0.0124","百萬元營業額",""
"=""2032""","新鋼","無，無統計相關數據","無，無統計相關數據","無，無統計相關數據","","無，無統計相關數據","",""
"=""2033""","佳大","1003.9500","158.7900","1162.7400","母公司","1.4341","百萬元營業額",""
"=""2034""","允強","350.3000","772.2300","1122.5300","僅母公司所有廠區","0.0092","產品","ISO 14001"
"=""2038""","海光","5733.4200","39692.8500","45426.2700","有害：集塵灰產出 非有害：氧化碴、還原碴產出","4.1100","百萬元營業額",""
"=""2049""","上銀","349.0000","11245.0000","11594.0000","包含上銀科技股份有限公司(營運總部、台中廠區、雲林廠區及嘉義廠區)","0.5200","百萬元營業額","ISO 14001:2015"
"=""2059""","川湖","44.8800","257.9600","302.8400","母公司及子公司川益科技(股)公司兩個廠區","0.0167","千組產品","ISO 14001"
"=""2062""","橋椿","100.1100","1179.1200","1279.2300","母公司","0.3900","產品","GRI準則"
"=""2069""","運錩","0.0000","25.3200","25.3200","僅母公司所有廠區","無，無統計相關數據","","ISO 14001"
"=""2101""","南港","0.0000","0.0000","2570.4700","企業永續報告書(111年總量)","0.0835","產品","ISO 14001"
"=""2102""","泰豐","0.0000","995.7600","995.7600","僅母公司","0.0750","每噸產品",""
"=""2103""","台橡","2144.6300","3260.0000","5404.6300","合併財務報表之母子公司","10.0100","每千噸產品產量","中華民國會計研究發展基金會所發佈確信準則公報3000號進行SASB指標之有限確信"
"=""2104""","國際中橡","181.5000","1312.7000","1494.2000","國際中橡100%持有之子公司林園先進。","0.0100","產品",""
"=""2105""","正新","1.3400","2991.5000","2992.8400","母公司","0.0200","產品",""
"=""2106""","建大","0.0000","0.0000","2168.2600","台灣地區","0.0561","百萬元營業額","ISO 14001"
"=""2107""","厚生","0.0000","160.5000","160.5000","厚生 桃園廠","0.0830","百萬元營業額",""
"=""2108""","南帝","22.8200","1604.4500","1627.2700","僅母公司","12.0745","產量千噸",""
"=""2109""","華豐","0.0000","458.6600","458.6600","一般事業廢棄物及廢橡膠總量","0.0800","百萬元營業額","ISO 14001"
"=""2114""","鑫永銓","0.0000","633.0000","633.0000","母公司","無，無統計相關數據","",""
"=""2115""","六暉-KY","無，無統計相關數據","無，無統計相關數據","無，無統計相關數據","","無，無統計相關數據","",""
"=""2201""","裕隆","18.1070","2531.1700","2549.2770","裕隆汽車製造(股)公司三義廠區","0.1138","百萬營業額",""
"=""2204""","中華","44.8442","4513.7300","4558.5742","楊梅廠+新竹廠","0.0362","產品為楊梅廠+新竹廠年車輛生產台數總量","ISO 14001"
"=""2206""","三陽工業","0.0000","8737.6300","8737.6300","母公司(新竹廠)","0.2435","百萬元營業額",""
"=""2207""","和泰車","0.0000","0.0000","76.5000","母公司","0.1360","人數",""
"=""2208""","台船","609.9100","2695.5200","3305.4300","台船高雄廠","3305.4300","22,753,512仟元產值",""
"=""2211""","長榮鋼","0.0000","8445.8900","8445.8900","僅母公司(長榮鋼鐵)","0.7383","百萬元營業額",""
"=""2227""","裕日車","0.0000","0.0000","64.1000","母公司","0.1750","人均生活廢棄物產出量(公噸/年-人)","ISO 14001"
"=""2228""","劍麟","22.4300","182.8800","205.3100","僅母公司","0.1255","百萬元營業額","ISO 14001"
"=""2231""","為升","5023.0000","28649.7100","33672.7100","無資料","無，無統計相關數據","",""
"=""2233""","宇隆","87.8700","313.0000","400.8700","僅母公司","無，無統計相關數據","",""
"=""2236""","百達-KY","無，無統計相關數據","無，無統計相關數據","無，無統計相關數據","","無，無統計相關數據","",""
"=""2239""","英利-KY","無，無統計相關數據","無，無統計相關數據","無，無統計相關數據","","無，無統計相關數據","",""
"=""2241""","艾姆勒","35.7050","55.7830","91.4880","母公司","0.0001","產品",""
"=""2243""","宏旭-KY","無，無統計相關數據","無，無統計相關數據","無，無統計相關數據","","無，無統計相關數據","",""
"=""2247""","汎德永業","0.0000","0.0000","503.2600","合併財報之母子公司","0.0114","百萬元營業額",""
"=""2250""","IKKA-KY","無，無統計相關數據","無，無統計相關數據","無，無統計相關數據","","無，無統計相關數據","",""
"=""2301""","光寶科","2575.0000","4821.0000","7396.0000","包含母公司與合併財報之部分子公司 光寶科技股份有限公司、光寶電子(天津)有限公司、光寶網絡通訊(東莞)有限公司、光寶光電(常州)有限公司、光寶科技(常州)有限公司、光寶電子(東莞)有限公司、光寶電源科技(東莞)有限公司、旭麗電子(東莞)有限公司、惠州市力信電子有限公司、光寶電子(廣州)有限公司、建興光電科技(北海)有限公司、敦揚(廣州)汽車電子有限公司、光寶智能汽車(廣州)有限公司、LITE-ON VIETNAM CO., LTD.、Lite-On Electronics (Thailand) Co., Ltd.、LITE-ON POWER ELECTRONIC INDIA PRIVATE LIMITED","0.1770","百萬元營業額","ISO 14001"
"=""2302""","麗正","1.0200","35.6930","36.7130","母子公司","0.1177","產品","ISO 14001"
"=""2303""","聯電","25146.0000","20686.0000","45832.0000","母公司(含新加坡分公司)","0.1840","wafer-m2","ISO 14001"
"=""2305""","全友","0.0000","1.8000","1.8000","母公司","0.0144","百萬元營業額",""
"=""2308""","台達電","6390.0000","47772.0000","54162.0000","全球據點","4.9300","產值(單位：百萬美金)","UL2799、ISO14001"
"=""2312""","金寶","3872.3100","15202.8900","19075.2000","合併財務報表之母子公司","0.1100","百萬元營業額",""
"=""2313""","華通","11668.3000","3039.5000","14707.8000","111年度","1.2400","百萬元營業額",""
"=""2314""","台揚","8.1800","60.7415","68.9215","111年2月至112年1月","0.0153","百萬元營業額","ISO 14001"
"=""2316""","楠梓電","2046.6900","1086.0500","3132.7400","僅母公司","0.0018","產品",""
"=""2317""","鴻海","141950.0000","676503.0000","818453.0000","包含合併財務報表母子公司","0.1200","百萬元營業額","ISO 9001、ISO 14001、UL 2799"
"=""2321""","東訊","0.0000","9.9800","9.9800","生活垃圾+一般事業廢棄物(包含政策性成品報廢數量)","79.0000","產品",""
"=""2323""","中環","27.4740","136.5360","164.0100","111/01/01~111/12/31","0.0482","百萬元營業額",""
"=""2324""","仁寶","1002.2000","8321.5000","9323.7000","母公司、仁寶(越南)、仁寶電腦(重慶)、仁寶電腦(成都)及仁寶視訊電子(昆山)、仁寶電子科技(昆山)、仁寶資訊工業(昆山)、仁寶信息技術(昆山)、仁寶數碼科技（昆山）、吉寶通訊（南京）、重慶翊寶智慧電子裝置及Compalead Eletr&#244;nica do Brasil Ind&#250;stria e Com&#233;rcio","0.0087","百萬元營業額","UL2799：仁寶信息技術(昆山)"
"=""2327""","國巨","5143.0100","3954.3400","9097.3500","母公司","2.2600","百萬營業額","ISO 14001"
"=""2328""","廣宇","0.0000","8.6000","8.6000","母公司","0.0007","百萬元營業額",""
"=""2329""","華泰","173.9600","2317.4000","2491.3600","2022.01.01~2022.12.31","0.1600","百萬元營業額",""
"=""2330""","台積電","401215.0000","342804.0000","744019.0000","台灣廠區及部分子公司","0.9900","單位晶圓委外廢棄物處理量（公斤／十二吋晶圓當量- 光罩數）","UL2799"
"=""2331""","精英","0.0000","104.7900","104.7900","精英電腦臺灣總部大樓； 精英電腦臺灣總部大樓為辦公大樓，無生產製造場所，故廢棄物來源為一般生活廢棄物，無有害事業廢棄物。","0.1462","104.79公噸/717人；精英總部大樓2022年人均生活廢棄物產生量為146.15公斤/人.年；精英總部大樓總垃圾量104.79公噸, 資源回收量19.27公噸",""
"=""2332""","友訊","0.0000","0.0000","12.9800","僅母公司大樓","0.0300","員工人數",""
"=""2337""","旺宏","6954.0000","4349.0000","11303.0000","旺宏總部、晶圓二廠、晶圓五廠、測試廠","0.2600","百萬元營業額",""
"=""2338""","光罩","73.0500","40.5300","113.5800","僅母公司","無，無統計相關數據","",""
"=""2340""","台亞","342.4000","428.8200","771.2200","創新廠及力行廠","0.1700","百萬元營業額","ISO 14001"
"=""2342""","茂矽","275.0000","217.0000","492.0000","僅母公司","0.0456","產品",""
"=""2344""","華邦電","4608.0000","4976.0000","9584.0000","母公司","無，本公司採取製程化學品減量、延長化學品使用週期與零配件更換時間等源頭改善方式，降低廢棄物產生量；再透過確實分類收集，提高廢棄物回收可行性，並訂定關鍵績效指標（KPI）廢棄物回收率。111年廢棄物回收率為90.1%，符合自訂目標值90%以上之回收率。","","ISO 14001"
"=""2345""","智邦","6.2000","1603.2000","1609.4000","母公司。","0.0208","百萬元營業額",""
"=""2347""","聯強","0.0000","200.0000","200.0000","僅母公司","0.0001","服務","ISO 14001"
"=""2348""","海悅","無，無統計相關數據","無，無統計相關數據","無，無統計相關數據","","無，無統計相關數據","",""
"=""2349""","錸德","0.0000","0.0000","179.8500","僅母公司","無，無統計相關數據","",""
"=""2351""","順德","1007.2050","548.1810","1555.3860","母公司","0.0002","千元營業額","ISO 14001"
"=""2352""","佳世達","877.4400","2648.7000","3526.1400","佳世達台灣/蘇州/越南廠區","0.8400","百萬元營業額","ISO 14001"
"=""2353""","宏碁","0.0000","0.0000","2164.6700","包含合併財務報表之母子公司","0.0079","百萬元營業額",""
"=""2354""","鴻準","1096.3000","5359.8000","6456.1000","鴻準集團主要廠區","0.0710","百萬元營業額","ISO9001；ISO14001"
"=""2355""","敬鵬","0.0000","0.0000","44767.7040","母公司+ 子公司 敬鵬(常熟)電子有限公司","0.0145","M2","ISO 14001"
"=""2356""","英業達","835.2500","26215.0700","27050.3200","英業達股份有限公司Inventec Corporation (士林廠 Shilin site(IET)、桃園廠 Taoyuan site(TAO)、桃園廠 Taoyuan site(TRDC/ITO)、 英業達(重慶)有限公司Inventec (Chongqing) Corporation (ICC)、 英業達科技有限公司Inventec (Pudong) Technology Corporation (IPT)、 上海順詮科技有限公司SQ Technology (Shanghai) Corporation (SQT)、 Inventec (Czech) S.R.O. (ICZ)、 IEC Technologies, S . de R. L. de C. V. (IMX)","5979.7500","公噸/千億營業額","ISO 14001"
"=""2357""","華碩","0.0000","0.0000","448.8140","華碩HQ","448.8140","千元營業額","ISO 14001"
"=""2359""","所羅門","0.0000","0.0000","51.7650","所羅門辦公大樓","無，只有生活廢棄物","",""
"=""2360""","致茂","27.2700","554.6300","581.9000","母公司及台灣地區分公司","0.0251","百萬元營業額","ISO 14001"
"=""2362""","藍天","48.3000","509.0000","557.3000","台北總部辦公室、主要製造廠：昆山廠","0.0296","百萬元營業額",""
"=""2363""","矽統","0.0000","0.0000","47.6830","廢棄物申報三聯單","無，無統計相關數據","",""
"=""2364""","倫飛","0.0000","13.6000","13.6000","僅本公司高雄廠資料","無，無統計相關數據","","ISO 14001"
"=""2365""","昆盈","2.4050","25.3870","27.7920","台北總公司及東莞廠","無，無統計相關數據","","ISO 14001"
"=""2367""","燿華","8270.0000","3138.0000","11408.0000","僅母公司","0.0030","產品",""
"=""2368""","金像電","0.0000","0.0000","67975.0000","母子公司","2.0734","百萬元營業額","ISO 45001"
"=""2369""","菱生","61.0258","882.1230","943.1488","111年1月~12月","0.2543","產品","ISO 14001"
"=""2371""","大同","8.3800","3207.4200","3215.8000","僅母公司","3215.8000","16,792,440千元營業額","ISO 14001"
"=""2373""","震旦行","0.0000","311.0660","311.0660","僅母公司","0.0001","千元營業額",""
"=""2374""","佳能","0.6000","42.0000","42.6000","111年度","0.0081","百萬元營業額","ISO 14001"
"=""2375""","凱美","0.0000","0.0000","93.4000","子公司","無，無統計相關數據","",""
"=""2376""","技嘉","141.5687","2073.2463","2214.8150","技嘉科技營運總部、桃園南平廠、中國東莞廠和中國寧波廠。","0.0206","百萬元營業額","ISO 14064-1：2018 類別4 營運廢棄物"
"=""2377""","微星","168.5740","5619.8400","5788.4140","5788.415","0.0321","百萬元營業額","ISO 14001"
"=""2379""","瑞昱","11.5527","20.3200","31.8727","包含瑞昱新竹營運總部","18.1800","億元營業額",""
"=""2380""","虹光","24.2002","15.3800","39.5802","母公司","0.0233","百萬元營業額",""
"=""2382""","廣達","2525.2880","100452.8769","102978.1649","廣達電腦(股)公司臺灣總部QRDC及廣達台灣製造城QTMC、廣達上海製造城QSMC、廣達重慶製造城QCMC、廣達泰國廠QMB","無，無統計相關數據","","ISO 14001"
"=""2383""","台光電","19148.0400","10882.7100","30030.7500","合併財務報表之母子公司(不含美國子公司)","0.0008","千元營業額",""
"=""2385""","群光","0.0000","0.0000","4066.2700","群光電子(含海外各廠區，不含子公司)","0.0564","百萬元營業額","ISO 14001"
"=""2387""","精元","無，無統計相關數據","無，無統計相關數據","無，無統計相關數據","","無，無統計相關數據","",""
"=""2388""","威盛","0.0000","0.0000","32.6000","威盛台北總公司","0.0035","百萬元營業額","威盛台北總公司"
"=""2390""","云辰","無，無統計相關數據","無，無統計相關數據","無，無統計相關數據","","無，無統計相關數據","",""
"=""2392""","正崴","2047.0000","6701.0000","8748.0000","母公司及主要生產基地之子公司","0.0660","百萬元營業額","UL2799廢棄物零填埋認證"
"=""2393""","億光","141.9000","2265.1200","2407.0200","苗栗苑裡廠、苗栗銅鑼廠、蘇州吳江廠、廣東中山廠","無，無統計相關數據","",""
"=""2395""","研華","242.0500","1000.4800","1242.5300","邊界範疇包含研華台灣(瑞光、陽光、林口、東湖)、中國昆山廠區、日本廠區、韓國廠區、美國廠區及歐洲廠區","0.0180","百萬元營業額","AA1000"
"=""2397""","友通","3.5400","0.0000","3.5400","友通資訊之組織邊界設定以營運控制權為主，友通包括汐止遠雄總部、新店辦公室及桃園工廠。","無，無統計相關數據","",""
"=""2399""","映泰","無，無生產製造無有害或事業廢棄物。","無，無生產製造無有害或事業廢棄物。","無，無生產製造無有害或事業廢棄物。","","無，一般生活廢棄物法令無規範需統計。","",""
"=""2401""","凌陽","0.0000","0.0000","101.0300","僅母公司","0.1507","百萬元營業額","ISO 14001"
"=""2402""","毅嘉","125.2100","39.7900","165.0000","母公司","0.0322","百萬元營業額",""
"=""2404""","漢唐","無，無統計相關數據","無，無統計相關數據","無，無統計相關數據","","無，無統計相關數據","",""
"=""2405""","輔信","0.0000","0.0000","0.0580","母公司","無，無統計相關數據","",""
"=""2406""","國碩","16.3000","139.9000","156.2000","國碩二廠和國碩新豐廠","0.0002","千元營業額",""
"=""2408""","南亞科","17598.0000","6383.0000","23981.0000","母公司","0.0220","千顆晶粒","ISO 14001"
"=""2409""","友達","13397.1100","62806.9700","76204.0800","友達全球營運據點","0.0016","產品","ISO9001及 ISO14001"
"=""2412""","中華電","0.0000","0.0000","7133.0176","2022年ESG永續報告書","無，詳年報說明","","ISO 14001"
"=""2413""","環科","4.0000","10.0000","14.0000","母公司","0.0029","百萬元營業額",""
"=""2414""","精技","0.0000","2.1000","2.1000","僅母公司之文件(紙張)銷毀量","0.0095","億營業額",""
"=""2415""","錩新","2153.8200","68.2200","2222.0400","母公司+錩新科技(越南)公司","2222.0430","百萬元營業額",""
"=""2417""","圓剛","0.0000","13.0700","13.0700","母公司","無，詳年報說明","",""
"=""2419""","仲琦","139.5710","612.1050","751.6760","總部+海外據點(越南工廠)","1.8140","百萬元營業額","ISO9001/ISO14001"
"=""2420""","新巨","1.9900","23.9900","25.9800","五股廠、樹林廠、新豪廠","0.0800","百萬元營業額",""
"=""2421""","建準","43.4440","67.2400","110.6840","高雄總部及工廠、昆山廣興電子有限公司、北海建準電子有限公司、北海立準電子有限公司、Sunon Electronics Philippines Corp","0.0079","百萬元營業額","ISO 14001"
"=""2423""","固緯","0.6600","28.3600","29.0200","母公司","無，無統計相關數據","",""
"=""2424""","隴華","無，無統計相關數據","無，無統計相關數據","無，無統計相關數據","","無，無統計相關數據","",""
"=""2425""","承啟","無，無統計相關數據","無，無統計相關數據","無，無統計相關數據","","無，無統計相關數據","",""
"=""2426""","鼎元","384.4000","182.2000","566.6000","僅母公司","0.2570","百萬元營業額","ISO 14001"
"=""2427""","三商電","0.0000","0.0000","76.5460","桃園倉庫","0.1131","百萬元營業額",""
"=""2428""","興勤","376.3509","218690.8063","219067.1572","本公司所有廠區及子公司元耀科技股份有限公司、興勤(常州)電子有限公司、東莞為勤電子有限公司、興勤(宜昌)電子有限公司及江西興勤電子有限公司","0.0225","KPCS產品",""
"=""2429""","銘旺科","0.0000","0.0000","21.6400","僅母公司","無，無統計相關數據","",""
"=""2430""","燦坤","無，無統計相關數據","無，無統計相關數據","無，無統計相關數據","","無，無統計相關數據","",""
"=""2431""","聯昌","無，無統計相關數據","無，無統計相關數據","無，無統計相關數據","","無，無統計相關數據","",""
"=""2432""","倚天酷碁-創","0.0000","0.0000","1.2700","僅申報公司","0.0000","百萬元營業額",""
"=""2433""","互盛電","0.0000","0.0000","78.2000","僅母公司","0.0001","千元營業額",""
"=""2434""","統懋","0.0000","12.0500","12.0500","母公司","0.2529","百萬元營業額",""
"=""2436""","偉詮電","0.0000","0.0000","1.8080","新竹廠區","0.0006","百萬元營業額","111年12月底進行ISO14001第三方外部驗證,112年3月取得ISO14001證書"
"=""2438""","翔耀","無，無統計相關數據","無，無統計相關數據","無，無統計相關數據","","無，無統計相關數據","",""
"=""2439""","美律","0.0000","0.0000","472.0179","母公司與部分合併財務報表之子公司","0.0133","百萬元營業額","ISO 14001"
"=""2440""","太空梭","無，無統計相關數據","無，無統計相關數據","無，無統計相關數據","","無，無統計相關數據","",""
"=""2441""","超豐","322.8135","1707.0724","2029.8859","公義廠及頭份廠","0.1273","百萬元營業額","ISO 14001"
"=""2442""","新美齊","0.0000","0.0000","2791.0000","111年新美齊新建工程建案","無，詳年報說明","",""
"=""2444""","兆勁","7.0000","140.0000","147.0000","母公司","0.0003","百萬元營業額","ISO 14001"
"=""2449""","京元電子","269.1000","2753.0000","3022.1000","包含合併財務報表之母子公司","8.1000","億元","ISO 14001"
"=""2450""","神腦","0.0000","27.1100","27.1100","新店總公司共10間辦公室","0.0779","公噸/人",""
"=""2451""","創見","0.0000","0.0000","216.8400","僅母公司","0.0179","百萬元營業額",""
"=""2453""","凌群","0.0000","0.0000","33.3700","母公司","0.0059","百萬元營業額",""
"=""2454""","聯發科","0.0000","0.0000","218.5500","僅母公司","0.0177","母公司員工人數",""
"=""2455""","全新","243.8400","42.7050","286.5450","平鎮廠、平鎮二廠","286.5450","產品",""
"=""2457""","飛宏","0.0000","0.0000","51.8000","台灣飛宏:林口總部+台南廠","0.0037","百萬元營業額","ISO 14001"
"=""2458""","義隆","0.0000","0.0000","60.2040","義隆電子(新竹、中和)、義晶、義碩、義傳","0.0820","每年每人","AA1000"
"=""2459""","敦吉","0.0000","0.0000","2.3000","母公司及子公司敦吉檢測科技股份有限公司台北商辦大樓","無，無統計相關數據","",""
"=""2460""","建通","無，詳年報說明","無，詳年報說明","無，詳年報說明","","無，詳年報說明","",""
"=""2461""","光群雷","5.2300","43.8800","49.1100","僅母公司","0.0279","百萬元營業額",""
"=""2462""","良得電","無，無統計相關數據","無，無統計相關數據","無，無統計相關數據","","無，無統計相關數據","",""
"=""2464""","盟立","無，無統計相關數據","無，無統計相關數據","無，無統計相關數據","","無，無統計相關數據","",""
"=""2465""","麗臺","0.0240","0.0240","0.0480","工廠","無，無統計相關數據","",""
"=""2466""","冠西電","0.0000","0.0000","57.9700","母公司宜蘭廠","0.0001","仟元營業額",""
"=""2467""","志聖","0.0000","175.5850","175.5850","母公司","無，無統計相關數據","",""
"=""2468""","華經","無，無統計相關數據","無，無統計相關數據","無，無統計相關數據","","無，無統計相關數據","",""
"=""2471""","資通","0.0000","0.0000","0.0340","主要來源為辦公室廢紙。","無，無統計相關數據","",""
"=""2472""","立隆電","0.0000","0.0000","405.4000","立隆、立隆惠州、立隆蘇州","無，無統計相關數據","",""
"=""2474""","可成","60.7100","11587.5400","11648.2500","僅母公司台南廠區","1.5741","百萬元營業額","ISO 14001"
"=""2476""","鉅祥","無，無統計相關數據","無，無統計相關數據","無，無統計相關數據","","無，無統計相關數據","",""
"=""2477""","美隆電","0.2000","24.0850","24.2850","111/01/01~111/12/31 母公司","0.0075","千元營業額","ISO 14001"
"=""2478""","大毅","1670.9492","190.4500","1861.3992","母公司","0.3710","百萬元營業額","ISO 14001"
"=""2480""","敦陽科","0.0000","3.9800","3.9800","新竹總公司","0.0006","百萬元營業額",""
"=""2481""","強茂","81.0190","250.0075","331.0265","岡山廠","0.0374","營業額","ISO 14001"
"=""2482""","連宇","0.0000","1.2730","1.2730","母公司","無，無統計相關數據","","ISO 14001"
"=""2483""","百容","12.3000","90.0000","102.3000","僅母公司","無，無統計相關數據","",""
"=""2484""","希華","80.2100","38.3000","118.5100","母公司","0.0400","百萬元營業額",""
"=""2485""","兆赫","37.3420","70.1967","107.5387","僅母公司","0.0000","千元營業額","ISO 9001、ISO 14001"
"=""2486""","一詮","390.2445","81.2091","471.4536","母公司","0.0002","千元營業額","ISO 14001"
"=""2488""","漢平","0.6700","11.8300","12.5000","2022年委託公民營處理許可機構清除處理數量與回收業者處理之數量。","0.0041","百萬元營業額",""
"=""2489""","瑞軒","40.4400","3643.9000","3684.3400","包含合併財務報表之母子公司","0.2300","百萬元營業額",""
"=""2491""","吉祥全","0.0000","22.9000","22.9000","母子公司","無，無統計相關數據","",""
"=""2492""","華新科","3559.0000","6761.0000","10320.0000","母公司及主要生產基地之子公司(東莞/蘇州/廣州)","0.0135","產品","ISO 14001"
"=""2493""","揚博","無，無統計相關數據","無，無統計相關數據","無，無統計相關數據","","無，無統計相關數據","",""
"=""2495""","普安","0.4900","0.0000","0.4900","僅母公司","無，無統計相關數據","",""
"=""2496""","卓越","無，無統計相關數據","無，無統計相關數據","無，無統計相關數據","","無，無統計相關數據","",""
"=""2497""","怡利電","0.0000","0.0000","44.0000","有害+非有害","無，0.00002025/千元營業額","","ISO 14001"
"=""2498""","宏達電","9.7720","455.0440","464.8160","範圍以HTC台灣區域為主，涵蓋所有HTC在台灣執行營運的母子公司組織範疇","0.1050","百萬元營業額","ISO 14001"
"=""2501""","國建","0.0000","0.0000","9343.0000","CSR","583.9400","工地數量",""
"=""2504""","國產","0.0000","18446.0000","18446.0000","國產公司所有廠區","無，無統計相關數據","",""
"=""2505""","國揚","無，請參考報告書廢棄物處理一節P.44","無，請參考報告書廢棄物處理一節P.44","無，請參考報告書廢棄物處理一節P.44","","無，請參考報告書廢棄物處理一節P.44","",""
"=""2506""","太設","0.0000","0.0000","3659.0000","僅執行中工地","無，無統計相關數據","",""
"=""2509""","全坤建","無，無統計相關數據","無，無統計相關數據","無，無統計相關數據","","無，無統計相關數據","",""
"=""2511""","太子","無，太子廢棄物來源主要來自工地並分為營建廢棄物與一般廢棄物，111年無新增施工工地，無工地廢棄物。","無，太子廢棄物來源主要來自工地並分為營建廢棄物與一般廢棄物，111年無新增施工工地，無工地廢棄物。","無，太子廢棄物來源主要來自工地並分為營建廢棄物與一般廢棄物，111年無新增施工工地，無工地廢棄物。","","無，無統計相關數據","",""
"=""2514""","龍邦","無，無統計相關數據","無，無統計相關數據","無，無統計相關數據","","無，無統計相關數據","",""
"=""2516""","新建","0.0000","14668.5200","14668.5200","工地","2.1400","百萬元營業額",""
"=""2520""","冠德","0.0000","0.0000","54.7200","公司的生活垃圾","0.0025","百萬元營業額",""
"=""2524""","京城","無，無統計相關數據","無，無統計相關數據","無，無統計相關數據","","無，無統計相關數據","",""
"=""2527""","宏璟","0.0000","273269.3300","273269.3300","包含合併財務報表之母子公司","無，無統計相關數據","",""
"=""2528""","皇普","無，無統計相關數據","無，無統計相關數據","無，無統計相關數據","","無，無統計相關數據","",""
"=""2530""","華建","0.0000","0.0000","4050.0000","合併財務報表之母子公司","0.0900","樓地板面積(平方公尺)",""
"=""2534""","宏盛","0.0000","2754.0000","2754.0000","在建工程（北投石牌、汐止智興、新店心中央）","無，無統計相關數據","",""
"=""2535""","達欣工","0.0000","0.0000","13.4100","母公司營運總部","0.0010","百萬元營業額","ISO 9001"
"=""2536""","宏普","無，無統計相關數據","無，無統計相關數據","無，無統計相關數據","","無，無統計相關數據","",""
"=""2537""","聯上發","無，無統計相關數據","無，無統計相關數據","無，無統計相關數據","","無，無統計相關數據","",""
"=""2538""","基泰","無，無統計相關數據","無，無統計相關數據","無，無統計相關數據","","無，無統計相關數據","",""
"=""2539""","櫻花建","0.0000","1668.3000","1668.3000","母公司","無，無統計相關數據","",""
"=""2540""","愛山林","無，無統計相關數據","無，無統計相關數據","無，無統計相關數據","","無，無統計相關數據","",""
"=""2542""","興富發","無，無統計相關數據","無，無統計相關數據","無，無統計相關數據","","無，無統計相關數據","",""
"=""2543""","皇昌","無，無統計相關數據","無，無統計相關數據","無，無統計相關數據","","無，無統計相關數據","",""
"=""2545""","皇翔","無，尚未啟動","無，尚未啟動","無，尚未啟動","","無，尚未啟動","",""
"=""2546""","根基","0.0000","16108.0000","16108.0000","總公司及工程專案","1.1340","百萬元營業額",""
"=""2548""","華固","0.0000","0.0000","1.9200","僅母公司辦公室","0.0001","百萬元營業額",""
"=""2597""","潤弘","0.0000","168.6540","168.6540","宜蘭冬山廠","無，無統計相關數據","",""
"=""2601""","益航","無，無統計相關數據","無，無統計相關數據","無，無統計相關數據","","600.0100","海運廢棄物總量",""
"=""2603""","長榮","0.0000","0.0000","313.5000","海上船舶及陸上營運據點","無，N/A","",""
"=""2605""","新興","0.0000","0.0000","1.3890","統計船隊產出之廢棄物，包含塑膠類(一般廢棄物)、食物廢棄物(廚房廢油)及有害廢棄物(汙油水/Sludge)","無，無統計相關數據","",""
"=""2606""","裕民","0.0000","0.0000","0.3800","船上食物廢棄物、紙、玻璃、金屬、塑膠及食用油","0.0000","千元營業額","DNV VeriSustain 中度保證等級"
"=""2607""","榮運","無，詳年報說明","無，詳年報說明","無，詳年報說明","","無，無","",""
"=""2608""","嘉里大榮","0.0000","0.0000","1576.5720","嘉里大榮物流組織全部(僅母公司)","0.1600","百萬元營業額",""
"=""2609""","陽明","0.0000","0.0000","306.9400","辦公室、基隆(陽明)貨櫃場及營運船舶","0.0000","仟元個體營業收入","ISO 14001"
"=""2610""","華航","0.0000","0.0000","2346.0000","以母公司為主體（但包含企業總部、修護廠區、台灣地區作業區域與分公司，母數範圍較同業廣）","0.0156","百萬元營業額","ISO 14001"
"=""2611""","志信","無，無統計相關數據","無，無統計相關數據","無，無統計相關數據","","無，無統計相關數據","",""
"=""2612""","中航","0.0000","0.0000","124.0000","合併財務報表之母子公司之一般廢棄物","0.0281","百萬元營業額",""
"=""2613""","中櫃","0.0000","0.0000","779.8800","本公司內部統計資料","無，無統計相關數據","","ISO 14001"
"=""2614""","東森","0.0000","0.0000","4490.5500","僅母公司","3.0362","百萬元營業額",""
"=""2615""","萬海","0.0000","0.0000","1868.2200","台中、高雄碼頭和台灣辦公室","0.0070","百萬元營業額","GHG Protocol and ISO 14064-1:2018"
"=""2616""","山隆","無，無統計相關數據","無，無統計相關數據","無，無統計相關數據","","無，無統計相關數據","",""
"=""2617""","台航","0.0000","0.0000","6.2400","含母子公司","無，無統計相關數據","",""
"=""2618""","長榮航","0.0000","0.0000","182.0300","僅母公司","0.0006","每人每日廢棄物產出量(以24小時計算)","ISO 14001"
"=""2630""","亞航","0.0000","0.0000","118.4100","本公司廠區(松山、台中、台南 (含歸仁)、屏東)所產生之廢棄物量。","0.0291","百萬營業額",""
"=""2633""","台灣高鐵","0.0000","0.0000","6306.7300","12處車站及5個基地","無，無統計相關數據","",""
"=""2634""","漢翔","429.2961","1898.0830","2327.3791","母公司","0.0770","百萬元營業額","ISO 14001"
"=""2636""","台驊控股","無，無統計相關數據","無，無統計相關數據","無，無統計相關數據","","無，無統計相關數據","",""
"=""2637""","慧洋-KY","0.0000","0.0000","2357.0000","包含合併財務報表之母子公司","0.0900","百萬元營業額",""
"=""2642""","宅配通","0.0000","0.0000","416.4327","台灣宅配通股份有限公司","無，無統計相關數據","",""
"=""2645""","長榮航太","無，無統計相關數據","無，無統計相關數據","無，無統計相關數據","","無，無統計相關數據","",""
"=""2646""","星宇航空","","","","","","","N/A"
"=""2701""","萬企","0.0000","0.0000","240.0000","以萬華企業為主體","1.0600","百萬元營業額",""
"=""2702""","華園","0.0000","0.0000","13.5000","僅為母公司","21990.0000","千元營業額",""
"=""2704""","國賓","0.0000","178.0432","178.0432","2022/1/1~2022/12/31以國賓大飯店為主體，包含台北、新竹、高雄三館","0.0001","千元營業額",""
"=""2705""","六福","0.0000","0.0000","901.7523","母公司之主要營運地，包含總公司及南港分公司","0.0005","千元營業額",""
"=""2706""","第一店","0.0000","10.2000","10.2000","臺北市中山區的第一大飯店","0.0351","百萬元營業額",""
"=""2707""","晶華","0.0000","0.0000","1520.7700","台北晶華","0.5024","百萬元營業額",""
"=""2712""","遠雄來","0.0000","0.0000","205.0000","母公司","0.3846","百萬元營業額",""
"=""2722""","夏都","0.0000","204.0700","204.0700","母公司","無，無統計相關數據","",""
"=""2723""","美食-KY","無，無統計相關數據","無，無統計相關數據","無，無統計相關數據","","無，無統計相關數據","",""
"=""2727""","王品","0.0000","0.0000","5311.8000","含王品、王莆(子公司)、群品(子公司)(每餐227g*人次*12個月)","14.9100","含王品、王莆(子公司)、群品(子公司)事業廢棄物量(公克)/實質連鎖營業額(元)","各店廢油採用環保署合格廠商。"
"=""2731""","雄獅","無，無統計相關數據","無，無統計相關數據","無，無統計相關數據","","無，無統計相關數據","",""
"=""2739""","寒舍","0.0000","0.0000","2256.6200","母公司","0.0007","仟元營業額",""
"=""2748""","雲品","0.0000","0.0000","340.5700","母公司","0.1642","百萬元營業額",""
"=""2753""","八方雲集","0.0000","2163.4600","2163.4600","母公司淡水廠、西螺廠、高雄廠","0.4000","百萬元營業額",""
"=""2801""","彰銀","0.0000","0.0000","102.4600","總行(臺北大樓)","0.0030","百萬元營業額","ISO 14001"
"=""2809""","京城銀","0.0000","12.3100","12.3100","母公司總行大樓","42.9100","人均廢棄物(公斤)",""
"=""2812""","台中銀","0.0000","0.0000","60.1000","民權大樓","無，無統計相關數據","",""
"=""2816""","旺旺保","無，無統計相關數據","無，無統計相關數據","無，無統計相關數據","","無，無統計相關數據","",""
"=""2820""","華票","0.0000","0.0000","0.0650","總公司與5家分公司","無，無統計相關數據","",""
"=""2832""","台產","無，無統計相關數據","無，無統計相關數據","無，無統計相關數據","","無，無統計相關數據","",""
"=""2834""","臺企銀","0.0000","0.0000","19.1500","總行大樓","0.0300","總行大樓740人","ISO 14001"
"=""2836""","高雄銀","0.0000","0.0000","35.5700","母公司","0.0100","百萬元營業額",""
"=""2838""","聯邦銀","0.0000","0.0000","155.9490","全行","0.0117","百萬元營業額",""
"=""2845""","遠東銀","0.0000","165.9500","165.9500","母公司國內據點+一家子公司(遠銀資產)","0.0649","人",""
"=""2849""","安泰銀","0.0000","0.0000","46.0733","僅母公司共53個據點之資訊設備及廢紙銷毀。","無，無統計相關數據","",""
"=""2850""","新產","0.0000","0.0000","41.2500","總部大樓","0.0062","服務",""
"=""2851""","中再保","0.0000","0.0000","7.6820","母公司","0.0004","百萬元營業額",""
"=""2852""","第一保","0.0000","0.0000","74.7900","全公司","無，無統計相關數據","",""
"=""2855""","統一證","0.0000","0.0000","43.1107","總部大樓","62.5400","人均垃圾量","ISO 14001"
"=""2867""","三商壽","0.0000","0.0000","14.9700","全公司","無，無統計相關數據","",""
"=""2880""","華南金","0.0000","0.0000","194.9300","華南金控及華南銀行總行大樓","0.0040","百萬元營業額","ISO 14001"
"=""2881""","富邦金","0.0000","0.0000","902.0000","包含富邦金控及子公司富邦人壽、台北富邦銀行、富邦產險、富邦證券、日盛銀行(2023/4併入北富銀)、日盛證券(2023/4併入富邦證券)、富邦期貨、富邦育樂、富邦運動場館、富邦投信、富邦投顧、北富銀創投。","0.0230","員工人數",""
"=""2882""","國泰金","0.0000","0.0000","1187.5400","包含集團(金控、人壽、銀行、產險、證券、投信、投顧、創投、期貨、私募)之國內據點","26.0400","總員工數(公斤/每人)","ISO 14001"
"=""2883""","凱基金","0.0000","0.0000","672.6300","開發金控所有據點及中國人壽北京代表處，未涵蓋包含中國人壽國內所有通訊處及海外子公司所有據點","無，無統計相關數據","","ISO 14001"
"=""2884""","玉山金","0.0000","692.2140","692.2140","100%持有合併財務報表之母子公司，其中95%國內據點有實際盤查，另外5%海外據點為推估值","0.0089","百萬元營業額","ISO 14001、ISO 14064"
"=""2885""","元大金","0.0000","0.0000","651.7000","合併財務報表之母子公司(全台灣營業據點)","57.9100","人均","ISO14064-1"
"=""2886""","兆豐金","0.0000","0.0000","314.5320","包含合併財務報表母子公司之國內所有據點","0.0363","國內員工人數","ISAE 3000"
"=""2887""","台新金","0.0000","0.0000","795.7100","歷年台新金控的廢棄物總重量依內湖、金控及建北大樓的廢棄物總量為計算基礎，再依三棟大數佔全金控的員工數比例推估。","0.0120","百萬元營業額","永續報告書資訊委由BSI查證，取得GRI Standards準則-核心選項與AA1000AS v3第二類型中度保證等級查證"
"=""2888""","新光金","0.0000","1799.8800","1799.8800","包含合併財務報表之母子公司","0.1200","人均廢棄物製造量",""
"=""2889""","國票金","0.0000","0.0000","56.4020","涵蓋包含合併財務報表之母子公司，包括國票金融控股公司、國際票券金融股份有限公司、國票綜合證券股份有限公司、國票證券投資顧問股份有限公司、國票期貨股份有限公司、國票證創業投資股份有限公司、國票創業投資股份有限公司、國旺國際融資租賃有限公司、IBF Financial Holding Co., Ltd.，共計48個據點。","0.0100","佰萬元淨收益","ISO 14001"
"=""2890""","永豐金","0.0000","579.7700","579.7700","金控及旗下5家主要子公司（永豐銀行、永豐金證券、永豐投信、永豐金租賃、永豐創業投資） 之國內所有營運據點納入統計範疇。","0.0667","每人","AA1000 ASv3第二類型高度保證等級"
"=""2891""","中信金","0.0000","0.0000","1317.0000","中信銀行全據點及各子公司之總部","0.0980","人","ISO14064-1:2018"
"=""2892""","第一金","0.0000","0.0000","279.0000","國內全數營運據點","0.0290","員工人數","ISO 14001"
"=""2897""","王道銀行","0.0000","54.0900","54.0900","母公司全球營運據點","0.0500","每人","ISO 14001"
"=""2901""","欣欣","0.0000","185.6200","185.6200","111年度總廢棄物產出量","0.2700","百萬元營業額",""
"=""2903""","遠百","0.0000","0.0000","8316.0000","僅母公司","14.5800","億元營業額",""
"=""2904""","匯僑","0.0000","0.0000","39.2200","臺中港&#11972;&#12038;及&#11972;五槽區","無，無統計相關數據","",""
"=""2905""","三商","無，尚未盤查","無，尚未盤查","無，尚未盤查","","無，尚未盤查","",""
"=""2906""","高林","無，無統計相關數據","無，無統計相關數據","無，無統計相關數據","","無，無統計相關數據","",""
"=""2908""","特力","0.0000","0.0000","467.7340","特&#12050;(股)總部及楊梅物流中&#12092;","0.0310","百萬營收",""
"=""2910""","統領","無，無統計相關數據","無，無統計相關數據","無，無統計相關數據","","無，無統計相關數據","",""
"=""2911""","麗嬰房","無，無統計相關數據","無，無統計相關數據","無，無統計相關數據","","無，無統計相關數據","",""
"=""2912""","統一超","0.0000","0.0000","43992.1200","實際統計包含總部大樓及1,110家門市、推估值包含9處區辦公室及5,521家門市。","5.8000","門市數","AA1000 type2"
"=""2913""","農林","無，無統計相關數據","無，無統計相關數據","無，無統計相關數據","","無，無統計相關數據","",""
"=""2915""","潤泰全","無，本公司辦公場所之廢棄物均為員工日常辦公所產生之辦公廢棄物總量不高，且因係委託大樓管理單位與其他大樓用戶共同處理，統計困難。且經評估後認為廢棄物項目不具重大性故 暫不予統計。營業場所之父器物輛尚在統計中。","無，本公司辦公場所之廢棄物均為員工日常辦公所產生之辦公廢棄物總量不高，且因係委託大樓管理單位與其他大樓用戶共同處理，統計困難。且經評估後認為廢棄物項目不具重大性故 暫不予統計。營業場所之父器物輛尚在統計中。","無，本公司辦公場所之廢棄物均為員工日常辦公所產生之辦公廢棄物總量不高，且因係委託大樓管理單位與其他大樓用戶共同處理，統計困難。且經評估後認為廢棄物項目不具重大性故 暫不予統計。營業場所之父器物輛尚在統計中。","","無，無統計相關數據","",""
"=""2923""","鼎固-KY","0.0000","0.0000","23410.3000","包含上海打浦橋日月光中心、上海嘉定日月光中心、上海御華山以及重慶日月光中心，共計四據點。","0.2539","新台幣十萬元營收",""
"=""2929""","淘帝-KY","無，無統計相關數據","無，無統計相關數據","無，無統計相關數據","","無，無統計相關數據","",""
"=""2939""","永邑-KY","無，無統計相關數據","無，無統計相關數據","無，無統計相關數據","","無，無統計相關數據","",""
"=""2945""","三商家購","0.0000","0.0000","330.0000","物流部紙箱回收數據","無，無統計相關數據","",""
"=""3002""","歐格","0.0000","4.3500","4.3500","母公司","0.0086","百萬元營業額",""
"=""3003""","健和興","0.0000","0.0000","167.4900","僅母公司","0.0000","產品","ISO 14001"
"=""3004""","豐達科","169.3800","242.6500","412.0300","僅母公司","0.1800","百萬元營業額","ISO9001、ISO14001"
"=""3005""","神基","1449.4200","4097.8300","5547.2500","涵蓋神基投控暨其八家子公司","5.0875","百萬元營業額","GRI Standards依循選項與AA 1000 ASv3 Type1 中度保證等級的要求"
"=""3006""","晶豪科","0.4695","19.5700","20.0395","母公司","0.0012","百萬元營業額",""
"=""3008""","大立光","33.0000","3284.0000","3317.0000","母公司","0.0700","百萬元營業額",""
"=""3010""","華立","0.0000","0.0000","108.0400","僅母公司","無，無統計相關數據","",""
"=""3011""","今皓","無，策劃評估中","無，策劃評估中","無，策劃評估中","","無，策劃評估中","",""
"=""3013""","晟銘電","99.0000","2251.0000","2350.0000","包含合併財務報表之母子公司","無，無統計相關數據","",""
"=""3014""","聯陽","1.9600","19.8400","21.8000","母公司","0.0042","百萬元營業額",""
"=""3015""","全漢","56.4350","427.4300","483.8650","母公司與部分子公司","0.0320","百萬元營業額",""
"=""3016""","嘉晶","5.2000","174.4500","179.6500","僅母公司","無，無統計相關數據","","ISO 14001"
"=""3017""","奇鋐","445.6800","7947.3360","8393.0160","台灣高雄、深圳奇宏/興奇宏、東莞明鑫/興奇宏、成都奇宏、武漢奇宏/興奇宏、嘉善萬順達 &#160;、越南","0.1498","廢棄物總量：8393.016噸 / 56016.554TWD'M=0.1498",""
"=""3018""","隆銘綠能","無，無統計相關數據","無，無統計相關數據","無，無統計相關數據","","無，無統計相關數據","",""
"=""3019""","亞光","無，無統計相關數據","無，無統計相關數據","無，無統計相關數據","","無，無統計相關數據","",""
"=""3021""","鴻名","無，無統計相關數據","無，無統計相關數據","無，無統計相關數據","","無，無統計相關數據","",""
"=""3022""","威強電","1.1000","0.0000","1.1000","僅母公司","0.0002","百萬元營業額",""
"=""3023""","信邦","112.8400","1150.6600","1263.5000","集團100%持股之11個據點","0.0037","112.8400(公噸)/30,574.800 (新台幣百萬元,2022年營收)= 0.0037","ISO 14001"
"=""3024""","憶聲","無，無統計相關數據","無，無統計相關數據","無，無統計相關數據","","無，無統計相關數據","",""
"=""3025""","星通","無，無統計相關數據","無，無統計相關數據","無，無統計相關數據","","無，無統計相關數據","",""
"=""3026""","禾伸堂","379.3000","591.5800","970.8800","母公司","0.0600","產品","ISO 14001"
"=""3027""","盛達","0.0000","0.0000","8.4500","僅母公司","無，無統計相關數據","",""
"=""3028""","增你強","0.0000","0.0000","28.5000","範圍包含台灣區內湖總部辦公室","0.0015","百萬元營業額",""
"=""3029""","零壹","無，無統計相關數據","無，無統計相關數據","無，無統計相關數據","","無，無統計相關數據","",""
"=""3030""","德律","0.0000","114.5475","114.5475","母公司","0.0391","產品","TUV:ISO 9001"
"=""3031""","佰鴻","無，無統計相關數據","無，無統計相關數據","無，無統計相關數據","","無，無統計相關數據","",""
"=""3032""","偉訓","無，無統計相關數據","無，無統計相關數據","無，無統計相關數據","","無，無統計相關數據","",""
"=""3033""","威健","0.0000","0.0000","97.8900","威健在台灣營運據點為主（臺北內湖總公司、內湖倉儲中心、桃園倉儲中心及中南部聯絡處(新竹、臺中及高雄)","0.0034","百萬元營業額",""
"=""3034""","聯詠","0.0000","372.3300","372.3300","母公司","0.0034","百萬元營業額",""
"=""3035""","智原","1.5400","22.9800","24.5200","母公司","0.0020","百萬元營業額",""
"=""3036""","文曄","0.0000","143.6000","143.6000","包含合併財務報表母子公司之台灣各營運據點，並新增香港及新加坡物流中心。","0.0036","樓地板面積(平方公尺)",""
"=""3037""","欣興","0.0000","0.0000","121125.0000","母公司及部份子公司","0.8600","百萬元營業額","ISO 14001"
"=""3038""","全台","32.0000","211.0000","243.0000","母公司及東莞廠","0.0220","PCS",""
"=""3040""","遠見","0.0000","500.0000","500.0000","母公司","無，無工廠，無生產行為","",""
"=""3041""","揚智","0.0000","34.0000","34.0000","僅母公司","0.0008","產品",""
"=""3042""","晶技","237.6900","115.1000","352.7900","台灣晶技平鎮廠","0.0333","以個體營收計算，單位：新台幣百萬元","ISO 14001"
"=""3043""","科風","無，無統計相關數據","無，無統計相關數據","無，無統計相關數據","","無，無統計相關數據","",""
"=""3044""","健鼎","114859.0000","35516.0000","150375.0000","健鼎-平鎮/無錫/湖北廠區","0.0023","百萬元營業額","由UL驗證的Zero Waste to Landfill Platinum Operations零填埋白金等級認證,詳見我司官網www.tripod-tech.com"
"=""3045""","台灣大","0.0000","1503.4188","1503.4188","2022","0.0000","千元營業額","依中華民國會計研究發展基金會確信準則公報第3000 號「非屬歷史性財務資訊查核或核閱之確信案件」進行有限確信"
"=""3046""","建碁","0.0000","0.0000","1.7900","含合併財務報表之母子公司","0.0000","百萬元營業額",""
"=""3047""","訊舟","0.0000","128.0000","128.0000","僅母公司","0.0320","百萬元營業額",""
"=""3049""","精金","0.0000","0.0000","1600.4300","母公司(南科廠)","0.0000","0.00000067公噸 ／營業額仟元",""
"=""3050""","鈺德","213.0000","18.0000","231.0000","僅母公司","無，無統計相關數據","","ISO 14001"
"=""3051""","力特","0.0000","568.6000","568.6000","母公司","0.1929","百萬元營業額","ISO 14001"
"=""3052""","夆典","0.0000","0.0000","0.7990","總部辦公處所(新北市中和區新民街112號4樓)","0.0009","營業額以百萬計",""
"=""3054""","立萬利","無，無統計相關數據","無，無統計相關數據","無，無統計相關數據","","無，無統計相關數據","",""
"=""3055""","蔚華科","無，無統計相關數據","無，無統計相關數據","無，無統計相關數據","","無，無統計相關數據","",""
"=""3056""","富華新","0.0000","7.0000","7.0000","資料涵蓋母公司及子公司總太營造","無，無統計相關數據","",""
"=""3057""","喬鼎","0.0000","0.0000","264.8600","母公司","0.3312","百萬元營業額",""
"=""3058""","立德","無，無統計相關數據","無，無統計相關數據","無，無統計相關數據","","無，無統計相關數據","",""
"=""3059""","華晶科","0.0000","0.0000","32.0000","母公司","無，無統計相關數據","",""
"=""3060""","銘異","0.0000","10.6000","10.6000","僅母公司桃園市龜山區範疇","10.6000","產品","ISO 14001"
"=""3062""","建漢","0.0000","0.0000","13.7000","111/1~111/12","無，無統計相關數據","",""
"=""3090""","日電貿","0.0000","0.0000","4.5900","母公司(新店廠辦)","無，無統計相關數據","",""
"=""3092""","鴻碩","0.0000","0.0000","60.7380","合併財務報表之重要子公司-鴻碩蘇州公司","0.0181","百萬元營業額","ISO 14001"
"=""3094""","聯傑","0.0000","0.0000","7.2210","母公司","0.0244","百萬元營業額",""
"=""3130""","一零四","0.0000","0.0000","30.7300","包含新店總公司","0.0420","員工人數",""
"=""3138""","耀登","0.0000","0.0000","6231.0000","僅母公司","54.0000","人",""
"=""3149""","正達","0.0000","0.0000","822.5880","母公司","0.9821","百萬元營業額","ISO 14001"
"=""3164""","景岳","0.0000","0.0000","64.4991","111年各月廢棄物總量(噸) 1月 6.4868 2月 4.2431 3月 9.2432 4月 11.1161 5月 7.5909 6月 4.0356 7月 3.4818 8月 4.2329 9月 0.5639 10月 0.6305 11月 4.2457 12月 8.6286","2.6103","產品",""
"=""3167""","大量","0.0000","60.9000","60.9000","僅母公司","無，無統計相關數據","",""
"=""3189""","景碩","8522.3000","5081.5900","13603.8900","母公司","0.0040","產品",""
"=""3209""","全科","0.0000","0.0000","50.6300","僅包含母公司的台灣總部、各點辦公室及物流倉儲。","0.0008","百萬元營業額",""
"=""3229""","晟鈦","58.0000","78.0000","136.0000","合併財務報表之母子公司","0.1700","百萬元營業額","ISO 14001"
"=""3231""","緯創","1205.5648","39097.7312","40303.2960","母公司及全球主要營運與製造廠區(昆山廠、泰州廠、中山廠、重慶廠、成都廠、墨西哥廠、捷克廠、昆山光電廠及馬來西亞廠)","0.0442","百萬元營業額","ISO 14001"
"=""3257""","虹冠電","0.0000","2.3780","2.3780","下腳料及其他廢棄材料","0.0047","百萬元營業額",""
"=""3266""","昇陽","0.0000","0.0000","18924.0000","僅母公司","0.2800","員工人數67人",""
"=""3296""","勝德","無，無統計相關數據","無，無統計相關數據","無，無統計相關數據","","無，無統計相關數據","",""
"=""3305""","昇貿","0.0000","0.0000","38.8000","營運控制法","1.1275","公噸/千元營業額","ISO 14001"
"=""3308""","聯德","無，無統計相關數據","無，無統計相關數據","無，無統計相關數據","","無，無統計相關數據","",""
"=""3311""","閎暉","14.8211","23.3130","38.1341","本公司之子公司(旭榮電子(深圳)有限公司)","0.1904","新台幣百萬元營業額",""
"=""3312""","弘憶股","無，無統計相關數據","無，無統計相關數據","無，無統計相關數據","","無，無統計相關數據","",""
"=""3321""","同泰","179.1500","311.9000","491.0500","母公司","0.0051","產品",""
"=""3338""","泰碩","無，無統計相關數據","無，無統計相關數據","無，無統計相關數據","","無，無統計相關數據","",""
"=""3346""","麗清","2.5238","19.9952","22.5190","母公司","無，無統計相關數據","","ISO 14001"
"=""3356""","奇偶","無，無統計相關數據","無，無統計相關數據","無，無統計相關數據","","無，無統計相關數據","",""
"=""3376""","新日興","100.8500","691.1900","792.0400","僅母公司","0.9100","十萬元營收",""
"=""3380""","明泰","0.0000","0.0000","81.7370","明泰科技新竹廠","0.0040","百萬元營業額",""
"=""3406""","玉晶光","0.0000","175.9700","175.9700","母公司","175.9700","百萬元營業額",""
"=""3413""","京鼎","20.9500","866.1500","887.1000","僅母公司","0.0597","百萬元營業額","ISO 14001"
"=""3416""","融程電","0.3323","24.6000","24.9323","僅母公司","無，無統計相關數據","",""
"=""3419""","譁裕","0.0000","54.0000","54.0000","僅母公司","無，無統計相關數據","",""
"=""3432""","台端","無，無統計相關數據","無，無統計相關數據","無，無統計相關數據","","無，無統計相關數據","",""
"=""3437""","榮創","4.2600","78.7100","82.9700","僅母公司","0.0380","百萬元營業額","ISO 14001"
"=""3443""","創意","1.0360","1.5400","2.5760","新竹總部","0.0001","百萬元營業額",""
"=""3447""","展達","0.0000","0.0000","267.0000","包含合併財務報表之母子公司","0.0445","百萬元營業額","ISO 14001"
"=""3450""","聯鈞","0.0000","0.0000","35.4260","母公司","無，無統計相關數據","",""
"=""3454""","晶睿","0.0000","32.3700","32.3700","168+192","無，無統計相關數據","",""
"=""3481""","群創","20639.0000","53096.0000","73735.0000","台灣母公司與大陸生產據點子公司的廢棄物總量","0.3296","百萬元營業額","ISO 14001"
"=""3494""","誠研","0.0000","0.0000","1.2000","包含合併財務報表之母子公司","無，與當年度銷售產品組合有關","",""
"=""3501""","維熹","6.2700","90.4200","96.6900","合併財務報表之母子公司(不含美日子公司)","0.0160","百萬元營業額",""
"=""3504""","揚明光","0.0000","0.0000","81.0000","僅母公司","無，無統計相關數據","",""
"=""3515""","華擎","0.0000","0.0000","7.3690","母公司","0.0236","員工人均廢棄物量",""
"=""3518""","柏騰","無，無統計相關數據","無，無統計相關數據","無，無統計相關數據","","無，無統計相關數據","",""
"=""3528""","安馳","無，無統計相關數據","無，無統計相關數據","無，無統計相關數據","","無，無統計相關數據","",""
"=""3530""","晶相光","無，無統計相關數據","無，無統計相關數據","無，無統計相關數據","","無，無統計相關數據","",""
"=""3532""","台勝科","1.9600","9305.5500","9307.5100","僅母公司","0.5680","百萬元營業額",""
"=""3533""","嘉澤","0.0000","0.0000","12710.0800","本公司及廣州、蘇州、中山子公司","0.4700","百萬元營業額","ISO 14001"
"=""3535""","晶彩科","0.0000","22.2000","22.2000","僅母公司","0.0152","百萬元營業額",""
"=""3543""","州巧","無，無統計相關數據","無，無統計相關數據","無，無統計相關數據","","無，無統計相關數據","",""
"=""3545""","敦泰","0.0000","0.0000","3.4700","台灣地區","0.0003","百萬元營業額",""
"=""3550""","聯穎","無，無統計相關數據","無，無統計相關數據","無，無統計相關數據","","無，無統計相關數據","",""
"=""3557""","嘉威","無，無統計相關數據","無，無統計相關數據","無，無統計相關數據","","無，無統計相關數據","",""
"=""3563""","牧德","0.0000","10.0000","10.0000","牧德科技股份有限公司","0.0048","百萬元營業額",""
"=""3576""","聯合再生","1352.4000","2414.0000","3766.4000","母公司(竹科廠、竹南廠及台南廠)","0.2300","百萬元營業額",""
"=""3583""","辛耘","0.0000","0.0000","314.4500","新竹縣湖口鄉中華路16號","無，無統計相關數據","",""
"=""3588""","通嘉","0.6800","2.4000","3.0800","母公司(竹北及板橋office)","0.0020","百萬元營業額",""
"=""3591""","艾笛森","0.7200","7.1900","7.9100","艾笛森中和所有廠區及子公司艾特中和廠區","0.0250","百萬元營業額",""
"=""3592""","瑞鼎","0.0000","0.0000","32.5500","母公司-瑞鼎科技","0.0014","百萬元營業額","ISO 14001"
"=""3593""","力銘","無，無統計相關數據","無，無統計相關數據","無，無統計相關數據","","無，無統計相關數據","",""
"=""3596""","智易","121.4620","990.8400","1112.3020","台灣總部、中國生產中心及越南生產中心","0.0240","百萬元營業額",""
"=""3605""","宏致","2.4595","20.4000","22.8595","此數據是上環保局網站申報的資料","無，生活垃圾佔比較大","",""
"=""3607""","谷崧","無，詳年報說明","無，詳年報說明","無，詳年報說明","","無，無統計相關數據","",""
"=""3617""","碩天","0.0000","21.7180","21.7180","僅母公司（碩天科技台北總部與台南工廠）","無，無統計相關數據","","ISO 14064-1"
"=""3622""","洋華","3.1400","45.2970","48.4370","母公司","31.3305","百萬元營業額",""
"=""3645""","達邁","8.3400","11668.1200","11676.4600","母公司","6.4321","百萬元營業額","ISO 14001"
"=""3652""","精聯","0.0000","5.3500","5.3500","僅母公司之文件紙張銷毀量及電子廢棄物數量","0.2857","億營業額",""
"=""3653""","健策","749.0000","676.0000","1425.0000","母公司","0.1400","百萬元營業額","ISO 14001"
"=""3661""","世芯-KY","0.0000","0.0000","1.3453","新竹辦公室","無，無統計相關數據","",""
"=""3665""","貿聯-KY","802.7000","6470.2000","7272.9000","涵蓋集團33個生產據點: 昆山貿聯廠、昆山翔光廠、常州廠、常州BCNC廠、深圳通盈廠、翔耀廠、康聯廠、廈門新視廠、百事聯廠、佛山城鉞廠、新加 坡加冷廠、馬來西亞柔佛廠、馬來西亞檳城廠、加州廠、密西根廠、德州廠、墨西哥廠、加拿大廠、塞爾維亞廠、斯洛伐克廠、德國廠、法國廠、捷克廠、義大利廠等。","無，無統計相關數據","",""
"=""3669""","圓展","6.9000","96.1500","103.0500","母公司","0.0342","百萬元營業額","ISO 14001"
"=""3673""","TPK-KY","355.0900","7748.3700","8103.4600","包含合併財務報表之母子公司","0.0001","千元營業額","ISO 14001"
"=""3679""","新至陞","0.0000","16.3824","16.3824","111.01~111.12","0.0145","百萬元營業額","ISO 14001"
"=""3686""","達能","0.0000","0.0106","0.0106","包含合併財務報表之母子公司","0.0002","百萬元營業額",""
"=""3694""","海華","10.9490","92.3000","103.2490","上海子公司廠區","無，無統計相關數據","",""
"=""3701""","大眾控","無，無統計相關數據","無，無統計相關數據","無，無統計相關數據","","無，無統計相關數據","",""
"=""3702""","大聯大","0.0000","0.0000","225.8200","台灣地區統計範圍包含台北總部及林口倉庫， 海外地區統計範圍包含中國地區部份辦公室及香港、東莞倉庫","0.0600","各據點員工合計數","依照確信準則3000號「非屬歷史性財務資訊查核或核閱之確信案件」進行有限確信驗證，指標揭露內容參照GRI 306-3"
"=""3703""","欣陸","0.0000","0.0000","33513.3000","母公司及主要營運子公司","1.0425","百萬元營業額","ISO 14001，驗證範圍：鳳山、安平及淡水水資源回收中心"
"=""3704""","合勤控","25.2600","674.8400","700.1000","合勤投資控股股份有限公司、盟創科技股份有限公司、合勤科技股份有限公司、兆勤科技股份有限公司","0.0300","百萬元營業額","ISO 14001"
"=""3705""","永信","無，無統計相關數據","無，無統計相關數據","無，無統計相關數據","","無，無統計相關數據","",""
"=""3706""","神達","140.6500","2502.4600","2643.1100","合併財務報表之母子公司，含台灣營運、研發中心及廠區；中國主要生產據點：廣東順達廠區/江蘇昆達廠區/江蘇璽達廠區；美國加州組裝廠區：MiTAC Information SystemsCorp.","0.0553","百萬元營業額",""
"=""3708""","上緯投控","117.4100","373.7600","491.1700","上緯興業股份有限公司、上偉碳纖複合材料股份有限公司、磁震科技開發股份有限公司","0.1500","百萬元營業額","ISO 14001"
"=""3711""","日月光投控","25418.8900","49972.3800","75391.2700","日月光半導體製造股份有限公司(高雄廠、中壢廠、無錫廠、上海材料廠、上海月芯半導體、日本廠、韓國廠、 新加坡廠、馬來西亞廠、ISE Labs)、矽品精密工業股份有限公司(大豐廠、中山廠、中科廠、新竹廠、彰化廠、中工廠、蘇州廠)、環電股份有限公司(南投廠、張江廠、昆山廠、金橋廠、惠州廠、墨西哥廠)","1.1640","公斤/千美金營收","ISO14001; GRI; SASB"
"=""3712""","永崴投控","0.0000","0.0000","0.0000","母公司","0.0000","母公司為控股公司",""
"=""3714""","富采","9899.0400","2105.6300","12004.6700","邊界主要為富采投資控股股份有限公司，且包含旗下主要子公司晶元光電(包含台灣各廠區據點新竹、苗栗、台中與台南)及其下大陸子公司晶品光電(常州)、晶宇光電(廈門)及江蘇璨揚光電，隆達電子及其大陸子公司達亮電子與晶成半導體","無，無統計相關數據","",""
"=""3715""","定穎投控","41560.0000","11689.0000","53249.0000","資料涵蓋範圍包含合併財務報表之母子公司","3.4810","百萬元營業額","ISO 14001"
"=""3716""","中化控股","","","","","","","N/A"
"=""4104""","佳醫","0.0000","18.9460","18.9460","僅母公司","0.0000","仟元營業額",""
"=""4106""","雃博","0.0000","67.6750","67.6750","僅母公司(即土城廠區),因製程改變故已無有害廢棄物產生。","0.0536","百萬元營業額",""
"=""4108""","懷特","0.0000","6.0000","6.0000","台北公司及楊梅精製廠","無，無統計相關數據","",""
"=""4119""","旭富","493.6900","2277.2700","2770.9600","包含合併財務報表之母子公司","0.0071","產品",""
"=""4133""","亞諾法","0.0000","0.0000","5.7400","資料涵蓋範圍僅母公司。","無，詳年報說明","",""
"=""4137""","麗豐-KY","0.0000","0.0000","46.2770","子公司微碩(上海)日用品有限公司","無，無統計相關數據","",""
"=""4142""","國光生","0.0000","0.0000","531.1527","僅母公司","0.2359","百萬元營業額","ISO 14001"
"=""4148""","全宇生技-KY","無，無統計相關數據","無，無統計相關數據","無，無統計相關數據","","無，無統計相關數據","",""
"=""4155""","訊映","無，無統計相關數據","無，無統計相關數據","無，無統計相關數據","","無，無統計相關數據","",""
"=""4164""","承業醫","0.0000","0.0000","6.3640","包含合併財務報表之母子公司","0.0020","百萬元營業額",""
"=""4190""","佐登-KY","0.3491","43.9100","44.2591","台灣子公司:有害0.0171公噸/非有害40.6公噸 廣州子公司:有害0.332公噸/非有害3.31公噸","無，無統計相關數據","",""
"=""4306""","炎洲","0.0000","0.0000","12397.9100","台灣廠區","0.8400","百萬元營業額",""
"=""4414""","如興","12.6020","635.5100","648.1120","中國常州廠區與柬埔寨廠區","無，無統計相關數據","",""
"=""4426""","利勤","0.0000","483.4100","483.4100","2022年1-12月輸入能源分析","0.1305","產品","ISO 14001"
"=""4438""","廣越","無，無統計相關數據","無，無統計相關數據","無，無統計相關數據","","無，無統計相關數據","",""
"=""4439""","冠星-KY","4013.8045","1031.8180","5045.6225","TOP SPORTS TEXTILE LTD.","0.3097","產品","EMeRet"
"=""4440""","宜新實業","0.0000","44.6590","44.6590","垃圾-彰化廠/台北辦公室/宿舍","無，無統計相關數據","",""
"=""4526""","東台","0.0000","66.8300","66.8300","東台精機股份有限公司第一廠","0.0093","產品",""
"=""4532""","瑞智","0.0000","357.2000","357.2000","僅母公司","0.0400","百萬元營業額",""
"=""4536""","拓凱","2.0000","124.0000","126.0000","本公司","無，無統計相關數據","",""
"=""4540""","全球傳動","0.0000","133.5290","133.5290","111年度","3.9000","百萬元營業額",""
"=""4545""","銘鈺","176.0000","280.0000","456.0000","母公司","0.3800","百萬元營業額",""
"=""4551""","智伸科","583.4800","1648.9900","2232.4700","包含合併財務報表之母子公司","0.0000","產品","ISO 14001"
"=""4552""","力達-KY","無，無","無，無","無，無","","無，無","",""
"=""4555""","氣立","0.0000","35.0000","35.0000","僅母公司","0.0539","百萬元營業額","ISO 9001 及 ISO14001"
"=""4557""","永新-KY","無，無統計相關數據","無，無統計相關數據","無，無統計相關數據","","無，無統計相關數據","",""
"=""4560""","強信-KY","無，無統計相關數據","無，無統計相關數據","無，無統計相關數據","","無，無統計相關數據","",""
"=""4562""","穎漢","0.0000","20.3000","20.3000","111年度","無，無統計相關數據","",""
"=""4564""","元翎","7.2600","394.8400","402.1000","本公司及重要子公司","無，無統計相關數據","",""
"=""4566""","時碩工業","0.0000","0.0000","358.6370","母公司","0.1549","百萬元營業額","ISO 14064-1"
"=""4571""","鈞興-KY","65.7520","601.4000","667.1520","主要生產子公司珠海鈞興及越南鈞興","0.0003","千元營業額",""
"=""4572""","駐龍","0.0000","20.6800","20.6800","合併財務報表之母子公司","0.0300","百萬元營業額",""
"=""4576""","大銀微系統","0.8800","281.3100","282.1900","母公司之總部及二廠","0.2052","千小時總經歷工時","ISO 14001"
"=""4581""","光隆精密-KY","0.0000","0.0000","52.9212","包含合併財務報表之母子公司","0.0520","百萬元營業額",""
"=""4583""","台灣精銳","0.0000","0.0000","209.2100","母公司","0.0000","千元營業額","ISO9001、ISO14001"
"=""4720""","德淵","26.0100","49.8700","75.8800","廢棄物量係以母公司計算；排放密集度單位係以合併財務報表百萬營業額計算。","0.0208","百萬元營業額",""
"=""4722""","國精化","275.1100","5333.7200","5608.8300","母公司","無，無統計相關數據","","ISO 14001"
"=""4736""","泰博","無，無統計相關數據","無，無統計相關數據","無，無統計相關數據","","無，無統計相關數據","",""
"=""4737""","華廣","4.8000","57.9240","62.7240","母公司","無，無統計相關數據","",""
"=""4739""","康普","0.0000","480.6500","480.6500","康普集團","無，無統計相關數據","","ISO 14001"
"=""4746""","台耀","61.0400","1093.6200","1154.6600","母公司","0.3035","百萬元營業額",""
"=""4755""","三福化","860.7500","236.7500","1097.5000","僅母公司(善化廠、柳科廠、高雄廠)","0.0002","營業額；廢棄物量 / 仟元","ISO 14064-1 溫室氣體盤查標準、確信準則公報第一號"
"=""4763""","材料-KY","705.6300","627.8100","1333.4400","合併財務報表之母子公司","0.0003","營業額(仟元單位)",""
"=""4764""","雙鍵","4.5633","51.5500","56.1133","母公司","0.0200","百萬元營業額",""
"=""4766""","南寶","711.0000","972.0000","1683.0000","僅母公司","0.2700","百萬元營業額",""
"=""4770""","上品","0.0000","13.5600","13.5600","僅母公司","0.0022","百萬元營業額",""
"=""4807""","日成-KY","9567.0000","128546.0000","138113.0000","2022年度","無，無統計相關數據","",""
"=""4904""","遠傳","0.0000","0.0000","983.9700","母公司及新世紀資通、和宇寬頻及全虹等3家子公司","0.0100","百萬元營業額","ISAE3000確信標準"
"=""4906""","正文","78.6300","1262.4600","1341.0900","台灣總部、正鵬(昆山)廠、安博(常熟)廠及越南正文廠","0.0001","仟元營業額","ISO 14001"
"=""4912""","聯德控股-KY","42.0000","610.0000","652.0000","重要子公司聯德精密材料(中國)股份有限公司","5.2000","產品",""
"=""4915""","致伸","91.5500","2575.1770","2666.7270","致伸科技及子公司東莞東聚、致伸重慶、致伸昆山、惠州迪芬尼、東莞迪芬尼、東城迪芬尼，迪芬尼電聲、致伸泰國、迪芬尼泰國","0.0337","百萬元營業額","ISO 14001"
"=""4916""","事欣科","無，無統計相關數據","無，無統計相關數據","無，無統計相關數據","","無，無統計相關數據","",""
"=""4919""","新唐","529.0000","284.0000","813.0000","僅母公司","80.0000","公克/層-晶圓光罩","ISO 14001"
"=""4927""","泰鼎-KY","11807.4840","3986.8320","15794.3160","包含合併財務報表之母子公司","1.0595","百萬元營業額","ISO 14001"
"=""4930""","燦星網","無，無統計相關數據","無，無統計相關數據","無，無統計相關數據","","無，無統計相關數據","",""
"=""4934""","太極","0.0000","0.0000","2.8400","母公司及越南子公司","2.8400","每位員工","ISO 14001"
"=""4935""","茂林-KY","無，無統計相關數據","無，無統計相關數據","無，無統計相關數據","","無，無統計相關數據","",""
"=""4938""","和碩","1778.4300","57290.2700","59068.7000","和碩聯合科技(股)公司、昌碩科技(上海)、世碩電子(昆山)、名碩電腦(蘇州)、康碩電子(蘇州)、凱碩電腦(蘇州)、旭碩科技(重慶)、凱全電子(重慶)、Pegatron Mexico S.A. de C.V.、PEGATRON Czech s.r.o.、PT. PEGATRON TECHNOLOGY INDONESIA、PEGATRON VIETNAM COMPANY LIMITED、PEGATRON TECHNOLOGY HAI PHONG COMPANY LIMITED、PEGATRON TECHNOLOGY INDIA PRIVATE LIMITED","0.0450","百萬元營業額","ISO 14001"
"=""4942""","嘉彰","0.0000","1087.0200","1087.0200","111年度廢棄物量統計","0.4800","百萬元營業額",""
"=""4943""","康控-KY","無，無統計相關數據","無，無統計相關數據","無，無統計相關數據","","無，無統計相關數據","",""
"=""4952""","凌通","0.0000","0.0000","13.6200","母公司","0.0043","百萬元營業額",""
"=""4956""","光鋐","186.7810","269.2880","456.0690","111年01月~111年12月","無，無統計相關數據","",""
"=""4958""","臻鼎-KY","52907.0000","27402.0000","80309.0000","大陸園區與台灣園區","0.4700","百萬元營業額","UL2799 Zero Waste to Landfill"
"=""4960""","誠美材","903.0000","3111.0000","4014.0000","僅母公司","0.1290","產能(仟米平方)","ISO 14001"
"=""4961""","天鈺","0.0000","61.1000","61.1000","天鈺總部篤行據點及新竹公道五據點","0.0031","百萬元營業額","AA1000 Type2 中度保證等級"
"=""4967""","十銓","1.8200","11.3400","13.1600","涵蓋範圍僅母公司","0.0196","百萬元營業額",""
"=""4968""","立積","0.2087","20.3498","20.5585","母公司","0.0060","百萬元營業額","ISO 14001"
"=""4976""","佳凌","無，詳年報說明","無，詳年報說明","無，詳年報說明","","無，無統計相關數據","","ISO 14001"
"=""4977""","眾達-KY","無，無統計相關數據","無，無統計相關數據","無，無統計相關數據","","無，無統計相關數據","",""
"=""4989""","榮科","626.7700","71.8200","698.5900","本公司","0.0672","產量:噸",""
"=""4994""","傳奇","無，無統計相關數據","無，無統計相關數據","無，無統計相關數據","","無，無統計相關數據","",""
"=""4999""","鑫禾","0.0000","34.2000","34.2000","母公司","0.0001","千元營業額",""
"=""5007""","三星","0.0000","450.0000","450.0000","母公司","0.0705","百萬元營業額","ISO 14001"
"=""5203""","訊連","0.0000","0.0000","62.8000","僅母公司台北總部","0.0446","百萬元營業額",""
"=""5215""","科嘉-KY","無，詳年報說明","無，詳年報說明","無，詳年報說明","","無，詳年報說明","",""
"=""5222""","全訊","4.5350","24.2926","28.8276","個別報表所有廠區","0.0278","百萬元營業額","ISO 9001"
"=""5225""","東科-KY","7.0910","771.4792","778.5702","東科全集團（不含ScS）","0.0618","百萬元營業額","ISO 14001"
"=""5234""","達興材料","593.0000","219.0000","812.0000","所有生產廠區","0.2100","百萬元營業額",""
"=""5243""","乙盛-KY","無，無統計相關數據","無，無統計相關數據","無，無統計相關數據","","無，無統計相關數據","",""
"=""5244""","弘凱","無，無統計相關數據","無，無統計相關數據","無，無統計相關數據","","無，無統計相關數據","",""
"=""5258""","虹堡","無，無統計相關數據","無，無統計相關數據","無，無統計相關數據","","無，無統計相關數據","",""
"=""5269""","祥碩","0.0000","0.0000","19.8704","111/1/1~12/31, 範圍:祥碩總公司辦公室","0.3790","營業額(億元)",""
"=""5283""","禾聯碩","無，尚在評估規畫中","無，尚在評估規畫中","無，尚在評估規畫中","","無，尚在評估規畫中","",""
"=""5284""","jpp-KY","0.0000","0.0000","142.4730","經寶精密工業股份有限公司","0.0695","百萬元營業額","Thai Ministrial Regulation"
"=""5285""","界霖","144.6300","14.5100","159.1400","界霖科技楠梓廠區","無，無統計相關數據","",""
"=""5288""","豐祥-KY","5221.9200","15410.1000","20632.0200","主要營運孫公司台灣豐祥及越南VPIC1","0.0026","仟元營業額","ISO 14001"
"=""5306""","桂盟","0.0000","0.0000","176.0000","母公司及合併財務報表之子公司(桂盟企業)","0.0500","百萬元營業額",""
"=""5388""","中磊","40.7780","604.5950","645.3730","本公司(&#12149;南廠)","0.6590","員工人數(&#12149;南廠)",""
"=""5434""","崇越","0.0000","0.0000","15.9200","母公司","0.0005","百萬元營業額",""
"=""5469""","瀚宇博","4876.6550","573.9630","5450.6180","瀚宇博德股份有限公司","0.0029","產品",""
"=""5471""","松翰","0.0000","0.0000","0.2000","僅母公司","0.0001","營業額(新台幣仟元)","ISO9001 ISO14001 QC080000"
"=""5484""","慧友","0.0000","0.1500","0.1500","母公司111年存貨報廢的重量","0.5102","百萬元營業額",""
"=""5515""","建國","0.0000","0.0000","15338.9300","工地","無，無統計相關數據","",""
"=""5519""","隆大","無，無統計相關數據","無，無統計相關數據","無，無統計相關數據","","無，無統計相關數據","",""
"=""5521""","工信","0.0000","0.0000","109800.4100","僅母公司","23.7400","百萬元營業額",""
"=""5522""","遠雄","0.0000","0.0000","10847.2100","包含合併財務報表之母子公司","0.4081","百萬元營業額",""
"=""5525""","順天","0.0000","44.8000","44.8000","母公司","無，無統計相關數據","",""
"=""5531""","鄉林","無，無統計相關數據","無，無統計相關數據","無，無統計相關數據","","無，無統計相關數據","",""
"=""5533""","皇鼎","無，無統計相關數據","無，無統計相關數據","無，無統計相關數據","","無，無統計相關數據","",""
"=""5534""","長虹","無，無統計相關數據","無，無統計相關數據","無，無統計相關數據","","無，無統計相關數據","",""
"=""5538""","東明-KY","無，母公司為控股公司","無，母公司為控股公司","無，母公司為控股公司","","無，母公司為控股公司","",""
"=""5546""","永固-KY","無，無統計相關數據","無，無統計相關數據","無，無統計相關數據","","無，無統計相關數據","",""
"=""5607""","遠雄港","無，因2023年為本公司盤查起始年","無，因2023年為本公司盤查起始年","無，因2023年為本公司盤查起始年","","無，因2023年為本公司盤查起始年","",""
"=""5608""","四維航","0.0000","0.0000","383.0630","母子孫公司所屬船舶","0.5418","廢棄物總量/(海勤船員+辦公室員工人數)",""
"=""5706""","鳳凰","無，無統計相關數據","無，無統計相關數據","無，無統計相關數據","","無，無統計相關數據","",""
"=""5871""","中租-KY","0.0000","0.0000","229.6300","全台灣地區","無，無統計相關數據","",""
"=""5876""","上海商銀","0.0000","264.0000","264.0000","僅母公司","0.0094","百萬元營業額","1.確信準則3000號 2.通過ISO 14001驗證"
"=""5880""","合庫金","0.0000","0.0000","452.6100","集團全據點334處","0.0085","佰萬元淨收益","ISO 14064溫室氣體排放盤查"
"=""5906""","台南-KY","無，無統計相關數據","無，無統計相關數據","無，無統計相關數據","","無，無統計相關數據","",""
"=""5907""","大洋-KY","無，無統計相關數據","無，無統計相關數據","無，無統計相關數據","","無，無統計相關數據","",""
"=""6005""","群益證","0.0000","67.4838","67.4838","母公司","1.1958","百萬元營業額",""
"=""6024""","群益期","0.0000","2.5042","2.5042","全台營運據點","0.0010","百萬元營業額",""
"=""6108""","競國","1355.0000","54.0000","1409.0000","本公司","0.0015","產品",""
"=""6112""","邁達特","0.0000","0.0000","2.4100","1. 邁達特數位股份有限公司(台北總部) 2. 啟迪國際資訊股份有限公司(台北總部) 3. 聚上雲股份有限公司","0.0002","百萬元營業額","本公司廢棄物量數據經2022永續報告書驗證。"
"=""6115""","鎰勝","5.9130","1919.9210","1925.8340","母公司及海外子公司","1925.8340","產品",""
"=""6116""","彩晶","3929.3400","7575.9300","11505.2700","母公司及子公司(南京瀚宇彩欣科技","0.6700","百萬元營業額",""
"=""6117""","迎廣","0.0000","337.5200","337.5200","母公司","0.0002","千元營業額",""
"=""6120""","達運","223.0000","5362.0000","5585.0000","包含本公司及合併財務報表內子公司","0.3900","百萬元營業額",""
"=""6128""","上福","0.0000","463.0300","463.0300","上福全球在台灣營運據點為主(包含本廠、二廠及三廠)","0.0003","仟元營業額",""
"=""6133""","金橋","無，無統計相關數據","無，無統計相關數據","無，無統計相關數據","","無，無統計相關數據","",""
"=""6136""","富爾特","無，無統計相關數據","無，無統計相關數據","無，無統計相關數據","","無，無統計相關數據","",""
"=""6139""","亞翔","0.0000","0.0000","11.9700","亞翔工程(股)公司三個辦公室","0.0011","百萬元營業額",""
"=""6141""","柏承","5752.0000","277.7890","6029.7890","昆山子公司廠區","0.2937","仟元營業額","ISO 9001"
"=""6142""","友勁","3.0600","61.5900","64.6500","母公司","0.0191","百萬元營業額","ISO 14001"
"=""6152""","百一","0.0000","0.0000","1.2240","母公司","無，無統計相關數據","",""
"=""6153""","嘉聯益","890.0000","1550.0000","2440.0000","僅母公司樹林廠","無，無統計相關數據","","UL2799"
"=""6155""","鈞寶","17.6600","59.2400","76.9000","母公司","無，無統計相關數據","",""
"=""6164""","華興","無，無統計相關數據","無，無統計相關數據","無，無統計相關數據","","無，無統計相關數據","",""
"=""6165""","浪凡","無，無統計相關數據","無，無統計相關數據","無，無統計相關數據","","無，無統計相關數據","",""
"=""6166""","凌華","0.8800","3.4050","4.2850","2022/1/1-2022/12/31","0.0005","百萬元營業額",""
"=""6168""","宏齊","4.2120","86.7034","90.9154","母公司","0.0000","千元營業額","ISO 14001"
"=""6176""","瑞儀","57.8500","5744.4600","5802.3100","台灣與中國大陸製造廠區","0.0007","產品塑膠粒投料量(公斤)","ISO 14001"
"=""6177""","達麗","無，無統計相關數據","無，無統計相關數據","無，無統計相關數據","","無，無統計相關數據","",""
"=""6183""","關貿","0.0000","1.9030","1.9030","總公司","0.0008","總重量(噸)/營業額(百萬)","ISO 14001"
"=""6184""","大豐電","無，無統計相關數據","無，無統計相關數據","無，無統計相關數據","","無，無統計相關數據","",""
"=""6189""","豐藝","0.0000","5312.0000","5312.0000","母公司","無，無統計相關數據","",""
"=""6191""","精成科","46497.0000","22886.1000","69383.1000","包含合併財務報表之母子公司","2.8610","百萬元營業額",""
"=""6192""","巨路","無，無統計相關數據","無，無統計相關數據","無，無統計相關數據","","無，無統計相關數據","",""
"=""6196""","帆宣","0.0000","0.0000","197.6200","湖口廠、頭份廠、南科一、二、三、五廠","0.0039","百萬元營業額",""
"=""6197""","佳必琪","無，無統計相關數據","無，無統計相關數據","無，無統計相關數據","","無，無統計相關數據","",""
"=""6201""","亞弘電","0.0000","0.0000","33.9400","母公司","無，無統計相關數據","",""
"=""6202""","盛群","0.0000","0.0000","11.4481","母公司","0.0019","百萬元營業額","ISO 14001"
"=""6205""","詮欣","無，本公司主要係生產組裝連接器及連接線，其組裝製程中並不會產生重大污染環境之有害物質與廢水、廢氣","無，本公司主要係生產組裝連接器及連接線，其組裝製程中並不會產生重大污染環境之有害物質與廢水、廢氣","無，本公司主要係生產組裝連接器及連接線，其組裝製程中並不會產生重大污染環境之有害物質與廢水、廢氣","","無，本公司主要係生產組裝連接器及連接線，其組裝製程中並不會產生重大污染環境之有害物質與廢水、廢氣","","ISO 14001"
"=""6206""","飛捷","0.0000","0.0000","211.5600","飛捷母公司(內湖總部及林口工廠)","無，使用重量絕對值管理","",""
"=""6209""","今國光","43.3350","129.9080","173.2430","111年今國集團","0.0876","百萬元營業額","ISO 14001"
"=""6213""","聯茂","547.4900","538.8800","1086.3700","母公司","無，1,946佰萬營業額","","ISO 14001"
"=""6214""","精誠","0.0000","68.7000","68.7000","僅母公司","0.0560","員工人數",""
"=""6215""","和椿","0.0000","6.9000","6.9000","母公司","0.0038","百萬元營業額",""
"=""6216""","居易","0.0000","15.0000","15.0000","一般事業廢棄物","無，無統計相關數據","",""
"=""6224""","聚鼎","33773.0000","63370.0000","97143.0000","母公司","無，無統計相關數據","",""
"=""6225""","天瀚","無，詳年報說明","無，詳年報說明","無，詳年報說明","","無，詳年報說明","",""
"=""6226""","光鼎","無，無統計相關數據","無，無統計相關數據","無，無統計相關數據","","無，無統計相關數據","",""
"=""6230""","尼得科超眾","0.0000","0.0000","34.3000","中興廠","0.0028","百萬元營業額","ISO 14001"
"=""6235""","華孚","無，無統計相關數據","無，無統計相關數據","無，無統計相關數據","","無，無統計相關數據","",""
"=""6239""","力成","2495.2500","5339.8300","7835.0800","僅台灣地區力成科技","0.1500","百萬元營業額","ISO 14001"
"=""6243""","迅杰","0.0000","0.0000","0.4134","母公司","0.0005","百萬元營業額",""
"=""6257""","矽格","13.0181","278.5220","291.5401","矽格北興廠區 中興廠區 湖口廠區","0.0275","百萬元營業額",""
"=""6269""","台郡","2127.0000","1675.0000","3802.0000","僅母公司","0.0040","產品","ISO 14001"
"=""6271""","同欣電","536.8100","1089.1700","1625.9800","資料涵蓋合併財務報表之母子公司，共四個廠區，不含總部辦公室 1.台北廠-新北市鶯歌區鶯桃路365巷55號 2.龍潭廠-桃園市龍潭區龍園五路21號 3.竹北廠-新竹縣竹北市泰和路84號與 昌益辦公室-新竹縣竹北市環科一路1號6樓之1號 4.菲律賓廠-103Prosperity Ave, Calamba, 4037 Laguna, Philippines","0.1100","百萬元營業額","ISO 14001"
"=""6277""","宏正","無，無統計相關數據","無，無統計相關數據","無，無統計相關數據","","無，無統計相關數據","",""
"=""6278""","台表科","378.3300","2655.2600","3033.5900","母公司及子公司-峻凌電子(蘇州)有限公司","0.0400","百萬元營業額",""
"=""6281""","全國電","無，無統計相關數據","無，無統計相關數據","無，無統計相關數據","","無，無統計相關數據","",""
"=""6282""","康舒","110.5800","3846.8500","3957.4300","包含合併財務報表之母子公司","0.1600","百萬元營業額","ISO 9001&14001& UL2799"
"=""6283""","淳安","無，無統計相關數據","無，無統計相關數據","無，無統計相關數據","","無，無統計相關數據","",""
"=""6285""","啟碁","0.0000","0.0000","6072.0100","廢棄物量計算範圍為碁總部、力行廠、南科廠、佳、新、基永昌（昆山與南京）、越南廠。","0.0640","百萬元營業額","2022年碁科技永續報告書確認符合SASB對應行業準則、GRI準則依循以及AA1000第一類型中度保證等級"
"=""6288""","聯嘉","19.1250","70.7580","89.8830","組織邊界  台灣總公司(聯嘉光電股份有限公司) 地址：350苗栗縣竹南鎮科東一路2號  外倉 地址：350苗栗縣竹南鎮和興路364號","0.0235","百萬元營業額",""
"=""6405""","悅城","3571.2200","222.2200","3793.4400","母公司","10.1158","百萬元營業額",""
"=""6409""","旭隼","2.9500","573.0000","575.9500","1.旭隼科技在營運過程中所處理的全部固體廢物（即不可回收、再利用或焚燒的廢棄物用於能源回收） 2.2022年產生的總廢棄物3,798公噸;使用/回收/出售的廢棄物總量3,225公噸;處置的廢物總量573公噸","0.7783","單位:百萬美金營業額","ISO 9001 .ISO 4001 .ISO45001 ; 採用ISAE3000及ISAE3410進行確信"
"=""6412""","群電","75.7100","3325.8500","3401.5600","東莞廠、蘇州廠、重慶廠、泰國廠","0.0830","百萬元營業額","ISO 14001；蘇州廠UL 2799: UL"
"=""6414""","樺漢","0.0000","0.0000","2.5610","僅母公司","無，無統計相關數據","",""
"=""6415""","矽力*-KY","0.0000","0.0000","469.2000","矽力杰半導體技術（杭州）有限公司","0.0200","千元營業額","ISO 14001"
"=""6416""","瑞祺電通","0.0000","0.3100","0.3100","僅母公司","0.0001","百萬元營業額","ISO 14001"
"=""6426""","統新","0.0000","0.0000","22.2848","母公司","無，無統計相關數據","",""
"=""6431""","光麗-KY","無，未達盤查標準，尚未開始盤查。","無，未達盤查標準，尚未開始盤查。","無，未達盤查標準，尚未開始盤查。","","無，未達盤查標準，尚未開始盤查。","",""
"=""6438""","迅得","0.0000","91.5600","91.5600","僅母公司","0.0268","百萬元營業額",""
"=""6442""","光聖","0.0000","36.0550","36.0550","僅母公司","0.0120","百萬元營業額",""
"=""6443""","元晶","1318.7000","3223.6000","4542.3000","111年新竹廠及屏東廠加總","0.5040","百萬元營業額","ISO 14001"
"=""6446""","藥華藥","6.8060","18.1050","24.9110","母公司藥華醫藥+子公司泛泰醫療","0.1580","產品",""
"=""6449""","鈺邦","無，無統計相關數據","無，無統計相關數據","無，無統計相關數據","","無，無統計相關數據","",""
"=""6451""","訊芯-KY","36.3300","32.8800","69.2100","2022.1~2022.12訊芯電子科技(中山)有限公司及訊芸電子科技(中山)有限公司之廣東省中山市廠區(廣東省固體廢物環境監管信息平臺)","0.7600","萬元產值， 2022.1~2022.12訊芯電子科技(中山)有限公司及訊芸電子科技(中山)有限公司之廣東省中山市廠區",""
"=""6456""","GIS-KY","826.6900","15538.6900","16365.3800","本公司及子公司所有廠區","無，無統計相關數據","","ISO 14001"
"=""6464""","台數科","0.0000","0.0000","4.7700","僅母公司","0.0003","千元營業額",""
"=""6472""","保瑞","15.3000","57.6000","72.9000","竹南廠、竹北廠及台南廠","0.0069","百萬元營業額",""
"=""6477""","安集","0.2600","155.7940","156.0540","20220101-20221231","0.0001","千元營業額",""
"=""6491""","晶碩","66.5400","2599.5370","2666.0770","僅母公司","0.0000","每百萬單位產品3.33公噸","ISO 14001"
"=""6504""","南六","0.0000","251.0000","251.0000","111/1/1-111/12/31","0.1000","百萬元營業額","ISO 14001"
"=""6505""","台塑化","613.0000","1342943.0000","1343556.0000","母公司","1.5843","百萬元營業額",""
"=""6515""","穎崴","6.7730","887.7600","894.5330","台灣所有廠區","0.1750","百萬元營業額","ISO 14001"
"=""6525""","捷敏-KY","292.7000","1260.0000","1552.7000","包含合併財務報表之子公司","0.0003","產品",""
"=""6531""","愛普*","0.0000","0.0000","0.0600","母公司","0.0000","百萬元營業額",""
"=""6533""","晶心科","0.0000","0.1500","0.1500","僅母公司","無，無統計相關數據","",""
"=""6541""","泰福-KY","10.6200","88.0400","98.6600","合併財務報表之母子公司","0.0040","噸/新台幣仟元營收",""
"=""6550""","北極星藥業-KY","無，無統計相關數據","無，無統計相關數據","無，無統計相關數據","","無，無統計相關數據","",""
"=""6552""","易華電","1340.4400","132.6000","1473.0400","易華公司","0.0000","產品",""
"=""6558""","興能高","76.5400","69.0000","145.5400","範疇三","0.1267","百萬元營業額",""
"=""6573""","虹揚-KY","無，無統計相關數據","無，無統計相關數據","無，無統計相關數據","","無，無統計相關數據","",""
"=""6579""","研揚","3.2180","15.0220","18.2400","母公司","0.0030","百萬元營業額",""
"=""6581""","鋼聯","1074.0000","113051.0000","114125.0000","僅母公司","0.6945","服務","ISO 14001"
"=""6582""","申豐","5.7600","488.3500","494.1100","母公司","0.0155","產品","ISO 14001"
"=""6585""","鼎基","0.0000","385.8200","385.8200","本公司之高雄辦公室以及台灣各廠(高雄廠、屏東廠)","0.0002","仟元",""
"=""6591""","動力-KY","無，詳年報說明","無，詳年報說明","無，詳年報說明","","無，詳年報說明","",""
"=""6592""","和潤企業","無，詳年報說明","無，詳年報說明","無，詳年報說明","","無，詳年報說明","",""
"=""6598""","ABC-KY","無，無統計相關數據","無，無統計相關數據","無，無統計相關數據","","無，無統計相關數據","",""
"=""6605""","帝寶","0.0000","140.0000","140.0000","年度","0.0001","百萬元營業額",""
"=""6606""","建德工業","0.0000","0.0000","1.3760","廢棄物回收單","無，無統計相關數據","",""
"=""6625""","必應","無，無統計相關數據","無，無統計相關數據","無，無統計相關數據","","無，無統計相關數據","",""
"=""6641""","基士德-KY","6.9100","17.2000","24.1100","合併報表之子公司之一-川源(中國)平湖廠區","0.0177","百萬元營業額",""
"=""6655""","科定","無，無統計相關數據","無，無統計相關數據","無，無統計相關數據","","無，無統計相關數據","",""
"=""6657""","華安","無，無統計相關數據","無，無統計相關數據","無，無統計相關數據","","無，無統計相關數據","",""
"=""6666""","羅麗芬-KY","0.0000","40.0000","40.0000","子公司嘉文麗（福建）化妝品有限公司","0.0315","產品",""
"=""6668""","中揚光","68.8200","48.4500","117.2700","111/1/1~111/12/31","0.2600","百萬元營業額",""
"=""6669""","緯穎","0.0000","0.0000","8520.2400","母公司及全球主要營運與製造廠區(緯穎科技墨西哥子公司)","0.0291","百萬元營業額","ISO 14001"
"=""6670""","復盛應用","108.3500","8755.5300","8863.8800","桃園廠","0.3200","百萬元營業額","ISO 14001"
"=""6671""","三能-KY","13.7700","616.1300","629.9000","合併財務報表之母子公司","0.3383","百萬元營業額",""
"=""6672""","騰輝電子-KY","207.7400","1517.4400","1725.1800","合併財務報表之子公司生產型廠區","0.0003","千元營業額",""
"=""6674""","鋐寶科技","無，無統計相關數據","無，無統計相關數據","無，無統計相關數據","","無，無統計相關數據","",""
"=""6689""","伊雲谷","0.0000","0.0000","12.8654","母公司","0.0054","百萬元營業額",""
"=""6691""","洋基工程","無，無統計相關數據","無，無統計相關數據","無，無統計相關數據","","無，無統計相關數據","",""
"=""6695""","芯鼎","無，營運據點皆屬租用之綜合辦公大樓，生活垃圾由大樓管委會統一清運處理，無法取得數據，故無納入統計。","無，營運據點皆屬租用之綜合辦公大樓，生活垃圾由大樓管委會統一清運處理，無法取得數據，故無納入統計。","無，營運據點皆屬租用之綜合辦公大樓，生活垃圾由大樓管委會統一清運處理，無法取得數據，故無納入統計。","","無，營運據點皆屬租用之綜合辦公大樓，生活垃圾由大樓管委會統一清運處理，無法取得數據，故無納入統計。","",""
"=""6698""","旭暉應材","0.0000","36448.0000","36448.0000","僅母公司","0.0291","千元營業額",""
"=""6706""","惠特","0.0000","40.2520","40.2520","僅母公司","0.0090","百萬元營業額",""
"=""6715""","嘉基","7.4050","128491.9740","128499.3790","包含合併財務報表之母子公司-本公司及子公司嘉基蘇州","23.9113","百萬元營業額","ISO 14001"
"=""6719""","力智","0.0000","4.5500","4.5500","母公司","0.0010","百萬元營業額","ISO 14001"
"=""6743""","安普新","無，無統計相關數據","無，無統計相關數據","無，無統計相關數據","","無，無統計相關數據","",""
"=""6753""","龍德造船","0.0000","726.8362","726.8362","僅母公司","0.1897","百萬元營業額",""
"=""6754""","匯僑設計","0.0000","0.0000","296.0000","總公司+中壢鴻僑","0.0580","百萬元營業額",""
"=""6756""","威鋒電子","0.0000","0.0000","0.2050","母公司","無，無統計相關數據","",""
"=""6768""","志強-KY","無，無統計相關數據","無，無統計相關數據","無，無統計相關數據","","無，無統計相關數據","",""
"=""6770""","力積電","6204.1800","10862.0400","17066.2200","力積電各廠區111年產出加總","0.0129","產品",""
"=""6776""","展碁國際","0.0000","0.0000","7.1400","包含合併財務報表之母子公司","0.0000","百萬元營業額",""
"=""6781""","AES-KY","35.0000","751.0000","786.0000","資料涵蓋範圍包含合併財務報表之母子公司","386.2400","產品","ISO 14001"
"=""6782""","視陽","無，無統計相關數據","無，無統計相關數據","無，無統計相關數據","","無，無統計相關數據","",""
"=""6789""","采鈺","1418.0000","930.0000","2348.0000","采鈺新竹廠及中壢廠","0.1847","公斤／8吋晶圓當量－層",""
"=""6790""","永豐實","0.0000","3587.0000","3587.0000","臺灣紙品工廠：楊梅廠、清水廠","0.0400","產品","ISO 9001及 ISO 14001"
"=""6792""","詠業","109.5700","51.6000","161.1700","母公司","0.1100","百萬元營業額",""
"=""6796""","晉弘","0.0017","0.2300","0.2317","僅母公司","0.0005","百萬元營業額",""
"=""6799""","來頡","無，本公司無工廠，無工廠廢棄物","無，本公司無工廠，無工廠廢棄物","無，本公司無工廠，無工廠廢棄物","","無，本公司無工廠，無工廠廢棄物","",""
"=""6806""","森崴能源","0.0000","0.0000","5.9790","本公司非屬製造業，僅包含頂埔大樓森崴能源總部2022年產生生活廢棄物量。","0.0730","平均每位森崴員工2022年人均生活廢棄物",""
"=""6807""","峰源-KY","0.0000","0.0000","7260.0000","主要生產基地","1.7252","百萬元營業額",""
"=""6830""","汎銓","0.6450","5.0000","5.6450","僅母公司","5.6450","百萬元營業額",""
"=""6834""","天二科技","68.8860","115.6110","184.4970","111/1/1~111/12/31","無，尚未完成相關數據統計","","ISO 14001"
"=""6835""","圓裕","無，無統計相關數據","無，無統計相關數據","無，無統計相關數據","","無，無統計相關數據","",""
"=""6838""","台新藥","","","","","","","N/A"
"=""6854""","錼創科技-KY創","80.6700","24.8768","105.5468","2022年","403.8120","百萬元營業額",""
"=""6861""","睿生光電","0.0790","7.7792","7.8582","僅母公司","0.0041","百萬元營業額",""
"=""6862""","三集瑞-KY","","","","","","","N/A"
"=""6863""","永道-KY","0.0000","36.4800","36.4800","包含合併財務報表之母子公司","無，無統計相關數據","","ISO 14001"
"=""6869""","雲豹能源","無，無統計相關數據","無，無統計相關數據","無，無統計相關數據","","無，無統計相關數據","",""
"=""6873""","泓德能源","無，無統計相關數據","無，無統計相關數據","無，無統計相關數據","","無，無統計相關數據","",""
"=""6919""","康霈*","","","","","","","N/A"
"=""6923""","中台","","","","","","","N/A"
"=""6958""","日盛台駿","","","","","","","N/A"
"=""6962""","ITH-KY","","","","","","","N/A"
"=""6969""","成信實業*-創","","","","","","","N/A"
"=""6988""","威力暘-創","","","","","","","N/A"
"=""7705""","三商餐飲","","","","","","","N/A"
"=""8011""","台通","無，無統計相關數據","無，無統計相關數據","無，無統計相關數據","","無，無統計相關數據","",""
"=""8016""","矽創","0.0000","0.0000","0.0114","矽創(新竹總公司、台北辦公室)","0.0000","百萬元營業額",""
"=""8021""","尖點","0.0000","84.7000","84.7000","僅母公司","無，無統計相關數據","",""
"=""8028""","昇陽半導體","148.2900","878.5000","1026.7900","僅母公司","0.0025","產品","ISO 14001"
"=""8033""","雷虎","0.0000","0.0000","6.7100","111年1月-111年12月","0.0007","營業額以仟元計算",""
"=""8039""","台虹","782.9600","1150.9700","1933.9300","母公司","0.2654","百萬元營業額",""
"=""8046""","南電","5351.0000","16356.0000","21707.0000","母公司","21.0000","百萬元營業額",""
"=""8070""","長華*","12229.0000","5698.0000","17927.0000","包含合併財務報表之母子公司","0.8200","百萬元營業額",""
"=""8072""","陞泰","無，無統計相關數據","無，無統計相關數據","無，無統計相關數據","","無，無統計相關數據","",""
"=""8081""","致新","0.0520","16.5390","16.5910","母公司","0.0022","百萬元營業額",""
"=""8101""","華冠","無，無統計相關數據","無，無統計相關數據","無，無統計相關數據","","無，無統計相關數據","",""
"=""8103""","瀚荃","0.0000","4.4081","4.4081","母公司","無，無統計相關數據","","ISO 14001"
"=""8104""","錸寶","63.5600","57.0900","120.6500","母公司-錸寶","0.1200","百萬元營業額","ISO 14001"
"=""8105""","凌巨","1443.5708","2490.0960","3933.6668","母公司八德廠、新竹廠、頭份廠及子公司KGO","無，無統計相關數據","","ISO 14001"
"=""8110""","華東","0.0000","714.8492","714.8492","僅母公司","0.0000","產品",""
"=""8112""","至上","0.0000","0.0000","3.5120","僅含母公司","無，本公司主要從事半導體相關零組件代理經銷業務，未有生產製造的營運活動，各營運據點均為辦公大樓，因此在營運過程中產生之廢棄物，多為員工在辦公室工作時產生之事務類廢棄物與生活廢棄物，故無統計相關數據。","",""
"=""8114""","振樺電","0.0000","0.1700","0.1700","111年 1月~12月","0.0001","百萬元營業額","ISO 14001"
"=""8131""","福懋科","65.4000","405.6800","471.0800","僅母公司","0.0452","百萬元營業額",""
"=""8150""","南茂","0.0000","0.0000","2559.5011","母公司(台灣六個廠區)","0.1100","百萬元營業額","ISO 14001"
"=""8163""","達方","1408.8500","1656.1800","3065.0300","母公司(台灣廠區及中國廠區)","0.2133","百萬元營業額","ISO 14001"
"=""8201""","無敵","0.1000","3.0000","3.1000","母公司","0.0340","員工人數92人",""
"=""8210""","勤誠","12.3500","2906.8800","2919.2300","總部/嘉義廠/勤昆廠/前盛廠","無，無統計相關數據","",""
"=""8213""","志超","2085.7200","1595.3300","3681.0500","僅母公司","0.2145","僅母公司，單位：新台幣百萬元","ISO 14001"
"=""8215""","明基材","819.5800","13797.3100","14616.8900","桃園廠區、雲林廠區及大陸廠區","0.2083","噸數/百萬營業額",""
"=""8222""","寶一","16.3440","41.6800","58.0240","111年度","無，無統計相關數據","",""
"=""8249""","菱光","無，無統計相關數據","無，無統計相關數據","無，無統計相關數據","","無，無統計相關數據","",""
"=""8261""","富鼎","0.0000","2.4600","2.4600","僅母公司","0.0200","服務","ISO 14001"
"=""8271""","宇瞻","6.2000","27.2000","33.4000","僅母公司","0.0000","千元營業額","ISO 14001"
"=""8341""","日友","0.0000","0.0000","7901.0000","母公司(雲林廠及彰濱廠)","0.1309","廢棄物焚化處理量","ISO 14001"
"=""8367""","建新國際","0.0000","0.0000","25.2000","僅母公司","0.0148","百萬元營業額",""
"=""8374""","羅昇","無，無統計相關數據","無，無統計相關數據","無，無統計相關數據","","無，無統計相關數據","",""
"=""8404""","百和興業-KY","144.5700","3967.7900","4112.3600","江蘇百宏複合材料科技股份有限公司(原公司名稱:無錫百和織造股份有限公司)、東莞百宏實業有限公司、越南百宏責任有限公司","0.4098","產品",""
"=""8411""","福貞-KY","207.8100","562.0500","769.8600","本公司(福貞控股)及所屬轉投資孫公司(「鼎新金屬股份有限公司」、「鼎立金屬包裝股份有限公司」、「福建福貞金屬包裝有限公司」、「福建福天食品有限公司」)作為揭露範疇","0.0200","產品",""
"=""8422""","可寧衛","6.4730","39706.2470","39712.7200","可寧衛、大寧、吉衛及上評資源循環","0.0076","千元營業額",""
"=""8429""","金麗-KY","無，無統計相關數據","無，無統計相關數據","無，無統計相關數據","","無，無統計相關數據","",""
"=""8438""","昶昕","195.3600","218.4600","413.8200","大園廠、大園一廠、海湖廠、含銅廢液處理廠、蘆竹廠。","無，無統計相關數據","","UL2809"
"=""8442""","威宏-KY","無，無統計相關數據","無，無統計相關數據","無，無統計相關數據","","無，無統計相關數據","",""
"=""8443""","阿瘦","無，不適用","無，不適用","無，不適用","","無，不適用","",""
"=""8454""","富邦媒","0.0000","589.6500","589.6500","總部大樓與momo 營運控制之倉儲","0.0050","百萬元營業額","ISO 14001"
"=""8462""","柏文","無，無統計相關數據","無，無統計相關數據","無，無統計相關數據","","無，無統計相關數據","",""
"=""8463""","潤泰材","0.0000","168.6540","168.6540","宜蘭冬山廠","無，無統計相關數據","",""
"=""8464""","億豐","無，2021年資料為13,361噸(有害廢棄物為 338 噸；占總廢棄物的 2.5％)。2022年資料盤查中。","無，2021年資料為13,361噸(有害廢棄物為 338 噸；占總廢棄物的 2.5％)。2022年資料盤查中。","無，2021年資料為13,361噸(有害廢棄物為 338 噸；占總廢棄物的 2.5％)。2022年資料盤查中。","","無，2022年資料盤查中。","",""
"=""8466""","美吉吉-KY","無，無統計相關數據","無，無統計相關數據","無，無統計相關數據","","無，無統計相關數據","",""
"=""8467""","波力-KY","146.5700","80.4000","226.9700","2022年","無，無統計相關數據","","中&#21326;人民共和&#22269;固体&#24223;物污染&#29615;境防治法"
"=""8473""","山林水","無，無統計相關數據","無，無統計相關數據","無，無統計相關數據","","無，無統計相關數據","",""
"=""8476""","台境*","無，無統計相關數據","無，無統計相關數據","無，無統計相關數據","","無，無統計相關數據","",""
"=""8478""","東哥遊艇","無，無統計相關數據","無，無統計相關數據","無，無統計相關數據","","無，無統計相關數據","",""
"=""8481""","政伸","0.0000","45.7250","45.7250","僅母公司","0.0556","百萬元營業額",""
"=""8482""","商億-KY","37.9600","311.1000","349.0600","2022年全年","無，無統計相關數據","","ISO 9001"
"=""8488""","吉源-KY","無，無統計相關數據","無，無統計相關數據","無，無統計相關數據","","無，無統計相關數據","",""
"=""8499""","鼎炫-KY","無，無統計相關數據","無，無統計相關數據","無，無統計相關數據","","無，無統計相關數據","",""
"=""8926""","台汽電","0.0000","0.0000","21576.8700","台灣汽電共生股份有限公司 官田汽電共生廠","無，無統計相關數據","",""
"=""8940""","新天地","0.0000","480.0000","480.0000","僅母公司","0.0005","千元營業額",""
"=""8996""","高力","0.0000","827.6400","827.6400","母公司","0.3100","百萬元營業額",""
"=""9103""","美德醫療-DR","","","","","","","N/A"
"=""910322""","康師傅-DR","","","","","","","N/A"
"=""9105""","泰金寶-DR","","","","","","","N/A"
"=""910861""","神州-DR","","","","","","","N/A"
"=""9110""","越南控-DR","","","","","","","N/A"
"=""911608""","明輝-DR","","","","","","","N/A"
"=""911622""","泰聚亨-DR","","","","","","","N/A"
"=""911868""","同方友友-DR","","","","","","","N/A"
"=""912000""","晨訊科-DR","","","","","","","N/A"
"=""9136""","巨騰-DR","","","","","","","N/A"
"=""9802""","鈺齊-KY","85.4400","1497.3710","1582.8110","合併財務報表之母子公司","無，無統計相關數據","",""
"=""9902""","台火","無，無統計相關數據","無，無統計相關數據","無，無統計相關數據","","無，無統計相關數據","",""
"=""9904""","寶成","6242.2000","73138.8000","79381.0000","本公司製鞋廠區","0.0003","產品",""
"=""9905""","大華","1.7460","143.9600","145.7060","僅台灣母公司","0.0599","百萬元營業額",""
"=""9906""","欣巴巴","無，無統計相關數據","無，無統計相關數據","無，無統計相關數據","","無，無統計相關數據","",""
"=""9907""","統一實","418.6000","4037.4000","4456.0000","台灣總公司","0.0050","產品",""
"=""9908""","大台北","0.0000","0.0000","39.4410","母公司三棟大樓","0.0011","營業額每10萬元",""
"=""9910""","豐泰","5428.0000","41499.0000","46927.0000","包含合併財務報表之母子公司","0.4893","百萬元營業額",""
"=""9911""","櫻花","0.0000","2047.0000","2047.0000","僅母公司","1.9300","人均廢棄物量","ISO 14001"
"=""9912""","偉聯","無，無統計相關數據","無，無統計相關數據","無，無統計相關數據","","無，無統計相關數據","",""
"=""9914""","美利達","0.0000","2333.0000","2333.0000","僅母公司","0.0730","百萬元營業額","依據行政院環境保護署及有關機關之標準方法進行採樣、檢測。"
"=""9917""","中保科","0.0000","0.0000","20.4420","母公司","0.0028","百萬元營業額",""
"=""9918""","欣天然","0.0000","0.0000","5.2000","欣欣大樓","0.0027","百萬元營業額",""
"=""9919""","康那香","0.0000","2519.0000","2519.0000","僅母公司","0.2200","產量(噸)",""
"=""9921""","巨大","8573.0000","17720.0000","26293.0000","巨大集團大中華區所有自行車生產據點","4.4800","單台",""
"=""9924""","福興","0.0000","0.0000","106.8500","僅母公司","0.0000","產品","ISO 14001"
"=""9925""","新保","0.0000","40.7700","40.7700","母公司","無，無統計相關數據","",""
"=""9926""","新海","0.0000","37.1700","37.1700","僅母公司","0.0200","百萬元營業額",""
"=""9927""","泰銘","0.0000","0.0000","503.9700","全廠","0.0749","千元",""
"=""9928""","中視","無，無統計相關數據","無，無統計相關數據","無，無統計相關數據","","無，無統計相關數據","",""
"=""9929""","秋雨","無，無統計相關數據","無，無統計相關數據","無，無統計相關數據","","無，無統計相關數據","",""
"=""9930""","中聯資源","2.7450","39694.8130","39697.5580","中聯資源公司","3.8650","百萬元營業額","ISO 14001"
"=""9931""","欣高","無，無統計相關數據","無，無統計相關數據","無，無統計相關數據","","無，無統計相關數據","",""
"=""9933""","中鼎","0.0000","1899.0000","1899.0000","母公司(含總部大樓與全球工地)","0.0600","百萬元營業額","AA1000"
"=""9934""","成霖","0.0000","3.8300","3.8300","母公司","無，無統計相關數據","",""
"=""9935""","慶豐富","0.0000","241.5100","241.5100","僅母公司","0.0000","千元營業額",""
"=""9937""","全國","0.0000","0.0000","968.2400","涵蓋本公司所有營運據點及出租加油站予本公司之100%子公司埔祥開發(股)公司及上員(股)公司。","0.0010","公噸/公秉(每公秉油品銷售之廢棄物密集度)",""
"=""9938""","百和","3.4700","1030.2700","1033.7400","僅母公司","0.2100","產品",""
"=""9939""","宏全","114.2200","14137.3200","14251.5400","僅母公司","無，因產業特性不同，分為包材及飲料品項: 1.包材事業體:0.933(廢棄物重量(噸)/百萬營收) 2.飲料事業體:0.0855(廢棄物重量(噸)/成品產量(千公升))","","ISO 14001"
"=""9940""","信義","0.0000","0.0000","264.1832","信義房屋股份有限公司","0.0517","員工人數","ISO 14001(預計2023Q3完成查證)"
"=""9941""","裕融","0.0000","0.0000","73.3600","母公司+子公司新鑫、裕富數位","0.0600","員工人數",""
"=""9942""","茂順","無，無統計相關數據","無，無統計相關數據","無，無統計相關數據","","無，無統計相關數據","",""
"=""9943""","好樂迪","0.0000","1680.2100","1680.2100","廚餘廢油焚化","0.7068","廢棄物量密集度(1680.21)/其他-營收百萬元(2377.164)",""
"=""9944""","新麗","0.0000","292.0000","292.0000","母公司","0.1400","產品",""
"=""9945""","潤泰新","0.0000","168.6500","168.6500","冬山廠(子公司)","無，無統計相關數據","",""
"=""9946""","三發地產","0.0000","671000.0000","671000.0000","三發地產及京富祥營造","0.2951","千元單位營業額",""
"=""9955""","佳龍","0.0000","0.0000","56.4875","包含合併財務報表之母子公司","無，無統計相關數據","",""
"=""9958""","世紀鋼","0.0000","62.2900","62.2900","桃園市觀音區中山路一段1119號","無，無統計相關數據","","ISO 14001"