"報告年度:2022","議題:能源管理"
"公司代號","公司名稱","使用率(再生能源/總能源)-使用率(再生能源/總能源)","資料範圍-資料範圍","取得驗證-取得驗證"
"=""1101""","台泥","0.0060","台泥台灣個體公司 (涵蓋營運集團總部、研究室、2座水泥廠、24座製品廠、子公司和平電力)","ISO 9001"
"=""1102""","亞泥","0.0000","亞洲水泥個體公司","ISO 9001"
"=""1103""","嘉泥","0.0000","嘉泥台灣個體公司","ISO 9001"
"=""1104""","環泥","0.0000","母公司",""
"=""1108""","幸福","無，已申報「再生能源義務用戶執行計劃書」800瓩","",""
"=""1109""","信大","無，本公司擬購置太陽能發電設備，相關發電數據需待設備建置計算。","",""
"=""1110""","東泥","5.2100","僅母公司",""
"=""1201""","味全","無，無統計相關數據","","ISO 9001"
"=""1203""","味王","無，無統計相關數據","",""
"=""1210""","大成","無，無統計相關數據","",""
"=""1213""","大飲","無，NA","",""
"=""1215""","卜蜂","0.0182","南投肉食品加工廠、台中飼料廠、高雄飼料廠、雲林飼料廠",""
"=""1216""","統一","0.0300","僅母公司",""
"=""1217""","愛之味","無，無統計相關數據","",""
"=""1218""","泰山","62.3900","計算方式如下表有經過驗算查證。",""
"=""1219""","福壽","無，太陽能發電量均售回台電","","ISO 9001"
"=""1220""","台榮","無，無統計相關數據","",""
"=""1225""","福懋油","0.0000","母公司",""
"=""1227""","佳格","無，無使用再生能源","",""
"=""1229""","聯華","無，目前公司無使用再生能源","",""
"=""1231""","聯華食","無，無統計相關數據","","ISO 9001"
"=""1232""","大統益","無，本公司無使用再生能源","","ISO 9001"
"=""1233""","天仁","無，無統計相關數據","",""
"=""1234""","黑松","0.5600","總公司、中壢廠、斗六廠","ISO 9001"
"=""1235""","興泰","無，無使用再生能源","",""
"=""1236""","宏亞","26.0000","母公司",""
"=""1256""","鮮活果汁-KY","無，無統計相關數據","",""
"=""1301""","台塑","0.0000","母公司",""
"=""1303""","南亞","0.0005","母公司，本公司2022年取得18張綠能憑證(依國家再生能源憑證中心網站)，另已規劃分二階段於各廠區廠房屋頂建置太陽能發電設備，預計設置總容量約58,365KW(含必成公司)，預估占119年台電契約容量18.2%(高於政府用電大戶條款規定的10%)，其中，硬布一廠195KW於2022年7月設備登記核准，已取得再生能源憑證配電盤廠1,500KW投資新台幣0.7億元，並於2022年12月設備登記核准，已取得再生能源憑證。","ISO 14001"
"=""1304""","台聚","0.0000","台聚高雄廠","ISO 9001"
"=""1305""","華夏","無，再生能源推動  1、華夏公司從自廠屋頂建設太陽光電設備做起，逐步擴大各廠區綠電使用量。華夏頭份廠於2019年於廠區屋頂興建1438kW太陽能設備，2022年實際發電量達123萬度。 2、華夏公司將持續擴增太陽能設備容量，預計於2023年底新增廠內約680kWp太陽能建置。 3、台氯林園廠因無合適之屋頂可建置太陽能設備，目前規劃將於2025年底前外購164萬度綠電及憑證。","","ISO 9001"
"=""1307""","三芳","59.4200","合併財務報表之母子公司)",""
"=""1308""","亞聚","0.0000","亞聚林園廠","ISO 9001"
"=""1309""","台達化","無，台達林園廠規劃2025年前將採購82.5萬度的綠電。","","ISO 9001"
"=""1310""","台苯","無，目前尚無使用再生能源","",""
"=""1312""","國喬","0.0000","僅母公司",""
"=""1313""","聯成","無，無再生能源","","ISO 9001"
"=""1314""","中石化","0.0302","母公司","ISO 14001"
"=""1315""","達新","7.5200","母公司",""
"=""1316""","上曜","無，未使用","",""
"=""1319""","東陽","無，未使用再生能源","",""
"=""1321""","大洋","無，無統計相關數據","",""
"=""1323""","永裕","0.0000","與台電合作躉售太陽能光電，每年產生綠電約達25000度電以上，但未使用綠電於企業自用。",""
"=""1324""","地球","無，無統計相關數據","",""
"=""1325""","恆大","無，無統計相關數據","",""
"=""1326""","台化","0.1382","111年台化及台醋公司之台灣廠區資料",""
"=""1337""","再生-KY","無，無統計相關數據","",""
"=""1338""","廣華-KY","無，暫未訂定再生物料政策","",""
"=""1339""","昭輝","無，無統計相關數據","",""
"=""1340""","勝悅-KY","無，無統計相關數據","",""
"=""1341""","富林-KY","52.0000","生物質 能源(壓榨稻殼)","ISO 14001"
"=""1342""","八貫","無，無統計相關數據","",""
"=""1402""","遠東新","3.4000","生產事業21個生產據點","ISO 9001"
"=""1409""","新纖","無，無統計相關數據","","ISO 9001"
"=""1410""","南染","無，無統計相關數據","",""
"=""1413""","宏洲","0.0000","宏洲纖維工業股份有限公司桃園工廠",""
"=""1414""","東和","0.0000","本公司",""
"=""1416""","廣豐","無，無統計相關數據","",""
"=""1417""","嘉裕","無，無統計相關數據","",""
"=""1418""","東華","無，無統計相關數據","",""
"=""1419""","新紡","無，無統計相關數據","",""
"=""1423""","利華","無，目前無使用再生能源","",""
"=""1432""","大魯閣","無，無統計相關數據","",""
"=""1434""","福懋","0.4100","台灣廠區太陽能發電","ISO 9001"
"=""1435""","中福","無，無生產活動","",""
"=""1436""","華友聯","無，無統計相關數據","",""
"=""1437""","勤益控","無，無統計相關數據","",""
"=""1438""","三地開發","無，無統計相關數據","",""
"=""1439""","雋揚","無，無統計相關數據","",""
"=""1440""","南紡","0.0000","母公司","ISO 9001"
"=""1441""","大東","無，無統計相關數據","",""
"=""1442""","名軒","無，無統計相關數據","",""
"=""1443""","立益物流","無，無統計相關數據","",""
"=""1444""","力麗","0.0597","母公司各廠區",""
"=""1445""","大宇","無，無統計相關數據","",""
"=""1446""","宏和","無，無相關排放設備","",""
"=""1447""","力鵬","無，無統計相關數據","","ISO 9001"
"=""1449""","佳和","0.0000","母公司",""
"=""1451""","年興","3.9400","包含合併財務報表之母子公司",""
"=""1452""","宏益","0.0000","包含合併財務報表之母子公司",""
"=""1453""","大將","無，無統計相關數據","",""
"=""1454""","台富","無，無統計相關數據","",""
"=""1455""","集盛","無，未使用。","",""
"=""1456""","怡華","無，無統計相關數據","",""
"=""1457""","宜進","0.0000","宜進實業股份有限公司及子公司(光明絲織廠股份有限公司、宏洲纖維工業股份有限公司、億東纖維股份有限公司、欣懋投資股份有限公司、大田國際開發股份有限公司、大宜國際開發股份有限公司)台北公司",""
"=""1459""","聯發","無，無統計相關數據","",""
"=""1460""","宏遠","0.0000","母公司","ISO 9001"
"=""1463""","強盛新","無，無統計相關數據","",""
"=""1464""","得力","無，無統計相關數據","",""
"=""1465""","偉全","無，NA","",""
"=""1466""","聚隆","無，無統計相關數據","","ISO 9001"
"=""1467""","南緯","無，目前未使用再生能源","",""
"=""1468""","昶和","無，無統計相關數據","",""
"=""1470""","大統新創","無，無統計相關數據","",""
"=""1471""","首利","無，無統計相關數據","",""
"=""1472""","三洋實業","無，本公司於111/5/11通過溫室氣體排放，因組織尚未完整，尚未決定由何單位及何種方式進行數據蒐集。","",""
"=""1473""","台南","28.0000","包含合併財務報表之母子公司",""
"=""1474""","弘裕","無，無統計相關數據","",""
"=""1475""","業旺","無，詳年報說明","",""
"=""1476""","儒鴻","0.5215","包含合併財務報表之母子公司","ISO 9001"
"=""1477""","聚陽","19.4196","範圍含聚陽股份有限公司(總公司)、Leader Garments Corp.、Moha Garments Co., Ltd.、Triple Garment(Vietnam) Co., Ltd.、Makalot Garments(Vietnam) Co., Ltd.、Makalot Garments(Cambodia) Co., Ltd.、PT. Glory Industrial Semarang、 PT. Starlight Garment Semarang、Leader Garment(Vietnam) Co., Ltd.、Jiaxing Ruiyang Garment Co., Ltd、Jiaxing Rising Garment Co.,Ltd、Jiaxing Suntex Garment Co.,Ltd","ISO 14001"
"=""1503""","士電","無，無統計相關數據","",""
"=""1504""","東元","2.4600","台灣所有廠區",""
"=""1506""","正道","無，未採用其他再生能源","","ISO 14001"
"=""1512""","瑞利","無，無統計相關數據","",""
"=""1513""","中興電","10.3735","(林口廠太陽能發電度)/年度總用電量953840/9195000*100%",""
"=""1514""","亞力","7.5232","母公司",""
"=""1515""","力山","無，資料尚在驗證","",""
"=""1516""","川飛","無，無統計相關數據","",""
"=""1517""","利奇","0.0000","彰化廠及南崗廠之電力",""
"=""1519""","華城","0.0355","僅母公司","ISO 14001"
"=""1521""","大億","無，無統計相關數據","",""
"=""1522""","堤維西","0.0000","台電電費單",""
"=""1524""","耿鼎","無，無統計相關數據","",""
"=""1525""","江申","無，無使用再生能源","",""
"=""1526""","日馳","無，無統計相關數據","",""
"=""1527""","鑽全","無，無統計相關數據","",""
"=""1528""","恩德","無，無統計相關數據","",""
"=""1529""","樂事綠能","無，無統計相關數據","",""
"=""1530""","亞崴","無，無統計相關數據","",""
"=""1531""","高林股","無，無統計相關數據","",""
"=""1532""","勤美","3.4828","勤美股份有限公司金屬成型事業處","ISO 14001"
"=""1533""","車王電","無，用電完全使用外購電力","",""
"=""1535""","中宇","無，本公司非製造工廠，無法取得數據。","",""
"=""1536""","和大","6.4643","僅母公司","ISO 9001"
"=""1537""","廣隆","無，未使用再生能源","",""
"=""1538""","正峰","無，無統計相關數據","",""
"=""1539""","巨庭","無，無統計相關數據","",""
"=""1540""","喬福","無，無統計相關數據","",""
"=""1541""","錩泰","無，無統計相關數據","",""
"=""1558""","伸興","0.0000","合併財務報表之母子公司","ISO 9001"
"=""1560""","中砂","無，111年度進行綠電購買與設置評估作業，於112年將展開相關執行措施","","ISO 9001"
"=""1568""","倉佑","0.0000","僅母公司",""
"=""1582""","信錦","無，無統計相關數據","",""
"=""1583""","程泰","無，無統計相關數據","",""
"=""1587""","吉茂","無，無統計相關數據","",""
"=""1589""","永冠-KY","0.4800","合併財務報表之母子公司","ISO 9001"
"=""1590""","亞德客-KY","2.1400","包含集團全部生產工廠及大陸地區全部銷售公司，已涵蓋集團95%以上之能源耗用量",""
"=""1597""","直得","2.1000","母公司",""
"=""1598""","岱宇","無，無統計相關數據","",""
"=""1603""","華電","無，無統計相關數據","",""
"=""1604""","聲寶","無，無統計相關數據","",""
"=""1605""","華新","無，無，尚無自用自發綠電","","ISO 9001"
"=""1608""","華榮","無，無統計相關數據","",""
"=""1609""","大亞","0.4300","大亞集團","ISO 9001"
"=""1611""","中電","無，無統計相關數據","",""
"=""1612""","宏泰","0.0000","僅母公司",""
"=""1614""","三洋電","無，無統計相關數據","",""
"=""1615""","大山","無，無統計相關數據","",""
"=""1616""","億泰","無，111年無使用再生能源","",""
"=""1617""","榮星","無，無統計相關數據","",""
"=""1618""","合機","無，無統計相關數據","",""
"=""1626""","艾美特-KY","無，無統計相關數據","",""
"=""1702""","南僑","1.3005","中國大陸、泰國地區之製造單位","ISO 9001"
"=""1707""","葡萄王","0.6100","葡萄王生技、葡眾企業","ISO 9001"
"=""1708""","東鹼","無，無統計相關數據","",""
"=""1709""","和益","無，無統計相關數據","",""
"=""1710""","東聯","0.0000","1.2022年H2規劃建置太陽能光電系統（約108.78KW)，2023年Q1已完工，憑證申請中。2.2023年底前購買10%再生能源電力及憑證，以符合法令要求。","ISO 9001"
"=""1711""","永光","無，有建置499kw太陽能發電裝置，但並非自發自用(使用權歸屬廠商)，故無使用資料可統計，待2023年購回其使用權後即可統計使用資訊。","",""
"=""1712""","興農","0.0000","母公司王田廠區(王田廠、王田二廠、生物工廠)",""
"=""1713""","國化","0.0000","屏南分公司",""
"=""1714""","和桐","無，無統計相關數據","",""
"=""1717""","長興","0.1000","母公司及包含合併財務報表之國內與國外子公司","ISO 9001"
"=""1718""","中纖","無，無統計相關數據","","ISO 9001"
"=""1720""","生達","7.7400","生達一廠+生達二廠",""
"=""1721""","三晃","無，無統計相關數據","",""
"=""1722""","台肥","3.0000","母公司","ISO 9001"
"=""1723""","中碳","0.0000","母公司","ISO 9001"
"=""1725""","元禎","0.0000","母公司",""
"=""1726""","永記","無，無統計相關數據","",""
"=""1727""","中華化","無，未使用再生能源","",""
"=""1730""","花仙子","無，無統計相關數據","",""
"=""1731""","美吾華","無，無統計相關數據","",""
"=""1732""","毛寶","無，無統計相關數據","",""
"=""1733""","五鼎","無，無統計相關數據","",""
"=""1734""","杏輝","無，無統計相關數據","",""
"=""1735""","日勝化","無，目前沒有使用再生能源","",""
"=""1736""","喬山","5.8000","母公司",""
"=""1737""","臺鹽","0.4982","環境會計資料",""
"=""1752""","南光","無，無統計相關數據","",""
"=""1760""","寶齡富錦","無，無統計相關數據","",""
"=""1762""","中化生","無，無統計相關數據","",""
"=""1773""","勝一","無，無使用再生能源","",""
"=""1776""","展宇","無，無統計相關數據","",""
"=""1783""","和康生","無，無統計相關數據","",""
"=""1786""","科妍","無，無統計相關數據","",""
"=""1789""","神隆","0.7153","僅母公司(於2022年外購電力32,414,504度, 太陽能發電231,856度)",""
"=""1795""","美時","無，無統計相關數據","",""
"=""1802""","台玻","無，無統計相關數據","","ISO 9001"
"=""1805""","寶徠","無，無統計相關數據","",""
"=""1806""","冠軍","無，無統計相關數據","","ISO 9001"
"=""1808""","潤隆","無，無統計相關數據","",""
"=""1809""","中釉","無，無統計相關數據","",""
"=""1810""","和成","無，無統計相關數據","","ISO 9001"
"=""1817""","凱撒衛","無，無統計相關數據","",""
"=""1903""","士紙","無，依規定本公司屬資本額50億元以下之公司別，應於第三階段完成溫室氣體盤查(115年)，本公司預計於112年啟動執行。","",""
"=""1904""","正隆","0.0800","母公司","ISO 9001"
"=""1905""","華紙","32.0000","華紙合併財報之台灣、大陸生產據點","ISO 9001"
"=""1906""","寶隆","無，無統計相關數據","",""
"=""1907""","永豐餘","43.4000","永豐餘年報所稱三大事業群（林漿紙事業群、工紙紙器事業群、消費品事業群）之台灣、大陸、越南三地共合計共35個生產據點。 可再生能源包含：SRF、回收紙渣、廢膠片、餘泥、沼氣、木質素、樹皮、廢木材、木片、木屑等。","ISO 9001"
"=""1909""","榮成","0.0530","全台灣廠區","ISO 9001"
"=""2002""","中鋼","0.0001","母公司","ISO 9001"
"=""2006""","東和鋼鐵","0.0000","母公司","ISO 9001"
"=""2007""","燁興","無，太陽能光電設備設置中","","ISO 9001"
"=""2008""","高興昌","無，無使用再生能源","",""
"=""2009""","第一銅","0.0000","無使用再生能源",""
"=""2010""","春源","無，無統計相關數據","",""
"=""2012""","春雨","無，無統計相關數據","",""
"=""2013""","中鋼構","無，目前無使用再生能源","",""
"=""2014""","中鴻","0.0000","母公司","ISO 9001"
"=""2015""","豐興","無，2023年底前建置(購買)完成自有及租賃客戶等場地之太陽光電發電系統，預計設置容量為19.9MW。","",""
"=""2017""","官田鋼","無，無統計相關數據","",""
"=""2020""","美亞","無，無統計相關數據","",""
"=""2022""","聚亨","無，無統計相關數據","",""
"=""2023""","燁輝","0.0000","燁輝企業股份有限公司(僅母公司)","ISO 9001"
"=""2024""","志聯","無，無統計相關數據","","ISO 9001"
"=""2025""","千興","無，無統計相關數據","",""
"=""2027""","大成鋼","無，未採用其他再生能源","",""
"=""2028""","威致","無，無統計相關數據","",""
"=""2029""","盛餘","0.6294","太陽能/電力+天然氣+蒸氣+汽柴油(熱值)","ISO 9001"
"=""2030""","彰源","無，無統計相關數據","",""
"=""2031""","新光鋼","無，統計相關數據，預計2023年度導入ISO 50001","",""
"=""2032""","新鋼","無，無統計相關數據","",""
"=""2033""","佳大","無，無統計相關數據","",""
"=""2034""","允強","0.0000","2022年四廠總用電量合計為 35292仟度，斗一廠和斗二廠太陽能發電量為 4728仟度全數出售，預計將於2025年轉為自發自用。","ISO 9001"
"=""2038""","海光","無，無使用","",""
"=""2049""","上銀","無，2019年設置485.75kW太陽能發電量，並與電力公司線路並聯投入綠能發電。累積至2022年建置535.11kW太陽能綠電，發電容量累積2,816,064kW，預計2023年第二季將535.11kW轉為自發自用。","","ISO 14001"
"=""2059""","川湖","無，無再生能源設備","",""
"=""2062""","橋椿","無，無統計相關數據","","ISO 14001"
"=""2069""","運錩","無，無統計相關數據","",""
"=""2101""","南港","無，無統計相關數據","",""
"=""2102""","泰豐","無，無統計相關數據","",""
"=""2103""","台橡","0.0000","合併財務報表之母子公司","ISO 14001"
"=""2104""","國際中橡","無，國際中橡100%持有之子公司林園先進秉持配合國際標準和承擔節能減碳責任的原則，2023年已成功通過 ISO 50001 能源管理體系認證。除了現有的太陽能光電系統（共796.5瓩）之外，我們積極進行新的太陽能案場建設，以更進一步推動可持續能源使用。2022年再生能源發電為躉售，2023年起將使用再生能源。  2024年規劃之新建案場包括一個自發自用的太陽能系統（391 瓩），配合國家再生能源發展條例之用電大戶政策，並遵循 ISO 50001 的要求，以確保能源管理體系的持續有效性和持續改進。同時，我們還建造了一個躉售的太陽能系統（195.5 瓩），將所產生的太陽能電力進行躉售，並在運營過程中根據 ISO 50001 的要求進行能源管理和監控。  這些新建案場的設立不僅提升了我們的能源多樣性，還進一步鞏固了我們對可持續發展和環境保護的承諾。通過 ISO 50001 的認證，我們確保能源管理體系符合國際標準，並能夠持續改進能源效率，降低能源成本，同時為全球的節能減碳努力作出積極貢獻。","","ISO 9001"
"=""2105""","正新","2.8000","母公司",""
"=""2106""","建大","無，無統計相關數據","","ISO 9001"
"=""2107""","厚生","無，無統計相關數據","",""
"=""2108""","南帝","0.0000","僅母公司",""
"=""2109""","華豐","無，無統計相關數據","",""
"=""2114""","鑫永銓","無，無統計相關數據","",""
"=""2115""","六暉-KY","無，無統計相關數據","",""
"=""2201""","裕隆","5.4946","裕隆汽車製造(股)公司三義廠區",""
"=""2204""","中華","0.0477","占營運範圍比率100%","ISO 9001"
"=""2206""","三陽工業","無，太陽能為廠房出租使用。","",""
"=""2207""","和泰車","0.2884","母公司",""
"=""2208""","台船","無，無統計相關數據","",""
"=""2211""","長榮鋼","無，未購置再生能源","",""
"=""2227""","裕日車","無，無統計相關數據","",""
"=""2228""","劍麟","無，無統計相關數據","",""
"=""2231""","為升","無，無統計相關數據","",""
"=""2233""","宇隆","無，無統計相關數據","",""
"=""2236""","百達-KY","無，無統計相關數據","",""
"=""2239""","英利-KY","無，無統計相關數據","",""
"=""2241""","艾姆勒","0.0000","母公司",""
"=""2243""","宏旭-KY","無，無統計相關數據","",""
"=""2247""","汎德永業","0.0769","合併財報之母子公司",""
"=""2250""","IKKA-KY","無，無統計相關數據","",""
"=""2301""","光寶科","26.8000","包含母公司與合併財報之部分子公司 光寶科技股份有限公司、光寶電子(天津)有限公司、光寶網絡通訊(東莞)有限公司、光寶光電(常州)有限公司、光寶科技(常州)有限公司、光寶電子(東莞)有限公司、光寶電源科技(東莞)有限公司、旭麗電子(東莞)有限公司、惠州市力信電子有限公司、光寶電子(廣州)有限公司、建興光電科技(北海)有限公司、敦揚(廣州)汽車電子有限公司、光寶智能汽車(廣州)有限公司、LITE-ON VIETNAM CO., LTD.、Lite-On Electronics (Thailand) Co., Ltd.、LITE-ON POWER ELECTRONIC INDIA PRIVATE LIMITED","ISO 9001"
"=""2302""","麗正","無，無統計相關數據","",""
"=""2303""","聯電","0.1400","母公司(含新加坡分公司)","ISO 9001"
"=""2305""","全友","無，無統計相關數據","",""
"=""2308""","台達電","57.6000","全球據點","ISO 9001"
"=""2312""","金寶","5.2000","合併財務報表之母子公司",""
"=""2313""","華通","28.7000","111年度",""
"=""2314""","台揚","0.0000","僅台揚科技",""
"=""2316""","楠梓電","無，無統計相關數據","","ISO 9001"
"=""2317""","鴻海","8.2800","包含合併財務報表母子公司","ISO 9001"
"=""2321""","東訊","無，無設置再生能源設施","",""
"=""2323""","中環","無，無統計相關數據","",""
"=""2324""","仁寶","37.4000","母公司、仁寶(越南)、仁寶電腦(重慶)、仁寶電腦(成都)及仁寶視訊電子(昆山)、仁寶電子科技(昆山)、仁寶資訊工業(昆山)、仁寶信息技術(昆山)、仁寶數碼科技（昆山）、吉寶通訊（南京）、重慶翊寶智慧電子裝置及Compalead Eletr&#244;nica do Brasil Ind&#250;stria e Com&#233;rcio","ISO 9001"
"=""2327""","國巨","0.0000","母公司",""
"=""2328""","廣宇","0.0000","母公司為辦公區再生能源為零，子公司規劃建設太陽能站，(目前東廠區建設完畢)。",""
"=""2329""","華泰","無，無使用再生能源","","ISO 9001"
"=""2330""","台積電","10.4000","台灣廠區及部分子公司","ISO 9001"
"=""2331""","精英","0.1091","% ; 資料範圍： 精英電腦總部智慧大樓太陽能車棚","ISO 14001"
"=""2332""","友訊","無，無統計相關數據","","ISO 14001"
"=""2337""","旺宏","0.0000","僅母公司",""
"=""2338""","光罩","0.0000","僅母公司",""
"=""2340""","台亞","無，建置中","",""
"=""2342""","茂矽","0.0260","僅母公司",""
"=""2344""","華邦電","0.0000","母公司","ISO 9001"
"=""2345""","智邦","無，目前為溫室氣體盤查階段，竹北廠將設置屋頂太陽能發電設施。","","ISO 9001"
"=""2347""","聯強","無，尚無使用再生能源","",""
"=""2348""","海悅","無，無統計相關數據","",""
"=""2349""","錸德","0.1227","僅母公司",""
"=""2351""","順德","0.0800","母公司","ISO 9001"
"=""2352""","佳世達","7.1000","佳世達台灣/蘇州廠區","ISO 9001"
"=""2353""","宏碁","44.0000","含合併財務報表之母子公司","ISO 9001"
"=""2354""","鴻準","無，無統計相關數據","","ISO 9001"
"=""2355""","敬鵬","無，無統計相關數據","",""
"=""2356""","英業達","19.8900","*英業達股份有限公司Inventec Corporation(士林廠 Shilin site(IET)、桃園廠 Taoyuan site(TAO)、桃園廠 Taoyuan site(TRDC/ITO)、台北辦公室Taipei office、台南建物Tainan building、日本東京辦公室(IJC)) *英業達(重慶)有限公司Inventec (Chongqing) Corporation (ICC) *英業達科技有限公司Inventec (Pudong) Technology Corporation (IPT) *上海順詮科技有限公司SQ Technology (Shanghai) Corporation (SQT) *Inventec (Czech) S.R.O. (ICZ) *IEC Technologies, S . de R. L. de C. V. (IMX)","ISO 9001"
"=""2357""","華碩","15.0000","全球營運據點","ISO 9001"
"=""2359""","所羅門","無，未增設再生能源設備","",""
"=""2360""","致茂","0.0020","僅母公司",""
"=""2362""","藍天","15.9000","主要製造廠：昆山廠","ISO 9001"
"=""2363""","矽統","無，無統計相關數據","",""
"=""2364""","倫飛","無，無統計相關數據","",""
"=""2365""","昆盈","無，無統計相關數據","",""
"=""2367""","燿華","無，未使用再生能源","","ISO 9001"
"=""2368""","金像電","6.9000","合併財務報表之母子公司","ISO 9001"
"=""2369""","菱生","無，太陽能發電躉售台電","",""
"=""2371""","大同","0.0000","僅母公司","ISO 9001"
"=""2373""","震旦行","0.0000","僅母公司",""
"=""2374""","佳能","0.0000","111年度",""
"=""2375""","凱美","無，無統計相關數據","",""
"=""2376""","技嘉","0.0000","技嘉科技營運總部、桃園南平廠、中國東莞廠和中國寧波廠",""
"=""2377""","微星","無，無統計相關數據","","ISO 9001"
"=""2379""","瑞昱","0.0000","僅包含瑞昱新竹營運總部",""
"=""2380""","虹光","無，無統計相關數據","",""
"=""2382""","廣達","25.9200","廣達電腦(股)公司臺灣總部QRDC及廣達台灣製造城QTMC、廣達上海製造城QSMC、廣達重慶製造城QCMC、廣達泰國廠QMB","ISO 9001"
"=""2383""","台光電","無，無使用再生能源","",""
"=""2385""","群光","13.5500","群光電子(含海外各廠區，不含子公司)","ISO 9001"
"=""2387""","精元","無，無統計相關數據","",""
"=""2388""","威盛","無，無再生能源之使用","",""
"=""2390""","云辰","無，無統計相關數據","",""
"=""2392""","正崴","63.6000","母公司及主要生產基地之子公司","ISO 9001"
"=""2393""","億光","0.0000","億光電子台灣地區",""
"=""2395""","研華","0.0000","邊界範疇包含研華台灣(瑞光、陽光、林口、東湖)、中國昆山廠區、日本廠區、韓國廠區、美國廠區及歐洲廠區","ISO 9001"
"=""2397""","友通","無，無統計相關數據","",""
"=""2399""","映泰","無，僅有辦公處所，無生產製造且法令無規範。","",""
"=""2401""","凌陽","0.0000","僅母公司",""
"=""2402""","毅嘉","無，尚未導入","",""
"=""2404""","漢唐","無，無統計相關數據","",""
"=""2405""","輔信","無，無統計相關數據","",""
"=""2406""","國碩","無，無統計相關數據","",""
"=""2408""","南亞科","0.9500","母公司","ISO 9001"
"=""2409""","友達","0.1000","全球營運據點","ISO 9001"
"=""2412""","中華電","1.6700","100%","ISO 9001"
"=""2413""","環科","0.6108","母公司",""
"=""2414""","精技","無，無統計相關數據","",""
"=""2415""","錩新","0.0000","母公司+錩新科技(越南)公司",""
"=""2417""","圓剛","0.0000","母公司",""
"=""2419""","仲琦","無，無統計相關數據","",""
"=""2420""","新巨","0.0000","包含合併財務報表之母子公司",""
"=""2421""","建準","無，無統計相關數據","",""
"=""2423""","固緯","無，無統計相關數據","",""
"=""2424""","隴華","無，無統計相關數據","",""
"=""2425""","承啟","無，無統計相關數據","",""
"=""2426""","鼎元","0.0000","僅母公司",""
"=""2427""","三商電","無，無統計相關數據","",""
"=""2428""","興勤","無，無統計相關數據","",""
"=""2429""","銘旺科","無，無統計相關數據","",""
"=""2430""","燦坤","無，無統計相關數據","",""
"=""2431""","聯昌","無，無統計相關數據","",""
"=""2432""","倚天酷碁-創","0.0000","僅申報公司",""
"=""2433""","互盛電","0.0000","僅母公司",""
"=""2434""","統懋","43.6646","母公司",""
"=""2436""","偉詮電","無，無使用再生能源","",""
"=""2438""","翔耀","無，無統計相關數據","",""
"=""2439""","美律","16.3100","母公司與部分合併財務報表之子公司","ISO 9001"
"=""2440""","太空梭","無，無統計相關數據","",""
"=""2441""","超豐","無，無統計相關數據","",""
"=""2442""","新美齊","無，詳年報說明","",""
"=""2444""","兆勁","0.0000","母公司",""
"=""2449""","京元電子","無，尚未導入再生能源","","ISO 9001"
"=""2450""","神腦","0.0000","新店總公司共10間辦公室",""
"=""2451""","創見","0.0000","僅母公司",""
"=""2453""","凌群","無，無統計相關數據","",""
"=""2454""","聯發科","0.0000","僅母公司","ISO 9001"
"=""2455""","全新","無，未使用再生能源","",""
"=""2457""","飛宏","0.0800","31,620kwh",""
"=""2458""","義隆","無，無統計相關數據","",""
"=""2459""","敦吉","無，無統計相關數據","",""
"=""2460""","建通","無，詳年報說明","",""
"=""2461""","光群雷","無，無統計相關數據","",""
"=""2462""","良得電","無，無統計相關數據","",""
"=""2464""","盟立","無，無統計相關數據","",""
"=""2465""","麗臺","無，無統計相關數據","",""
"=""2466""","冠西電","無，無使用","",""
"=""2467""","志聖","無，無統計相關數據","",""
"=""2468""","華經","無，無統計相關數據","",""
"=""2471""","資通","無，無統計相關數據","",""
"=""2472""","立隆電","無，無統計相關數據","",""
"=""2474""","可成","0.0000","僅母公司台南廠區",""
"=""2476""","鉅祥","無，無統計相關數據","",""
"=""2477""","美隆電","無，無使用再生能源","",""
"=""2478""","大毅","無，無統計相關數據","",""
"=""2480""","敦陽科","無，本公司屬於資訊服務業並無工廠與產品製造，營運模式為產品經銷代理及技術諮詢服務管理，暫時無使用再生能源之急迫與需求。","",""
"=""2481""","強茂","0.3288","岡山廠",""
"=""2482""","連宇","無，無統計相關數據","",""
"=""2483""","百容","無，無統計相關數據","",""
"=""2484""","希華","無，無統計相關數據","",""
"=""2485""","兆赫","無，尚未統計","",""
"=""2486""","一詮","無，無統計相關數據","",""
"=""2488""","漢平","無，自建太陽能發電之電力，躉售給台灣電力公司。","",""
"=""2489""","瑞軒","7.8500","包含合併財務報表之母子公司","ISO 9001"
"=""2491""","吉祥全","無，無統計相關數據","",""
"=""2492""","華新科","無，尚未開始使用再生能源","",""
"=""2493""","揚博","無，無統計相關數據","",""
"=""2495""","普安","無，本公司目前未使用再生能源","",""
"=""2496""","卓越","無，無統計相關數據","",""
"=""2497""","怡利電","無，無統計相關數據","",""
"=""2498""","宏達電","0.0900","範圍以HTC台灣區域為主，涵蓋所有HTC在台灣執行營運的母子公司組織範疇","ISO 9001"
"=""2501""","國建","無，無統計相關數據","",""
"=""2504""","國產","無，無統計相關數據","",""
"=""2505""","國揚","無，無統計相關數據","",""
"=""2506""","太設","無，無統計相關數據","",""
"=""2509""","全坤建","無，無統計相關數據","",""
"=""2511""","太子","無，無統計相關數據","",""
"=""2514""","龍邦","無，無統計相關數據","",""
"=""2516""","新建","無，無統計相關數據","",""
"=""2520""","冠德","無，無購買再生能源","",""
"=""2524""","京城","無，無統計相關數據","",""
"=""2527""","宏璟","無，無統計相關數據","",""
"=""2528""","皇普","無，無統計相關數據","",""
"=""2530""","華建","無，無統計相關數據","",""
"=""2534""","宏盛","無，無統計相關數據","",""
"=""2535""","達欣工","0.0000","母公司營運總部+工地",""
"=""2536""","宏普","無，無統計相關數據","",""
"=""2537""","聯上發","無，無統計相關數據","",""
"=""2538""","基泰","無，無統計相關數據","",""
"=""2539""","櫻花建","無，無統計相關數據","",""
"=""2540""","愛山林","無，無統計相關數據","",""
"=""2542""","興富發","無，無統計相關數據","",""
"=""2543""","皇昌","無，無統計相關數據","",""
"=""2545""","皇翔","無，尚未啟動","",""
"=""2546""","根基","0.0000","總公司及工程專案",""
"=""2548""","華固","無，無統計相關數據","",""
"=""2597""","潤弘","無，尚未使用再生能源","",""
"=""2601""","益航","無，無統計相關數據","",""
"=""2603""","長榮","無，無統計相關數據","",""
"=""2605""","新興","無，無統計相關數據","",""
"=""2606""","裕民","無，未使用","","ISO 14001"
"=""2607""","榮運","無，無使用再生能源","",""
"=""2608""","嘉里大榮","無，無統計相關數據","",""
"=""2609""","陽明","5.3600","船舶使用太陽能風力岸電佔總用電量比例",""
"=""2610""","華航","0.3400","母公司為主體（但包含全球飛航燃油使用、企業總部、修護廠區、台灣地區作業區域與分公司，母數盤查範圍較同業廣）","ISO 9001"
"=""2611""","志信","無，無統計相關數據","",""
"=""2612""","中航","無，無統計相關數據","",""
"=""2613""","中櫃","無，無統計相關數據","",""
"=""2614""","東森","無，無統計相關數據","","ISO 9001"
"=""2615""","萬海","無，本公司目前未使用再生能源","",""
"=""2616""","山隆","無，無統計相關數據","",""
"=""2617""","台航","無，無統計相關數據","",""
"=""2618""","長榮航","0.0000","僅母公司","ISO 9001"
"=""2630""","亞航","0.2329","本公司台南廠區7-1棚屋頂設置太陽能 板自用，年發電量15,000度，年用電量 6,440,116度。",""
"=""2633""","台灣高鐵","0.0266","苗栗/彰化/雲林車站自發自用太陽能發電量",""
"=""2634""","漢翔","0.0091","母公司","ISO 9001"
"=""2636""","台驊控股","無，無統計相關數據","",""
"=""2637""","慧洋-KY","0.0000","包含合併財務報表之母子公司",""
"=""2642""","宅配通","無，無統計相關數據","",""
"=""2645""","長榮航太","無，無統計相關數據","",""
"=""2646""","星宇航空","N/A","N/A",""
"=""2701""","萬企","無，無統計相關數據","",""
"=""2702""","華園","無，無統計相關數據","",""
"=""2704""","國賓","無，無統計相關數據","",""
"=""2705""","六福","無，無統計相關數據","",""
"=""2706""","第一店","無，無統計相關數據","",""
"=""2707""","晶華","無，無統計相關數據","",""
"=""2712""","遠雄來","無，無統計相關數據","",""
"=""2722""","夏都","無，無統計相關數據","",""
"=""2723""","美食-KY","無，無統計相關數據","",""
"=""2727""","王品","無，無統計相關數據","","ISO 14001"
"=""2731""","雄獅","無，無統計相關數據","",""
"=""2739""","寒舍","無，無統計相關數據","",""
"=""2748""","雲品","無，無統計相關數據","","ISO 9001"
"=""2753""","八方雲集","無，無統計相關數據","",""
"=""2801""","彰銀","0.3600","母公司之國內全數營運據點","ISO 9001"
"=""2809""","京城銀","0.0000","母公司","ISO 9001"
"=""2812""","台中銀","無，無統計相關數據","",""
"=""2816""","旺旺保","無，無統計相關數據","",""
"=""2820""","華票","無，無統計相關數據","",""
"=""2832""","台產","無，無使用再生能源","",""
"=""2834""","臺企銀","0.3800","國內外營業據點及合併報表子公司，共169處據點。","ISO 9001"
"=""2836""","高雄銀","0.0000","母公司總行大樓","ISO 9001"
"=""2838""","聯邦銀","無，無統計相關數據","","ISO 9001"
"=""2845""","遠東銀","0.0000","母公司","ISO 9001"
"=""2849""","安泰銀","無，無統計相關數據","",""
"=""2850""","新產","無，無統計相關數據","",""
"=""2851""","中再保","無，無統計相關數據","",""
"=""2852""","第一保","無，未購置再生能源","",""
"=""2855""","統一證","無，無統計相關數據","",""
"=""2867""","三商壽","無，無統計相關數據","","ISO 14001"
"=""2880""","華南金","0.2400","包含合併財務報表之母子公司及孫公司","ISO 9001"
"=""2881""","富邦金","1.0000","包含富邦金控及子公司富邦人壽、台北富邦銀行、富邦產險、富邦證券、日盛銀行(2023/4併入北富銀)、日盛證券(2023/4併入富邦證券)、富邦期貨、富邦育樂、富邦運動場館、富邦投信、富邦投顧、北富銀創投、富銀香港、富邦華一銀行。","ISO 9001"
"=""2882""","國泰金","7.7400","包含集團(金控、人壽、銀行、產險、證券、投信、投顧、創投、期貨、私募)之國內據點，以及部份海外分支機構數據","ISO 9001"
"=""2883""","凱基金","1.3000","開發金控所有據點及中國人壽北京代表處，未涵蓋包含中國人壽國內所有通訊處及海外子公司所有據點","ISO 9001"
"=""2884""","玉山金","15.0000","100%持有合併財務報表之母子公司","ISO 14001"
"=""2885""","元大金","2.5292","合併財務報表之母子公司(全台灣營業據點)","ISO 9001"
"=""2886""","兆豐金","1.0000","包含合併財務報表母子公司之國內所有據點","ISO 14001"
"=""2887""","台新金","1.8180","再生能源包含自發自用太陽能、外購綠電及外購再生能源憑證，非再生能源包含汽油、柴油及外購電力(台電)；資料涵蓋台新金控，台新銀行(共 105 個據點與 5 個海外據點)，以及台新證券、台新資產管理、台新投信、台新創投、台新投顧、台新人壽共37 個子公司據點。","ISO 9001"
"=""2888""","新光金","0.0000","包含合併財務報表之母子公司","ISO 9001"
"=""2889""","國票金","0.0000","涵蓋包含合併財務報表之母子公司，包括國票金融控股公司、國際票券金融股份有限公司、國票綜合證券股份有限公司、國票證券投資顧問股份有限公司、國票期貨股份有限公司、國票證創業投資股份有限公司、國票創業投資股份有限公司、國旺國際融資租賃有限公司、IBF Financial Holding Co., Ltd.，共計48個據點。","ISO 9001"
"=""2890""","永豐金","0.7000","僅永豐銀行","ISO 14001"
"=""2891""","中信金","0.4456","中國信託金融園區及臺中金融大樓","ISO 9001"
"=""2892""","第一金","5.2100","總能源資料範圍為本公司暨合併財報除「第一金證券亞洲」外之所有子公司。","ISO 9001"
"=""2897""","王道銀行","1.1200","母公司全台營運據點","ISO 9001"
"=""2901""","欣欣","無，無使用再生能源","",""
"=""2903""","遠百","0.0430","遠東百貨_信義A13及台中大遠百(太陽光電)","ISO 9001"
"=""2904""","匯僑","無，無統計相關數據","",""
"=""2905""","三商","0.0000","母公司(建北大樓11F,16F,19F)",""
"=""2906""","高林","無，無統計相關數據","",""
"=""2908""","特力","無，已於台北總部及&#12220;雄賣場甫建置完成的太陽能板，暫採&#12163;發躉售台電的作法， 後續將由專案&#12073;組進&#12175;&#12163;&#12175;使&#12132;之評估與規劃。","",""
"=""2910""","統領","無，無統計相關數據","",""
"=""2911""","麗嬰房","無，無統計相關數據","",""
"=""2912""","統一超","無，無統計相關數據。統一超商亞萬門市導入太陽能光電系統，但由於相關憑證申請中，故再生能源實際發電尚無法完整統計。","","ISO 9001"
"=""2913""","農林","無，無統計相關數據","",""
"=""2915""","潤泰全","無，無統計相關數據","",""
"=""2923""","鼎固-KY","無，無統計相關數據","",""
"=""2929""","淘帝-KY","無，無統計相關數據","",""
"=""2939""","永邑-KY","無，無統計相關數據","",""
"=""2945""","三商家購","無，將配合政府進行節能減碳政策，於111年進行與行政院環保署的節能減碳計畫。","",""
"=""3002""","歐格","無，無統計相關數據","",""
"=""3003""","健和興","無，無統計相關數據","",""
"=""3004""","豐達科","0.8400","僅母公司",""
"=""3005""","神基","無，無使用再生能源","","ISO 9001"
"=""3006""","晶豪科","無，無使用相關再生能源","",""
"=""3008""","大立光","無，2022年未使用再生能源","",""
"=""3010""","華立","100.0000","母公司及子公司(全順、國軒、詠佳、富鈞、華恆),並未直接使用而是將能源提供於台電,但依發電量與消耗量計算,再生能源達100%。",""
"=""3011""","今皓","無，策劃評估中","",""
"=""3013""","晟銘電","4.8000","包含合併財務報表之母子公司",""
"=""3014""","聯陽","無，無使用再生能源","",""
"=""3015""","全漢","5.5400","母公司與部分子公司",""
"=""3016""","嘉晶","無，無使用再生能源","",""
"=""3017""","奇鋐","15.3000","深圳奇宏/興奇宏、武漢奇宏/興奇宏","ISO 9001"
"=""3018""","隆銘綠能","無，無統計相關數據","",""
"=""3019""","亞光","無，無統計相關數據","",""
"=""3021""","鴻名","無，無統計相關數據","",""
"=""3022""","威強電","無，無統計相關數據","",""
"=""3023""","信邦","1.5000","集團100%持股之11個據點。能源使用包含電力(再生能源、非再生能源之汽油、柴油、液化石油氣、天然氣)，經換算熱值(GJ)之佔比","ISO 9001"
"=""3024""","憶聲","無，無統計相關數據","",""
"=""3025""","星通","無，無統計相關數據","",""
"=""3026""","禾伸堂","無，無統計相關數據","",""
"=""3027""","盛達","無，無統計相關數據","",""
"=""3028""","增你強","0.0000","範圍包含台灣區內湖總部辦公室",""
"=""3029""","零壹","無，無統計相關數據","",""
"=""3030""","德律","無，目前未使用再生能源。","",""
"=""3031""","佰鴻","無，無統計相關數據","",""
"=""3032""","偉訓","無，無統計相關數據","",""
"=""3033""","威健","無，目前無使用再生能源","",""
"=""3034""","聯詠","0.2900","母公司",""
"=""3035""","智原","0.3100","母公司",""
"=""3036""","文曄","0.0000","包含合併財務報表母子公司之台灣各營運據點。",""
"=""3037""","欣興","0.0000","目前尚未使用再生能源。","ISO 9001"
"=""3038""","全台","無，無統計相關數據","",""
"=""3040""","遠見","無，無工廠，無生產行為","",""
"=""3041""","揚智","0.0000","僅母公司",""
"=""3042""","晶技","0.1470","2022年再生能源使用率",""
"=""3043""","科風","無，無統計相關數據","",""
"=""3044""","健鼎","0.0000","健鼎-平鎮/無錫/湖北廠區",""
"=""3045""","台灣大","4.4888","2022","ISO 9001"
"=""3046""","建碁","59.0000","含合併財務報表之母子公司",""
"=""3047""","訊舟","無，無統計相關數據","",""
"=""3049""","精金","無，太陽能再生能源於2023/3/28 建置完成，設置容量777kW，2023年再生能源使用率達6.75%。","",""
"=""3050""","鈺德","0.0014","僅母公司",""
"=""3051""","力特","無，無統計相關數據","","ISO 14001"
"=""3052""","夆典","0.0000","總部辦公處所(新北市中和區新民街112號4樓)",""
"=""3054""","立萬利","無，無統計相關數據","",""
"=""3055""","蔚華科","無，無統計相關數據","",""
"=""3056""","富華新","無，無統計相關數據","",""
"=""3057""","喬鼎","無，無統計相關數據","",""
"=""3058""","立德","無，無統計相關數據","",""
"=""3059""","華晶科","無，無統計相關數據","",""
"=""3060""","銘異","無，無統計相關數據","",""
"=""3062""","建漢","無，無統計相關數據","",""
"=""3090""","日電貿","無，無統計相關數據","",""
"=""3092""","鴻碩","無，無統計相關數據","","ISO 9001"
"=""3094""","聯傑","無，無統計相關數據","",""
"=""3130""","一零四","無，本公司屬資訊服務業，除民生電力使用外，未從事產品之組裝及實際生產，無相關再生能源使用。","",""
"=""3138""","耀登","1.8300","僅母公司",""
"=""3149""","正達","無，暫無使用再生能源","",""
"=""3164""","景岳","16.2000","再生能源節約量(天然氣) 111年 立方公尺 1月 1542.44 2月 807.087 3月 1979.45 4月 1476.41 5月 1922.54 6月 1919.37 7月 2288.01 8月 2115.75 9月 1692.24 10月 2240.59 11月 1523.54 12月 1416.89 加總 20924.3 總天然氣節約量: 20924.3",""
"=""3167""","大量","無，無統計相關數據","",""
"=""3189""","景碩","無，用電主要以台電為主，未使用再生能源","",""
"=""3209""","全科","無，無統計相關數據","",""
"=""3229""","晟鈦","無，無統計相關數據","",""
"=""3231""","緯創","57.1916","母公司及全球主要營運與製造廠區(昆山廠、泰州廠、中山廠、重慶廠、成都廠、墨西哥廠、捷克廠、昆山光電廠及馬來西亞廠)","ISO 9001"
"=""3257""","虹冠電","無，無統計相關數據","",""
"=""3266""","昇陽","無，無統計相關數據","",""
"=""3296""","勝德","0.0000","僅母公司",""
"=""3305""","昇貿","無，無統計相關數據","",""
"=""3308""","聯德","無，無統計相關數據","",""
"=""3311""","閎暉","無，無統計相關數據","",""
"=""3312""","弘憶股","無，無統計相關數據","",""
"=""3321""","同泰","無，無統計相關數據","",""
"=""3338""","泰碩","無，無統計相關數據","",""
"=""3346""","麗清","無，無統計相關數據","",""
"=""3356""","奇偶","無，無統計相關數據","",""
"=""3376""","新日興","無，無統計相關數據","",""
"=""3380""","明泰","無，無統計相關數據","",""
"=""3406""","玉晶光","無，無統計相關數據","",""
"=""3413""","京鼎","無，陸續規劃提升再生能源使用率","",""
"=""3416""","融程電","無，無統計相關數據","",""
"=""3419""","譁裕","無，無統計相關數據","",""
"=""3432""","台端","0.0000","包含合併財務報表之母子公司",""
"=""3437""","榮創","無，無統計相關數據","",""
"=""3443""","創意","0.1297","包含合併財務報表之母子公司",""
"=""3447""","展達","0.1091","僅母公司",""
"=""3450""","聯鈞","無，無統計相關數據","",""
"=""3454""","晶睿","22.8100","168+192+桃園廠區",""
"=""3481""","群創","0.0040","台灣母公司與大陸生產據點子公司的總用電量與再生能源使用量","ISO 9001"
"=""3494""","誠研","2.1572","包含合併財務報表之母子公司",""
"=""3501""","維熹","無，無統計相關數據","",""
"=""3504""","揚明光","無，無統計相關數據","",""
"=""3515""","華擎","0.0000","母公司(目前用電主要以台電為主，未使用再生能源)",""
"=""3518""","柏騰","無，無統計相關數據","",""
"=""3528""","安馳","無，無統計相關數據","",""
"=""3530""","晶相光","無，無統計相關數據","",""
"=""3532""","台勝科","無，無統計相關數據","",""
"=""3533""","嘉澤","無，無統計相關數據","",""
"=""3535""","晶彩科","無，尚未建置","",""
"=""3543""","州巧","無，無統計相關數據","",""
"=""3545""","敦泰","無，無統計相關數據","",""
"=""3550""","聯穎","無，無統計相關數據","",""
"=""3557""","嘉威","0.0000","母公司及大陸子公司",""
"=""3563""","牧德","0.0000","牧德科技股份有限公司",""
"=""3576""","聯合再生","無，無統計相關數據","",""
"=""3583""","辛耘","無，尚未建置再生能源","",""
"=""3588""","通嘉","無，不適用","",""
"=""3591""","艾笛森","無，無統計相關數據","",""
"=""3592""","瑞鼎","無，無統計相關數據","",""
"=""3593""","力銘","無，無統計相關數據","",""
"=""3596""","智易","7.0000","台灣總部、中國生產中心及越南生產中心","ISO 9001"
"=""3605""","宏致","0.0000","公司目前尚無使用再生能源，以購入台電電力為主要使用電力",""
"=""3607""","谷崧","無，詳年報說明","",""
"=""3617""","碩天","無，無統計相關數據","",""
"=""3622""","洋華","無，無統計相關數據","",""
"=""3645""","達邁","0.8060","達邁銅鑼廠",""
"=""3652""","精聯","無，無統計相關數據","",""
"=""3653""","健策","無，無統計相關數據","",""
"=""3661""","世芯-KY","無，無統計相關數據","",""
"=""3665""","貿聯-KY","3.6100","全球33個生產廠區: 昆山貿聯廠、昆山翔光廠、常州廠、常州BCNC廠、深圳通盈廠、翔耀廠、康聯廠、廈門新視廠、百事聯廠、佛山城鉞廠、新加坡加冷廠、馬來西亞柔佛廠、馬來西亞檳城廠、加州廠、密西根廠、德州廠、墨西哥廠、加拿大廠、塞爾維亞廠、斯洛伐克廠、德國廠、法國廠、捷克廠、義大利廠等。",""
"=""3669""","圓展","0.4200","母公司",""
"=""3673""","TPK-KY","59.9600","僅含大陸廠區","ISO 9001"
"=""3679""","新至陞","無，無統計相關數據","",""
"=""3686""","達能","無，無統計相關數據","",""
"=""3694""","海華","無，無統計相關數據","",""
"=""3701""","大眾控","無，無統計相關數據","",""
"=""3702""","大聯大","無，再生能源使用比例小於1%","",""
"=""3703""","欣陸","3.1400","母公司及主要營運子公司","ISO 14001"
"=""3704""","合勤控","0.0000","合勤投資控股股份有限公司、盟創科技股份有限公司、合勤科技股份有限公司、兆勤科技股份有限公司",""
"=""3705""","永信","無，無統計相關數據","","ISO 14001"
"=""3706""","神達","3.4000","合併財務報表之母子公司，含台灣營運、研發中心及廠區；中國主要生產據點：廣東順達廠區/江蘇昆達廠區/江蘇璽達廠區；美國加州組裝廠區：MiTAC Information SystemsCorp.",""
"=""3708""","上緯投控","無，預計自2023年開始使用再生能源。","","ISO 9001"
"=""3711""","日月光投控","19.3700","包含再生能源或憑證","ISO 9001"
"=""3712""","永崴投控","0.0000","母公司",""
"=""3714""","富采","無，屋頂太陽能裝置陸續建置中，預估民國114年起轉自發自用","",""
"=""3715""","定穎投控","3.2892","資料涵蓋範圍包含合併財務報表之母子公司","ISO 9001"
"=""3716""","中化控股","N/A","N/A",""
"=""4104""","佳醫","無，無統計相關數據","",""
"=""4106""","雃博","無，無統計相關數據","",""
"=""4108""","懷特","無，無統計相關數據","",""
"=""4119""","旭富","無，廠區重建階段,尚未導入再生能源","",""
"=""4133""","亞諾法","無，詳年報說明","",""
"=""4137""","麗豐-KY","無，無統計相關數據","",""
"=""4142""","國光生","無，無統計相關數據","",""
"=""4148""","全宇生技-KY","無，無統計相關數據","",""
"=""4155""","訊映","無，無統計相關數據","",""
"=""4164""","承業醫","無，無統計相關數據","",""
"=""4190""","佐登-KY","無，無統計相關數據","",""
"=""4306""","炎洲","無，詳年報說明","","ISO 9001"
"=""4414""","如興","無，無統計相關數據","",""
"=""4426""","利勤","無，無統計相關數據","","ISO 9001"
"=""4438""","廣越","無，無統計相關數據","",""
"=""4439""","冠星-KY","2.1285","TOP SPORTS TEXTILE LTD.","ISO 14001"
"=""4440""","宜新實業","無，無統計相關數據","",""
"=""4526""","東台","無，電量躉售給台電公司","","ISO 9001"
"=""4532""","瑞智","0.0000","僅母公司",""
"=""4536""","拓凱","無，無統計相關數據","",""
"=""4540""","全球傳動","無，規劃中","",""
"=""4545""","銘鈺","無，無統計相關數據","",""
"=""4551""","智伸科","無，無統計相關數據","",""
"=""4552""","力達-KY","無，無","",""
"=""4555""","氣立","無，無統計相關數據","",""
"=""4557""","永新-KY","無，無統計相關數據","",""
"=""4560""","強信-KY","無，無統計相關數據","",""
"=""4562""","穎漢","無，無統計相關數據","",""
"=""4564""","元翎","無，無統計相關數據","",""
"=""4566""","時碩工業","無，無使用再生能源","",""
"=""4571""","鈞興-KY","0.0000","主要生產子公司珠海鈞興及越南鈞興",""
"=""4572""","駐龍","無，無統計相關數據","",""
"=""4576""","大銀微系統","0.0000","母公司之總部及二廠","ISO 9001"
"=""4581""","光隆精密-KY","無，無統計相關數據","",""
"=""4583""","台灣精銳","無，無統計相關數據","",""
"=""4720""","德淵","無，目前有太陽能發電，尚未自行使用。","","ISO 9001"
"=""4722""","國精化","無，無統計相關數據","",""
"=""4736""","泰博","無，無統計相關數據","",""
"=""4737""","華廣","無，無統計相關數據","",""
"=""4739""","康普","無，無統計相關數據","","ISO 9001"
"=""4746""","台耀","無，目前已建置太陽能綠色再生能源發電設施，建置量為574KW，將預計於2023年6月後連結使用","",""
"=""4755""","三福化","無，無統計相關數據","",""
"=""4763""","材料-KY","無，無統計相關數據","",""
"=""4764""","雙鍵","0.0000","母公司",""
"=""4766""","南寶","0.3400","僅母公司","ISO 9001"
"=""4770""","上品","無，太陽能生產之電力轉賣台電未留公司自用。","",""
"=""4807""","日成-KY","無，無統計相關數據","",""
"=""4904""","遠傳","0.5000","包含合併財務報表之母子公司","ISO 9001"
"=""4906""","正文","無，無統計相關數據","",""
"=""4912""","聯德控股-KY","35.0000","廠區邊角料轉運回收再利用","ISO 9001"
"=""4915""","致伸","31.6900","致伸科技及子公司東莞東聚、致伸重慶、致伸昆山、惠州迪芬尼、致伸泰國、迪芬尼泰國","ISO 9001"
"=""4916""","事欣科","無，無統計相關數據","",""
"=""4919""","新唐","0.0000","僅母公司","ISO 9001"
"=""4927""","泰鼎-KY","0.5200","包含合併財務報表之母子公司",""
"=""4930""","燦星網","無，無統計相關數據","",""
"=""4934""","太極","無，無統計相關數據","",""
"=""4935""","茂林-KY","無，無統計相關數據","",""
"=""4938""","和碩","19.4200","和碩聯合科技(股)公司、昌碩科技(上海)、世碩電子(昆山)、名碩電腦(蘇州)、康碩電子(蘇州)、凱碩電腦(蘇州)、旭碩科技(重慶)、凱全電子(重慶)、Pegatron Mexico S.A. de C.V.、PEGATRON Czech s.r.o.、PT. PEGATRON TECHNOLOGY INDONESIA、PEGATRON VIETNAM COMPANY LIMITED、PEGATRON TECHNOLOGY HAI PHONG COMPANY LIMITED、PEGATRON TECHNOLOGY INDIA PRIVATE LIMITED、Pegatron Japan Inc.、PEGATRON SERVICE SINGAPORE PTE. LTD.、PEGATRON SERVICE KOREA LLC.、PEGATRON TECHNOLOGY SERVICE INC.、PEGATRON SERVICE AUSTRALIA PTY. LTD","ISO 9001"
"=""4942""","嘉彰","無，目前無使用再生能源","",""
"=""4943""","康控-KY","無，無統計相關數據","",""
"=""4952""","凌通","0.0000","母公司",""
"=""4956""","光鋐","無，無統計相關數據","",""
"=""4958""","臻鼎-KY","2.2000","大陸園區自建太陽能發電及外購電力(綠電)","ISO 9001"
"=""4960""","誠美材","1.8240","僅母公司",""
"=""4961""","天鈺","0.0000","天鈺科技股份有限公司","ISO 14001"
"=""4967""","十銓","無，無統計相關數據","",""
"=""4968""","立積","無，規劃中","",""
"=""4976""","佳凌","無，無統計相關數據","",""
"=""4977""","眾達-KY","無，無統計相關數據","",""
"=""4989""","榮科","6.0000","本公司","ISO 9001"
"=""4994""","傳奇","無，無統計相關數據","",""
"=""4999""","鑫禾","無，無統計相關數據","",""
"=""5007""","三星","無，無統計相關數據","","ISO 14001"
"=""5203""","訊連","無，詳年報說明","",""
"=""5215""","科嘉-KY","無，詳年報說明","",""
"=""5222""","全訊","無，無統計相關數據","",""
"=""5225""","東科-KY","無，無統計相關數據","",""
"=""5234""","達興材料","0.0000","所有生產廠區",""
"=""5243""","乙盛-KY","無，無統計相關數據","",""
"=""5244""","弘凱","無，無統計相關數據","",""
"=""5258""","虹堡","無，無統計相關數據","",""
"=""5269""","祥碩","0.0000","111/1/1~12/31, 範圍:祥碩總公司辦公室",""
"=""5283""","禾聯碩","無，尚在評估規畫中","",""
"=""5284""","jpp-KY","無，無統計相關數據","","ISO 14001"
"=""5285""","界霖","無，無統計相關數據","",""
"=""5288""","豐祥-KY","0.0000","主要營運孫公司台灣豐祥及越南VPIC1","ISO 14001"
"=""5306""","桂盟","0.0000","母公司及合併財務報表之子公司(桂盟企業)",""
"=""5388""","中磊","0.0000","本公司(台北辦公室+&#12149;南廠)",""
"=""5434""","崇越","無，規劃中(預計2024年始逐步導入使用)","",""
"=""5469""","瀚宇博","無，無使用再生能源","",""
"=""5471""","松翰","無，無使用","",""
"=""5484""","慧友","無，本公司並未使用再生能源","",""
"=""5515""","建國","無，無統計相關數據","",""
"=""5519""","隆大","無，無統計相關數據","",""
"=""5521""","工信","無，無統計相關數據","",""
"=""5522""","遠雄","無，無統計相關數據","",""
"=""5525""","順天","無，外購電力","",""
"=""5531""","鄉林","無，無統計相關數據","",""
"=""5533""","皇鼎","無，無統計相關數據","",""
"=""5534""","長虹","無，無統計相關數據","",""
"=""5538""","東明-KY","無，母公司為控股公司","",""
"=""5546""","永固-KY","無，無統計相關數據","",""
"=""5607""","遠雄港","無，因2023年為本公司盤查起始年","",""
"=""5608""","四維航","0.0000","本公司於申報年度未使用再生能源，故不適用",""
"=""5706""","鳳凰","無，無統計相關數據","",""
"=""5871""","中租-KY","29.5500","內湖總公司","ISO 9001"
"=""5876""","上海商銀","2.1483","僅母公司","ISO 9001"
"=""5880""","合庫金","0.0803","2022年總行大樓太陽能自發自用/2022年全集團用電量","ISO 9001"
"=""5906""","台南-KY","無，無統計相關數據","",""
"=""5907""","大洋-KY","無，無統計相關數據","",""
"=""6005""","群益證","無，無統計相關數據","",""
"=""6024""","群益期","無，無使用再生能源","",""
"=""6108""","競國","無，無使用再生能源","",""
"=""6112""","邁達特","無，無統計相關數據","",""
"=""6115""","鎰勝","無，無統計相關數據","",""
"=""6116""","彩晶","無，母公司的南科廠設置太陽能皆屬外售電力，因此為零","","ISO 9001"
"=""6117""","迎廣","0.0000","母公司","ISO 9001"
"=""6120""","達運","5.3300","包含本公司及合併財務報表內子公司",""
"=""6128""","上福","無，目前太陽能發電無廠內自用","",""
"=""6133""","金橋","無，無統計相關數據","",""
"=""6136""","富爾特","無，無統計相關數據","",""
"=""6139""","亞翔","無，公司沒有生產產品。","",""
"=""6141""","柏承","2.1322","昆山子公司廠區",""
"=""6142""","友勁","無，無統計相關數據","",""
"=""6152""","百一","無，無統計相關數據","",""
"=""6153""","嘉聯益","無，無統計相關數據","",""
"=""6155""","鈞寶","無，無統計相關數據","",""
"=""6164""","華興","無，無統計相關數據","",""
"=""6165""","浪凡","無，無統計相關數據","",""
"=""6166""","凌華","無，無統計相關數據","",""
"=""6168""","宏齊","無，無統計相關數據","",""
"=""6176""","瑞儀","2.6000","台灣與中國大陸製造廠區",""
"=""6177""","達麗","無，無統計相關數據","",""
"=""6183""","關貿","無，總公司位於南港軟體園區,各進駐戶無法獨立設置相關設備","",""
"=""6184""","大豐電","無，無統計相關數據","",""
"=""6189""","豐藝","無，無統計相關數據","",""
"=""6191""","精成科","無，無統計相關數據","",""
"=""6192""","巨路","無，無統計相關數據","",""
"=""6196""","帆宣","22.6000","母公司-南科廠區","ISO 9001"
"=""6197""","佳必琪","無，無統計相關數據","",""
"=""6201""","亞弘電","無，無統計相關數據","",""
"=""6202""","盛群","無，無統計相關數據","",""
"=""6205""","詮欣","0.0000","母公司",""
"=""6206""","飛捷","無，飛捷於111年首次評估使用再生能源, 規劃113年開始購買綠電,並視執行情形, 再擴大未來的投資。","",""
"=""6209""","今國光","無，無統計相關數據","",""
"=""6213""","聯茂","無，無統計相關數據","","ISO 9001"
"=""6214""","精誠","1.4740","僅母公司","ISO 9001"
"=""6215""","和椿","0.0000","台灣全部公司",""
"=""6216""","居易","無，無統計相關數據","",""
"=""6224""","聚鼎","無，無統計相關數據","",""
"=""6225""","天瀚","無，詳年報說明","",""
"=""6226""","光鼎","無，無統計相關數據","",""
"=""6230""","尼得科超眾","無，無統計相關數據","",""
"=""6235""","華孚","無，無統計相關數據","",""
"=""6239""","力成","0.0200","僅台灣地區力成科技","ISO 9001"
"=""6243""","迅杰","無，無統計相關數據","",""
"=""6257""","矽格","0.0000","矽格北興廠區 中興廠區 湖口廠區",""
"=""6269""","台郡","無，台郡科技於2022年經評估再生能源建置之可行性後，因考量建置太陽能電廠期程過長，故調整計畫方向，短期目標先以建置儲能設備、購買再生能源(風力、太陽能)等，作為暫時解決電力空缺問題，並計劃於2023年購買 1 MW再生能源。另相對於自建電廠，儲能設備占地面積較小，且建置時間較短，且可當廠內備用電源，提升廠內電力品質及穩定用電安全；中期目標評估購買再生能源、儲能與自建電廠或其他再生能源發電之技術成本比較，並尋找其他可替代之方案，嘗試找出最符合成本效益之方式進行後續建置規劃；長期目標以自建電廠或其他替代方案為方向，評估所需要之土地面積、硬體設備、環境需求等，以求達到再生能源自發自用，再進一步評估轉供販售之可行性，最終達成再生能源使用最大化。本公司也於2022年9月5日宣布加入由氣候組織與碳揭露計畫所主導的全球再生能源倡議RE100，為符合RE100全球再生能源倡議之目標--2040年再生能源使用率達100%。","",""
"=""6271""","同欣電","無，111年無使用再生能源，規劃112年啟動。","",""
"=""6277""","宏正","無，無統計相關數據","",""
"=""6278""","台表科","無，無統計相關數據","",""
"=""6281""","全國電","無，無統計相關數據","",""
"=""6282""","康舒","5.6900","包含合併財務報表之母子公司","ISO 9001"
"=""6283""","淳安","無，無統計相關數據","",""
"=""6285""","啟碁","6.6500","再生能源使用率計算範圍為碁總部、力行廠、南科廠、佳、新、基永昌（昆山）、基永昌（昆山）、越南廠。","ISO 9001"
"=""6288""","聯嘉","無，尚未建置。","",""
"=""6405""","悅城","無，無建置再生能源設施","",""
"=""6409""","旭隼","0.0000","1.旭隼科技主要業務為不斷電系統、太陽能產品、儲能系統、變頻器、電動車充電樁等產品 2.旭隼科技於生產製造，並未使用再生能源 ，也未使用煤炭/褐媒、天然氣、原油/柴油。 3.旭隼科技產品壽命結束後，再使用或者再生利用率均超過80%，可回收利用率均超過70%，符合歐盟WEEE指令的最新要求。 4.依IRENA的1.5°C路徑情境分析，到2050年前，按技術途徑劃分的全球二氧化碳減排量，25％依賴能源效率、25 ％依賴再生能源；而旭隼科技所有產品都具有能源效率效益、太陽能產品兼具能源效率以及再生能源效益；稱之為永續性產品。 5.請參閱本公司ESG報告及TCFD報告","ISO 14001"
"=""6412""","群電","9.4600","使用太陽能發電與購買綠電憑證","ISO 9001"
"=""6414""","樺漢","無，無統計相關數據","","ISO 14001"
"=""6415""","矽力*-KY","無，公司主要為研發和辦公，為統計再生能源使用率","",""
"=""6416""","瑞祺電通","無，無統計相關數據","",""
"=""6426""","統新","無，無統計相關數據","",""
"=""6431""","光麗-KY","無，未達盤查標準，尚未開始盤查。","",""
"=""6438""","迅得","無，無統計相關數據","",""
"=""6442""","光聖","無，無統計相關數據","",""
"=""6443""","元晶","0.0000","廠區用電來源為台電，廠區太陽能光電售於台電無列入",""
"=""6446""","藥華藥","無，台中廠因為承租廠房非自有土地，暫無設置相關設施。","",""
"=""6449""","鈺邦","無，無統計相關數據","",""
"=""6451""","訊芯-KY","4.0000","2022.1~2022.12訊芯電子科技(中山)有限公司及訊芸電子科技(中山)有限公司之廣東省中山市廠區","ISO 14001"
"=""6456""","GIS-KY","95.2900","本公司及子公司所有廠區","ISO 9001"
"=""6464""","台數科","無，本公司111年度再生能源設備未建置完成，因此無再生能源使用率。","",""
"=""6472""","保瑞","無，無統計相關數據","",""
"=""6477""","安集","無，無統計相關數據","",""
"=""6491""","晶碩","無，無統計相關數據","",""
"=""6504""","南六","無，無統計相關數據","",""
"=""6505""","台塑化","0.0000","母公司",""
"=""6515""","穎崴","無，無使用再生能源","",""
"=""6525""","捷敏-KY","無，無統計相關數據","",""
"=""6531""","愛普*","無，無統計相關數據","",""
"=""6533""","晶心科","無，無統計相關數據","",""
"=""6541""","泰福-KY","無，無使用再生能源","",""
"=""6550""","北極星藥業-KY","無，無統計相關數據","",""
"=""6552""","易華電","無，無統計相關數據","",""
"=""6558""","興能高","無，無統計相關數據","",""
"=""6573""","虹揚-KY","無，無統計相關數據","",""
"=""6579""","研揚","無，公司並未使用再生能源","",""
"=""6581""","鋼聯","8.3111","僅母公司",""
"=""6582""","申豐","無，無統計相關數據","",""
"=""6585""","鼎基","無，無統計相關數據","",""
"=""6591""","動力-KY","無，無統計相關數據","",""
"=""6592""","和潤企業","無，詳年報說明","",""
"=""6598""","ABC-KY","無，無統計相關數據","",""
"=""6605""","帝寶","無，無統計相關數據","",""
"=""6606""","建德工業","無，無統計相關數據","",""
"=""6625""","必應","無，無統計相關數據","",""
"=""6641""","基士德-KY","50.2380","合併報表之子公司之一-川源(中國)平湖廠區",""
"=""6655""","科定","無，無統計相關數據","",""
"=""6657""","華安","無，無統計相關數據","",""
"=""6666""","羅麗芬-KY","無，無統計相關數據","","ISO 9001"
"=""6668""","中揚光","無，無使用再生資源","",""
"=""6669""","緯穎","27.7300","母公司及全球主要營運與製造廠區(緯穎科技墨西哥子公司)","ISO 9001"
"=""6670""","復盛應用","0.7800","桃園廠",""
"=""6671""","三能-KY","0.0000","合併財務報表之母子公司",""
"=""6672""","騰輝電子-KY","無，無統計相關數據","",""
"=""6674""","鋐寶科技","無，無統計相關數據","",""
"=""6689""","伊雲谷","2.4217","母公司",""
"=""6691""","洋基工程","無，無統計相關數據","",""
"=""6695""","芯鼎","無，無統計相關數據","",""
"=""6698""","旭暉應材","無，無統計相關數據","",""
"=""6706""","惠特","無，本公司不適用","",""
"=""6715""","嘉基","無，無統計相關數據","",""
"=""6719""","力智","無，無再生能源","",""
"=""6743""","安普新","無，無統計相關數據","",""
"=""6753""","龍德造船","無，無統計相關數據","",""
"=""6754""","匯僑設計","無，無統計相關數據","",""
"=""6756""","威鋒電子","無，無統計相關數據","",""
"=""6768""","志強-KY","無，無統計相關數據","",""
"=""6770""","力積電","0.0000","母公司","ISO 9001"
"=""6776""","展碁國際","0.0000","申報公司及100%持股子公司及博瑞達總部",""
"=""6781""","AES-KY","54.0000","資料涵蓋範圍包含合併財務報表之母子公司，使用太陽能發電與購買綠電憑證",""
"=""6782""","視陽","6.2800","範疇二",""
"=""6789""","采鈺","36.6000","采鈺新竹廠區","ISO 9001"
"=""6790""","永豐實","無，為了發展再生能源，本公司陸續於台灣生產據點擴增太陽能發電系統。目前在臺灣紙品工廠楊梅廠及清水廠出租屋頂供第三方使用，或售予台電。預計2023年底逐步轉為自發自用。","","ISO 9001"
"=""6792""","詠業","0.0000","母公司",""
"=""6796""","晉弘","無，無統計相關數據","",""
"=""6799""","來頡","無，未使用再生能源","",""
"=""6806""","森崴能源","0.6000","涵蓋森崴能源母公司頂埔大樓8F總部及一處台南歸仁辦公室據點，另本公司無直接使用再生能源，使用電力皆來自台電供電，另有購買2022年綠電憑證(T-REC)2張，共2,000度電。",""
"=""6807""","峰源-KY","19.3548","主要生產基地",""
"=""6830""","汎銓","0.0000","合併財務報表之母子公司",""
"=""6834""","天二科技","無，尚未開始使用再生能源","",""
"=""6835""","圓裕","無，無統計相關數據","",""
"=""6838""","台新藥","N/A","N/A",""
"=""6854""","錼創科技-KY創","無，目前無使用再生能源","",""
"=""6861""","睿生光電","0.0000","僅母公司",""
"=""6862""","三集瑞-KY","N/A","N/A",""
"=""6863""","永道-KY","無，無統計相關數據","",""
"=""6869""","雲豹能源","無，無統計相關數據","",""
"=""6873""","泓德能源","11.0000","包含合併財務報表之母子公司",""
"=""6919""","康霈*","N/A","N/A",""
"=""6923""","中台","N/A","N/A",""
"=""6958""","日盛台駿","N/A","N/A",""
"=""6962""","ITH-KY","N/A","N/A",""
"=""6969""","成信實業*-創","N/A","N/A",""
"=""6988""","威力暘-創","N/A","N/A",""
"=""7705""","三商餐飲","N/A","N/A",""
"=""8011""","台通","無，無統計相關數據","",""
"=""8016""","矽創","無，詳年報說明","",""
"=""8021""","尖點","0.2100","僅母公司",""
"=""8028""","昇陽半導體","無，本司無使用再生能源","",""
"=""8033""","雷虎","無，無統計相關數據","",""
"=""8039""","台虹","無，無統計相關數據","",""
"=""8046""","南電","0.0000","母公司",""
"=""8070""","長華*","0.0000","包含合併財務報表之母子公司",""
"=""8072""","陞泰","無，無統計相關數據","",""
"=""8081""","致新","無，無統計相關數據","",""
"=""8101""","華冠","無，無統計相關數據","",""
"=""8103""","瀚荃","無，無統計相關數據","",""
"=""8104""","錸寶","1.4400","母公司-錸寶",""
"=""8105""","凌巨","無，無統計相關數據","",""
"=""8110""","華東","無，預計於112年底前完成建置太陽能發電系統","",""
"=""8112""","至上","無，無統計相關數據","",""
"=""8114""","振樺電","無，無統計相關數據","",""
"=""8131""","福懋科","無，暫未設置或購買再生能源，預計於2024年購買再生能源13,284,048度電。","","ISO 9001"
"=""8150""","南茂","0.0017","母公司(台灣六個廠區)","ISO 9001"
"=""8163""","達方","5.1817","母公司(台灣廠區及中國廠區)",""
"=""8201""","無敵","0.0000","母公司",""
"=""8210""","勤誠","5.4000","邊界為總部/嘉義廠/勤昆廠/前盛廠",""
"=""8213""","志超","無，無統計相關數據","",""
"=""8215""","明基材","13.0930","包含合併財務報表之母子公司","ISO 9001"
"=""8222""","寶一","無，無統計相關數據","",""
"=""8249""","菱光","無，無統計相關數據","",""
"=""8261""","富鼎","無，無統計相關數據","",""
"=""8271""","宇瞻","無，無使用再生能源","",""
"=""8341""","日友","無，無統計相關數據","",""
"=""8367""","建新國際","無，無統計相關數據","",""
"=""8374""","羅昇","無，無統計相關數據","",""
"=""8404""","百和興業-KY","36.2991","江蘇百宏複合材料科技股份有限公司(原公司名稱:無錫百和織造股份有限公司)、東莞百宏實業有限公司、越南百宏責任有限公司",""
"=""8411""","福貞-KY","無，福貞重要子公司皆陸續設有屋頂型太陽能發電系統，目前是將綠電轉賣給當地電網，後續視營運狀況有可能轉為自用。","",""
"=""8422""","可寧衛","無，太陽能發電躉售台電","","ISO 9001"
"=""8429""","金麗-KY","無，無統計相關數據","",""
"=""8438""","昶昕","無，公司能源為外購自「大園汽電共生股份有限公司」及「更安立有限公司」其皆採再生能源。","",""
"=""8442""","威宏-KY","無，無統計相關數據","",""
"=""8443""","阿瘦","無，不適用","",""
"=""8454""","富邦媒","無，目前規劃建置的南區物流中心評估設置太陽能板，透過自建再生能源系統","",""
"=""8462""","柏文","無，無統計相關數據","",""
"=""8463""","潤泰材","無，尚未使用再生能源","",""
"=""8464""","億豐","無，2022年資料盤查中。","",""
"=""8466""","美吉吉-KY","無，無統計相關數據","",""
"=""8467""","波力-KY","15.6000","2022年","ISO 14001"
"=""8473""","山林水","無，無統計相關數據","",""
"=""8476""","台境*","無，無統計相關數據","",""
"=""8478""","東哥遊艇","無，無統計相關數據","",""
"=""8481""","政伸","2.8800","僅母公司",""
"=""8482""","商億-KY","無，無統計相關數據","",""
"=""8488""","吉源-KY","無，無統計相關數據","",""
"=""8499""","鼎炫-KY","無，無統計相關數據","",""
"=""8926""","台汽電","無，本公司台北辦公室現為租賃場域，因無獨立電表故無法單獨申請綠電轉供；官田汽電共生廠於廠房屋頂設置太陽能板，惟目前全數躉售台電公司。","",""
"=""8940""","新天地","無，無統計相關數據","",""
"=""8996""","高力","無，躉售給台電","",""
"=""9103""","美德醫療-DR","N/A","N/A",""
"=""910322""","康師傅-DR","N/A","N/A",""
"=""9105""","泰金寶-DR","N/A","N/A",""
"=""910861""","神州-DR","N/A","N/A",""
"=""9110""","越南控-DR","N/A","N/A",""
"=""911608""","明輝-DR","N/A","N/A",""
"=""911622""","泰聚亨-DR","N/A","N/A",""
"=""911868""","同方友友-DR","N/A","N/A",""
"=""912000""","晨訊科-DR","N/A","N/A",""
"=""9136""","巨騰-DR","N/A","N/A",""
"=""9802""","鈺齊-KY","3.8633","台灣總部、中國和誠廠、柬埔寨齊鼎廠、越南鈺齊廠",""
"=""9902""","台火","無，無統計相關數據","",""
"=""9904""","寶成","12.7419","本公司製鞋廠區","ISO 14001"
"=""9905""","大華","無，無統計相關數據","",""
"=""9906""","欣巴巴","無，無統計相關數據","",""
"=""9907""","統一實","無，目前無使用再生能源。","",""
"=""9908""","大台北","無，無統計相關數據","","ISO 9001"
"=""9910""","豐泰","12.7179","包含合併財務報表之母子公司",""
"=""9911""","櫻花","無，無統計相關數據","",""
"=""9912""","偉聯","無，無統計相關數據","",""
"=""9914""","美利達","0.0000","僅母公司",""
"=""9917""","中保科","無，無統計相關數據","",""
"=""9918""","欣天然","無，無統計相關數據","",""
"=""9919""","康那香","無，無統計相關數據","",""
"=""9921""","巨大","7.3300","巨大集團大中華區所有自行車生產據點",""
"=""9924""","福興","無，無統計相關數據","",""
"=""9925""","新保","無，無統計相關數據","",""
"=""9926""","新海","無，無統計相關數據","",""
"=""9927""","泰銘","無，無統計相關數據","",""
"=""9928""","中視","無，無統計相關數據","",""
"=""9929""","秋雨","無，無統計相關數據","",""
"=""9930""","中聯資源","無，自112年3月起購買再生能源及憑證","","ISO 9001"
"=""9931""","欣高","無，無統計相關數據","",""
"=""9933""","中鼎","2.0000","母公司總部大樓","ISO 14001"
"=""9934""","成霖","無，無統計相關數據","",""
"=""9935""","慶豐富","無，無統計相關數據","",""
"=""9937""","全國","0.0000","涵蓋本公司所有營運據點及出租加油站予本公司之100%子公司埔祥開發(股)公司及上員(股)公司。",""
"=""9938""","百和","2.0438","僅母公司","ISO 9001"
"=""9939""","宏全","無，無統計相關數據","",""
"=""9940""","信義","3.0852","信義房屋股份有限公司","ISO 14001"
"=""9941""","裕融","0.0000","母公司+子公司新鑫、裕富數位",""
"=""9942""","茂順","無，無統計相關數據","",""
"=""9943""","好樂迪","無，無統計相關數據","",""
"=""9944""","新麗","無，無統計相關數據","",""
"=""9945""","潤泰新","無，目前尚未使用再生能源","",""
"=""9946""","三發地產","無，無統計相關數據","",""
"=""9955""","佳龍","無，無統計相關數據","",""
"=""9958""","世紀鋼","無，無統計相關數據","","ISO 9001"